transaction_id,payment_method,device_type,city_tier,network_type,hour_of_day,amount,amount_bucket,past_failed_attempts,success
TXN_010000,UPI,Android,Tier 2,Wifi,6,5986.27,high,0,1
TXN_010001,PayLater,Android,Tier 2,Wifi,14,411.16,low,0,0
TXN_010002,Card,Android,Tier 1,4G,5,9605.3,high,0,1
TXN_010003,Card,iOS,Tier 3,4G,20,545.0,med,0,1
TXN_010004,UPI,Android,Tier 3,Wifi,20,5869.16,high,1,1
TXN_010005,UPI,Desktop,Tier 2,5G,13,4228.72,high,1,1
TXN_010006,UPI,Android,Tier 2,Wifi,14,1068.31,med,0,1
TXN_010007,Netbanking,iOS,Tier 2,Wifi,22,200.3,low,0,1
TXN_010008,Card,Android,Tier 1,4G,10,320.04,low,0,1
TXN_010009,Card,Desktop,Tier 1,4G,21,649.82,med,0,1
TXN_010010,UPI,Desktop,Tier 2,4G,3,1358.58,med,0,1
TXN_010011,PayLater,Android,Tier 3,5G,22,311.09,low,0,1
TXN_010012,Netbanking,iOS,Tier 1,4G,4,123.29,low,1,1
TXN_010013,UPI,iOS,Tier 2,5G,22,862.43,med,0,1
TXN_010014,UPI,Android,Tier 3,Wifi,22,294.09,low,0,1
TXN_010015,UPI,Android,Tier 1,4G,1,370.7,low,0,0
TXN_010016,UPI,Android,Tier 1,3G,19,399.43,low,0,1
TXN_010017,UPI,iOS,Tier 2,5G,14,976.02,med,0,0
TXN_010018,UPI,Android,Tier 1,Wifi,9,1940.05,med,1,1
TXN_010019,UPI,Android,Tier 1,4G,3,5169.64,high,3,1
TXN_010020,Card,Android,Tier 1,4G,22,188.01,low,1,0
TXN_010021,UPI,Android,Tier 1,4G,7,474.28,low,0,1
TXN_010022,UPI,iOS,Tier 3,4G,10,1846.24,med,0,1
TXN_010023,UPI,Desktop,Tier 2,4G,16,951.01,med,1,1
TXN_010024,UPI,Android,Tier 2,Wifi,6,261.28,low,2,1
TXN_010025,Netbanking,Android,Tier 2,4G,10,2876.33,high,0,1
TXN_010026,UPI,iOS,Tier 3,3G,21,928.82,med,0,1
TXN_010027,UPI,Android,Tier 1,5G,9,6895.7,high,0,1
TXN_010028,Card,Android,Tier 1,4G,0,1051.31,med,1,0
TXN_010029,UPI,Android,Tier 3,5G,7,489.41,low,1,1
TXN_010030,Card,Android,Tier 3,3G,4,499.87,low,0,0
TXN_010031,UPI,Android,Tier 1,5G,12,159.96,low,1,1
TXN_010032,UPI,iOS,Tier 1,4G,6,4966.41,high,3,1
TXN_010033,Wallet,Android,Tier 2,Wifi,23,793.89,med,0,1
TXN_010034,PayLater,iOS,Tier 1,4G,22,101.9,low,0,1
TXN_010035,Netbanking,Android,Tier 2,5G,10,2669.37,high,1,0
TXN_010036,UPI,Android,Tier 1,5G,11,245.12,low,0,1
TXN_010037,UPI,iOS,Tier 1,4G,13,1742.41,med,2,1
TXN_010038,Card,Android,Tier 2,4G,11,500.6,med,0,0
TXN_010039,UPI,Android,Tier 3,Wifi,0,1688.5,med,0,1
TXN_010040,UPI,Android,Tier 2,Wifi,5,167.49,low,0,1
TXN_010041,UPI,Android,Tier 1,5G,10,1253.0,med,0,1
TXN_010042,UPI,iOS,Tier 3,4G,10,345.04,low,4,1
TXN_010043,Wallet,Android,Tier 2,4G,11,104.35,low,0,1
TXN_010044,UPI,iOS,Tier 1,4G,0,1836.67,med,0,1
TXN_010045,Card,Android,Tier 1,5G,19,721.47,med,0,1
TXN_010046,UPI,Android,Tier 1,4G,19,426.87,low,0,1
TXN_010047,UPI,Desktop,Tier 2,4G,23,472.12,low,1,1
TXN_010048,UPI,iOS,Tier 2,4G,5,1967.46,med,1,1
TXN_010049,UPI,Android,Tier 1,5G,22,925.79,med,2,0
TXN_010050,PayLater,Android,Tier 1,Wifi,12,1805.38,med,0,1
TXN_010051,Netbanking,Android,Tier 1,5G,11,902.4,med,0,0
TXN_010052,Wallet,Android,Tier 2,5G,9,2916.99,high,1,1
TXN_010053,Wallet,iOS,Tier 1,4G,22,167.31,low,1,1
TXN_010054,Card,iOS,Tier 1,4G,6,155.67,low,0,1
TXN_010055,Wallet,Android,Tier 3,5G,9,1676.6,med,0,1
TXN_010056,UPI,iOS,Tier 2,5G,17,2967.25,high,0,1
TXN_010057,UPI,Android,Tier 1,4G,5,1611.38,med,1,1
TXN_010058,UPI,Android,Tier 2,5G,23,3454.71,high,0,1
TXN_010059,UPI,Android,Tier 1,Wifi,7,2716.32,high,0,1
TXN_010060,UPI,Desktop,Tier 2,5G,19,1274.03,med,0,1
TXN_010061,UPI,iOS,Tier 2,5G,22,89.57,low,0,0
TXN_010062,Netbanking,Android,Tier 2,Wifi,8,774.24,med,0,1
TXN_010063,UPI,Android,Tier 2,4G,15,555.2,med,0,1
TXN_010064,UPI,Desktop,Tier 1,5G,23,1696.97,med,0,1
TXN_010065,UPI,Android,Tier 2,Wifi,1,1795.07,med,0,1
TXN_010066,UPI,Android,Tier 1,4G,10,140.55,low,0,1
TXN_010067,Netbanking,Desktop,Tier 1,4G,23,196.88,low,0,1
TXN_010068,UPI,iOS,Tier 3,5G,18,50.28,low,0,1
TXN_010069,PayLater,Android,Tier 2,4G,3,6618.02,high,3,0
TXN_010070,Netbanking,Android,Tier 3,5G,2,1730.55,med,1,0
TXN_010071,UPI,Android,Tier 1,4G,14,529.87,med,0,1
TXN_010072,UPI,Android,Tier 2,5G,7,1166.45,med,0,1
TXN_010073,Netbanking,Desktop,Tier 1,5G,3,1384.04,med,0,0
TXN_010074,Card,Android,Tier 2,4G,10,2154.81,high,1,0
TXN_010075,Card,iOS,Tier 1,4G,16,83.33,low,0,0
TXN_010076,Netbanking,Android,Tier 1,4G,8,329.98,low,0,1
TXN_010077,UPI,Android,Tier 1,4G,0,1180.92,med,0,1
TXN_010078,UPI,Android,Tier 2,4G,7,937.99,med,0,1
TXN_010079,UPI,iOS,Tier 1,4G,1,1773.65,med,0,1
TXN_010080,Netbanking,Android,Tier 3,Wifi,22,183.9,low,0,1
TXN_010081,Card,Android,Tier 1,5G,12,632.47,med,0,1
TXN_010082,UPI,Android,Tier 1,4G,0,823.44,med,1,1
TXN_010083,UPI,Android,Tier 1,4G,21,1884.45,med,0,1
TXN_010084,UPI,Android,Tier 3,4G,9,1244.99,med,0,1
TXN_010085,UPI,Android,Tier 1,5G,11,301.13,low,0,1
TXN_010086,Card,Android,Tier 1,4G,10,3385.9,high,0,1
TXN_010087,Card,Android,Tier 2,4G,9,470.69,low,1,0
TXN_010088,Wallet,Android,Tier 1,4G,13,285.54,low,0,1
TXN_010089,UPI,Android,Tier 2,3G,13,1024.64,med,0,1
TXN_010090,UPI,Android,Tier 1,5G,7,332.47,low,0,1
TXN_010091,Card,Android,Tier 2,Wifi,10,3211.72,high,0,1
TXN_010092,Netbanking,Android,Tier 1,4G,21,4807.47,high,0,1
TXN_010093,Card,iOS,Tier 2,4G,8,513.61,med,0,0
TXN_010094,Netbanking,Android,Tier 2,4G,14,295.63,low,0,1
TXN_010095,UPI,Android,Tier 2,Wifi,0,1863.66,med,1,1
TXN_010096,UPI,Android,Tier 2,4G,18,975.41,med,1,1
TXN_010097,UPI,iOS,Tier 3,4G,17,394.61,low,0,1
TXN_010098,UPI,iOS,Tier 1,4G,11,604.61,med,2,1
TXN_010099,UPI,Android,Tier 1,5G,7,811.21,med,0,1
TXN_010100,UPI,Android,Tier 2,4G,4,136.03,low,0,1
TXN_010101,Card,Android,Tier 2,5G,12,2637.74,high,0,0
TXN_010102,UPI,Desktop,Tier 1,3G,16,298.16,low,1,1
TXN_010103,UPI,iOS,Tier 2,4G,0,502.26,med,0,1
TXN_010104,Wallet,Android,Tier 1,5G,1,995.71,med,0,1
TXN_010105,UPI,iOS,Tier 2,5G,6,3003.15,high,0,1
TXN_010106,UPI,iOS,Tier 3,Wifi,1,8355.0,high,0,1
TXN_010107,Netbanking,Android,Tier 2,4G,21,643.2,med,2,0
TXN_010108,UPI,Android,Tier 1,4G,3,2845.44,high,0,1
TXN_010109,UPI,Android,Tier 2,5G,12,470.98,low,0,1
TXN_010110,UPI,Android,Tier 2,4G,13,1751.74,med,2,1
TXN_010111,UPI,iOS,Tier 1,Wifi,19,460.05,low,0,1
TXN_010112,Wallet,Android,Tier 2,5G,2,121.32,low,0,0
TXN_010113,Netbanking,iOS,Tier 3,5G,8,2824.89,high,0,0
TXN_010114,Card,Desktop,Tier 1,4G,17,383.34,low,0,1
TXN_010115,Wallet,Android,Tier 1,5G,15,1181.18,med,0,1
TXN_010116,Netbanking,Android,Tier 1,5G,18,127.41,low,0,1
TXN_010117,UPI,iOS,Tier 2,5G,19,181.98,low,2,1
TXN_010118,Wallet,iOS,Tier 3,4G,8,98.43,low,1,1
TXN_010119,UPI,iOS,Tier 2,Wifi,18,1335.76,med,0,1
TXN_010120,Netbanking,Android,Tier 1,4G,5,280.01,low,1,1
TXN_010121,Wallet,Android,Tier 2,4G,11,4970.91,high,0,0
TXN_010122,UPI,Android,Tier 2,3G,14,142.65,low,0,1
TXN_010123,UPI,Desktop,Tier 2,5G,20,1125.93,med,3,1
TXN_010124,UPI,Android,Tier 1,4G,5,77.57,low,0,1
TXN_010125,UPI,Desktop,Tier 2,Wifi,4,11593.95,ultra_high,0,1
TXN_010126,Netbanking,Android,Tier 2,4G,13,205.68,low,1,1
TXN_010127,Netbanking,Desktop,Tier 1,4G,18,1909.17,med,0,1
TXN_010128,UPI,Android,Tier 2,5G,17,462.32,low,0,1
TXN_010129,UPI,Android,Tier 3,4G,12,2098.22,high,0,1
TXN_010130,UPI,Android,Tier 1,Wifi,8,250.24,low,0,1
TXN_010131,UPI,Android,Tier 3,Wifi,19,1038.71,med,0,1
TXN_010132,UPI,Android,Tier 1,4G,21,431.49,low,0,1
TXN_010133,UPI,Android,Tier 2,Wifi,20,22154.88,ultra_high,0,1
TXN_010134,Wallet,Android,Tier 1,4G,6,281.03,low,0,1
TXN_010135,UPI,Android,Tier 1,5G,20,238.95,low,4,0
TXN_010136,UPI,iOS,Tier 2,Wifi,11,5789.43,high,1,1
TXN_010137,Card,Android,Tier 2,Wifi,8,2123.45,high,0,1
TXN_010138,UPI,Android,Tier 2,4G,1,333.27,low,0,1
TXN_010139,PayLater,iOS,Tier 2,4G,2,1003.43,med,0,1
TXN_010140,PayLater,Android,Tier 2,4G,4,1043.17,med,1,1
TXN_010141,UPI,Desktop,Tier 3,5G,17,1224.0,med,0,1
TXN_010142,UPI,Android,Tier 2,5G,13,2199.63,high,0,1
TXN_010143,UPI,Android,Tier 1,4G,21,227.64,low,0,1
TXN_010144,UPI,Android,Tier 1,4G,18,1203.87,med,0,1
TXN_010145,UPI,Android,Tier 1,Wifi,20,597.12,med,1,1
TXN_010146,Card,Android,Tier 2,4G,4,42.54,low,0,1
TXN_010147,UPI,Android,Tier 1,4G,9,472.54,low,1,1
TXN_010148,UPI,Android,Tier 1,Wifi,15,471.9,low,0,0
TXN_010149,UPI,Android,Tier 1,4G,23,2439.71,high,0,1
TXN_010150,Wallet,Android,Tier 2,Wifi,19,4017.72,high,1,1
TXN_010151,UPI,Android,Tier 1,4G,0,1870.93,med,0,1
TXN_010152,UPI,Android,Tier 1,4G,20,70.23,low,0,1
TXN_010153,UPI,Android,Tier 2,4G,3,10939.07,ultra_high,0,1
TXN_010154,PayLater,Android,Tier 2,5G,4,3347.42,high,1,0
TXN_010155,UPI,Android,Tier 1,5G,10,810.78,med,1,1
TXN_010156,Card,Android,Tier 2,4G,13,1078.67,med,0,1
TXN_010157,Netbanking,Android,Tier 1,5G,23,1608.03,med,2,0
TXN_010158,UPI,Android,Tier 3,4G,10,1022.99,med,0,1
TXN_010159,Card,Android,Tier 1,4G,23,2464.4,high,3,1
TXN_010160,UPI,Android,Tier 3,3G,7,5041.79,high,4,0
TXN_010161,Card,Android,Tier 3,Wifi,0,90.33,low,1,1
TXN_010162,Card,Android,Tier 2,Wifi,6,578.35,med,0,1
TXN_010163,UPI,Android,Tier 1,5G,12,1428.27,med,0,1
TXN_010164,UPI,Android,Tier 2,4G,19,193.07,low,0,1
TXN_010165,Netbanking,Android,Tier 1,5G,5,11524.2,ultra_high,0,0
TXN_010166,UPI,iOS,Tier 3,Wifi,3,36.31,low,1,1
TXN_010167,UPI,iOS,Tier 3,4G,11,388.58,low,2,0
TXN_010168,UPI,Android,Tier 3,4G,4,2010.69,high,4,1
TXN_010169,Card,Android,Tier 2,4G,4,13209.57,ultra_high,0,1
TXN_010170,Card,Android,Tier 2,4G,16,1301.86,med,0,1
TXN_010171,UPI,iOS,Tier 2,4G,5,1847.87,med,0,1
TXN_010172,UPI,Android,Tier 1,3G,9,454.26,low,0,1
TXN_010173,UPI,Desktop,Tier 2,5G,15,9879.79,high,0,1
TXN_010174,Card,Android,Tier 2,4G,23,6927.91,high,0,1
TXN_010175,UPI,Android,Tier 3,5G,20,2454.36,high,0,1
TXN_010176,Card,Android,Tier 2,4G,13,45.57,low,0,1
TXN_010177,UPI,Android,Tier 3,5G,9,1041.51,med,1,1
TXN_010178,Wallet,Android,Tier 3,Wifi,21,417.18,low,0,1
TXN_010179,UPI,Android,Tier 2,5G,20,903.79,med,0,0
TXN_010180,UPI,Android,Tier 1,5G,16,510.35,med,0,1
TXN_010181,UPI,iOS,Tier 2,4G,4,1468.56,med,0,1
TXN_010182,Wallet,Android,Tier 2,5G,1,422.08,low,2,1
TXN_010183,Wallet,Android,Tier 1,5G,3,661.28,med,0,1
TXN_010184,UPI,Android,Tier 1,Wifi,17,548.2,med,0,1
TXN_010185,Card,Android,Tier 3,5G,7,1445.12,med,0,1
TXN_010186,Netbanking,Android,Tier 1,3G,13,151.73,low,4,0
TXN_010187,Card,Android,Tier 2,Wifi,12,107.11,low,2,0
TXN_010188,UPI,Android,Tier 3,5G,6,2406.78,high,0,1
TXN_010189,UPI,Android,Tier 2,Wifi,8,543.14,med,4,1
TXN_010190,UPI,Android,Tier 2,4G,3,2205.45,high,0,1
TXN_010191,Wallet,Android,Tier 2,4G,4,2446.31,high,1,1
TXN_010192,Wallet,Desktop,Tier 2,5G,14,412.7,low,0,1
TXN_010193,Card,Android,Tier 1,4G,8,451.17,low,0,0
TXN_010194,UPI,Android,Tier 3,Wifi,17,422.44,low,1,1
TXN_010195,UPI,Android,Tier 2,4G,13,167.62,low,0,1
TXN_010196,Card,iOS,Tier 2,4G,14,123.13,low,2,0
TXN_010197,Wallet,Android,Tier 2,Wifi,0,758.29,med,0,1
TXN_010198,Wallet,Android,Tier 1,4G,18,181.66,low,0,1
TXN_010199,Netbanking,Android,Tier 3,4G,0,724.99,med,0,0
TXN_010200,Card,Android,Tier 3,4G,5,298.19,low,0,0
TXN_010201,UPI,iOS,Tier 1,5G,7,309.68,low,3,1
TXN_010202,UPI,Android,Tier 3,5G,3,614.46,med,0,1
TXN_010203,Wallet,iOS,Tier 2,Wifi,15,7153.26,high,0,1
TXN_010204,Card,Android,Tier 2,4G,10,5852.26,high,0,1
TXN_010205,UPI,Android,Tier 2,Wifi,3,3215.37,high,1,1
TXN_010206,UPI,iOS,Tier 1,4G,10,991.38,med,3,1
TXN_010207,Card,Android,Tier 2,4G,9,99.98,low,0,0
TXN_010208,UPI,Android,Tier 1,4G,16,3609.37,high,0,1
TXN_010209,UPI,Android,Tier 2,4G,8,394.71,low,0,1
TXN_010210,UPI,Android,Tier 2,4G,9,5950.08,high,0,1
TXN_010211,Card,Android,Tier 3,4G,7,367.79,low,0,1
TXN_010212,Card,Desktop,Tier 2,4G,13,4336.3,high,1,1
TXN_010213,UPI,Desktop,Tier 1,Wifi,12,2248.96,high,0,1
TXN_010214,Card,Android,Tier 3,4G,2,68.54,low,0,1
TXN_010215,UPI,Android,Tier 2,3G,13,2781.12,high,0,0
TXN_010216,UPI,Android,Tier 2,Wifi,13,989.08,med,1,1
TXN_010217,Card,Android,Tier 1,4G,2,182.22,low,0,1
TXN_010218,Card,Android,Tier 3,5G,15,548.24,med,0,0
TXN_010219,Netbanking,Android,Tier 3,5G,9,15786.26,ultra_high,0,1
TXN_010220,Card,Android,Tier 2,Wifi,3,80.22,low,4,1
TXN_010221,Card,Android,Tier 3,Wifi,19,973.91,med,0,1
TXN_010222,UPI,Android,Tier 1,5G,17,430.92,low,0,1
TXN_010223,UPI,Android,Tier 3,4G,3,1833.18,med,0,1
TXN_010224,UPI,iOS,Tier 2,4G,1,3220.54,high,0,1
TXN_010225,UPI,Android,Tier 1,Wifi,10,1218.27,med,0,1
TXN_010226,PayLater,Android,Tier 2,5G,14,2874.19,high,1,1
TXN_010227,UPI,Android,Tier 2,Wifi,10,271.09,low,0,1
TXN_010228,Wallet,Android,Tier 1,5G,22,775.55,med,1,1
TXN_010229,Card,Android,Tier 1,4G,20,6925.34,high,0,1
TXN_010230,Netbanking,Android,Tier 1,3G,22,410.3,low,0,0
TXN_010231,UPI,Desktop,Tier 1,Wifi,5,312.86,low,0,0
TXN_010232,Card,Android,Tier 1,4G,17,462.27,low,0,1
TXN_010233,UPI,Android,Tier 1,4G,17,1718.14,med,0,1
TXN_010234,UPI,Android,Tier 1,5G,0,899.33,med,0,1
TXN_010235,Card,Desktop,Tier 3,5G,12,2080.37,high,0,1
TXN_010236,UPI,iOS,Tier 2,4G,0,355.84,low,0,0
TXN_010237,UPI,iOS,Tier 1,4G,12,146.07,low,0,1
TXN_010238,Card,Android,Tier 3,5G,20,399.64,low,0,1
TXN_010239,UPI,Desktop,Tier 2,4G,4,163.38,low,1,1
TXN_010240,Wallet,Android,Tier 2,4G,22,1115.54,med,2,1
TXN_010241,PayLater,Android,Tier 2,5G,16,700.63,med,0,1
TXN_010242,Wallet,iOS,Tier 2,Wifi,15,1001.83,med,4,0
TXN_010243,UPI,Desktop,Tier 1,5G,20,1235.54,med,0,1
TXN_010244,UPI,Android,Tier 1,5G,17,445.32,low,3,1
TXN_010245,Wallet,Android,Tier 2,5G,9,1989.73,med,4,1
TXN_010246,UPI,Android,Tier 2,5G,16,1102.03,med,1,1
TXN_010247,PayLater,Android,Tier 2,4G,6,443.69,low,0,1
TXN_010248,PayLater,Android,Tier 1,4G,14,1472.95,med,0,1
TXN_010249,Netbanking,Desktop,Tier 2,4G,18,1436.84,med,1,1
TXN_010250,UPI,Android,Tier 2,Wifi,8,13603.66,ultra_high,0,1
TXN_010251,UPI,iOS,Tier 3,Wifi,20,1861.9,med,2,0
TXN_010252,Netbanking,iOS,Tier 1,5G,20,3293.47,high,1,1
TXN_010253,UPI,Android,Tier 3,Wifi,4,534.94,med,2,0
TXN_010254,UPI,iOS,Tier 3,Wifi,9,296.14,low,0,1
TXN_010255,Card,Android,Tier 2,Wifi,12,1803.94,med,0,1
TXN_010256,Wallet,Android,Tier 2,4G,0,368.23,low,0,1
TXN_010257,Card,Android,Tier 1,5G,20,510.47,med,1,0
TXN_010258,Card,Android,Tier 3,5G,5,159.62,low,0,1
TXN_010259,UPI,iOS,Tier 1,5G,2,928.16,med,0,1
TXN_010260,Card,Desktop,Tier 2,4G,16,645.72,med,0,1
TXN_010261,PayLater,Android,Tier 1,5G,11,644.68,med,0,1
TXN_010262,UPI,iOS,Tier 2,4G,10,2356.18,high,0,1
TXN_010263,UPI,Android,Tier 2,Wifi,7,432.27,low,0,1
TXN_010264,Wallet,iOS,Tier 3,Wifi,11,988.36,med,0,1
TXN_010265,Card,Android,Tier 2,4G,10,473.06,low,0,1
TXN_010266,Card,Android,Tier 3,4G,21,181.75,low,0,1
TXN_010267,Card,Android,Tier 2,5G,4,1173.71,med,1,0
TXN_010268,UPI,Android,Tier 1,5G,7,1530.57,med,2,1
TXN_010269,UPI,Android,Tier 1,5G,11,2316.06,high,0,1
TXN_010270,Netbanking,Desktop,Tier 2,5G,21,1574.15,med,0,1
TXN_010271,Netbanking,Android,Tier 1,Wifi,5,514.36,med,1,1
TXN_010272,Netbanking,Desktop,Tier 2,4G,8,8408.54,high,0,0
TXN_010273,Wallet,Android,Tier 1,5G,16,881.47,med,0,0
TXN_010274,UPI,Android,Tier 2,Wifi,1,960.95,med,0,1
TXN_010275,UPI,Android,Tier 2,Wifi,0,228.08,low,0,1
TXN_010276,Netbanking,iOS,Tier 2,4G,17,406.87,low,0,0
TXN_010277,Card,Android,Tier 1,4G,2,3701.55,high,2,0
TXN_010278,Card,Android,Tier 1,4G,13,1635.64,med,0,1
TXN_010279,Netbanking,Android,Tier 1,Wifi,12,233.5,low,0,1
TXN_010280,Wallet,Android,Tier 1,4G,1,222.21,low,0,1
TXN_010281,UPI,Desktop,Tier 2,4G,21,1773.03,med,0,1
TXN_010282,UPI,Android,Tier 2,4G,3,461.75,low,0,1
TXN_010283,UPI,Android,Tier 1,4G,14,5776.88,high,0,1
TXN_010284,Card,Android,Tier 2,5G,4,42921.9,ultra_high,2,0
TXN_010285,UPI,iOS,Tier 2,5G,9,1105.07,med,1,1
TXN_010286,UPI,iOS,Tier 1,5G,8,2076.52,high,0,1
TXN_010287,UPI,Android,Tier 2,4G,17,1987.09,med,0,1
TXN_010288,UPI,Android,Tier 1,4G,2,535.5,med,0,1
TXN_010289,Card,Android,Tier 2,Wifi,13,349.77,low,0,0
TXN_010290,UPI,Android,Tier 3,4G,9,99.48,low,0,1
TXN_010291,UPI,Android,Tier 1,Wifi,16,2315.71,high,0,1
TXN_010292,Netbanking,Desktop,Tier 2,4G,14,660.85,med,0,0
TXN_010293,UPI,Android,Tier 2,4G,17,262.7,low,3,0
TXN_010294,UPI,Android,Tier 1,4G,16,501.17,med,1,1
TXN_010295,UPI,iOS,Tier 2,Wifi,2,566.52,med,0,1
TXN_010296,Netbanking,Android,Tier 2,4G,15,243.38,low,1,1
TXN_010297,UPI,Android,Tier 2,5G,18,250.36,low,0,1
TXN_010298,Card,Android,Tier 2,5G,12,1114.93,med,0,1
TXN_010299,UPI,Android,Tier 3,4G,22,318.32,low,0,1
TXN_010300,UPI,Desktop,Tier 3,4G,16,294.38,low,0,1
TXN_010301,UPI,Android,Tier 2,Wifi,22,476.43,low,0,1
TXN_010302,UPI,Android,Tier 3,4G,15,62.62,low,1,1
TXN_010303,Card,Android,Tier 1,5G,8,138.24,low,1,1
TXN_010304,Card,Desktop,Tier 2,3G,23,261.36,low,0,1
TXN_010305,PayLater,Android,Tier 1,4G,20,6061.64,high,0,0
TXN_010306,UPI,Android,Tier 1,4G,11,2637.22,high,3,1
TXN_010307,UPI,Desktop,Tier 2,4G,2,928.48,med,1,1
TXN_010308,Netbanking,Android,Tier 2,4G,8,2491.32,high,0,1
TXN_010309,UPI,Android,Tier 2,4G,15,2532.02,high,4,1
TXN_010310,UPI,Android,Tier 2,5G,4,145.35,low,0,1
TXN_010311,UPI,Android,Tier 2,5G,18,161.18,low,0,1
TXN_010312,UPI,Android,Tier 2,5G,21,398.92,low,1,1
TXN_010313,PayLater,Android,Tier 1,Wifi,12,707.34,med,0,1
TXN_010314,Netbanking,Android,Tier 1,4G,1,132.72,low,0,0
TXN_010315,Card,Android,Tier 1,4G,18,1756.95,med,0,1
TXN_010316,UPI,Android,Tier 2,4G,17,1232.12,med,0,1
TXN_010317,UPI,Android,Tier 1,4G,11,3101.65,high,0,1
TXN_010318,UPI,Android,Tier 1,4G,17,391.43,low,0,1
TXN_010319,UPI,Desktop,Tier 2,4G,4,273.48,low,0,1
TXN_010320,UPI,Android,Tier 2,Wifi,19,12108.57,ultra_high,0,0
TXN_010321,Card,Desktop,Tier 2,Wifi,19,370.97,low,0,1
TXN_010322,Card,Android,Tier 1,4G,7,382.38,low,0,1
TXN_010323,UPI,Android,Tier 2,Wifi,21,412.09,low,0,1
TXN_010324,PayLater,Android,Tier 3,Wifi,15,2225.57,high,0,1
TXN_010325,Card,iOS,Tier 3,4G,1,2271.62,high,0,1
TXN_010326,Card,iOS,Tier 2,4G,12,588.86,med,0,1
TXN_010327,Card,Android,Tier 1,3G,0,3298.3,high,0,1
TXN_010328,UPI,Desktop,Tier 2,5G,4,15699.39,ultra_high,2,1
TXN_010329,UPI,Android,Tier 1,3G,22,409.4,low,0,1
TXN_010330,UPI,Android,Tier 1,4G,20,94.36,low,3,1
TXN_010331,Netbanking,Desktop,Tier 1,4G,11,684.91,med,0,0
TXN_010332,UPI,iOS,Tier 2,4G,3,1303.23,med,0,1
TXN_010333,UPI,Desktop,Tier 2,3G,4,1398.91,med,0,1
TXN_010334,UPI,Android,Tier 2,4G,10,303.27,low,0,1
TXN_010335,UPI,Android,Tier 2,4G,9,658.37,med,0,1
TXN_010336,Netbanking,Android,Tier 1,5G,7,1515.66,med,0,1
TXN_010337,Card,Android,Tier 2,4G,20,285.52,low,2,0
TXN_010338,UPI,iOS,Tier 2,4G,8,1837.9,med,0,1
TXN_010339,UPI,Android,Tier 2,5G,6,202.39,low,1,0
TXN_010340,UPI,Android,Tier 3,4G,13,2100.49,high,0,1
TXN_010341,UPI,Android,Tier 1,4G,10,620.58,med,1,1
TXN_010342,UPI,Android,Tier 2,4G,17,10063.93,ultra_high,2,0
TXN_010343,UPI,Android,Tier 2,5G,17,582.68,med,0,1
TXN_010344,UPI,Android,Tier 2,4G,21,2528.75,high,0,1
TXN_010345,Card,iOS,Tier 2,4G,7,814.01,med,0,1
TXN_010346,Card,Android,Tier 3,5G,1,3163.71,high,0,1
TXN_010347,UPI,iOS,Tier 1,4G,21,4724.08,high,1,1
TXN_010348,UPI,Android,Tier 2,4G,20,1069.6,med,0,1
TXN_010349,Card,Android,Tier 2,5G,6,928.03,med,1,0
TXN_010350,UPI,Android,Tier 1,4G,4,3371.57,high,0,1
TXN_010351,Netbanking,iOS,Tier 1,4G,13,2349.38,high,0,0
TXN_010352,Card,Android,Tier 3,5G,13,117.64,low,0,0
TXN_010353,UPI,Android,Tier 1,5G,2,2991.12,high,0,1
TXN_010354,UPI,Android,Tier 1,5G,5,8173.13,high,0,1
TXN_010355,Card,Android,Tier 3,4G,22,3778.39,high,0,1
TXN_010356,UPI,iOS,Tier 2,4G,16,539.02,med,1,1
TXN_010357,Card,iOS,Tier 1,Wifi,23,128.48,low,0,0
TXN_010358,Wallet,Android,Tier 2,4G,7,297.47,low,0,0
TXN_010359,Card,Android,Tier 2,4G,19,2190.55,high,0,1
TXN_010360,UPI,iOS,Tier 3,5G,23,98.28,low,0,1
TXN_010361,Card,Android,Tier 2,4G,2,3997.15,high,0,1
TXN_010362,UPI,Android,Tier 3,5G,14,7508.21,high,0,1
TXN_010363,UPI,Android,Tier 1,4G,4,1420.89,med,0,1
TXN_010364,Wallet,Android,Tier 2,4G,18,2975.14,high,0,1
TXN_010365,UPI,Android,Tier 1,Wifi,1,602.23,med,0,1
TXN_010366,PayLater,iOS,Tier 1,4G,20,782.3,med,0,1
TXN_010367,Wallet,Android,Tier 2,5G,7,724.09,med,0,1
TXN_010368,UPI,Android,Tier 1,4G,8,527.17,med,1,1
TXN_010369,UPI,iOS,Tier 2,4G,4,1781.86,med,0,1
TXN_010370,UPI,Android,Tier 3,4G,2,3875.43,high,0,1
TXN_010371,UPI,Android,Tier 1,4G,11,389.83,low,0,1
TXN_010372,UPI,Android,Tier 1,3G,2,798.77,med,0,1
TXN_010373,Card,Android,Tier 2,Wifi,23,1150.1,med,0,1
TXN_010374,UPI,Desktop,Tier 3,5G,18,649.54,med,0,1
TXN_010375,UPI,iOS,Tier 2,Wifi,15,831.21,med,1,1
TXN_010376,Netbanking,Android,Tier 2,5G,15,312.06,low,0,1
TXN_010377,UPI,Android,Tier 1,4G,0,908.05,med,0,1
TXN_010378,Netbanking,Android,Tier 1,4G,16,1077.83,med,1,1
TXN_010379,UPI,Desktop,Tier 2,5G,20,672.0,med,0,1
TXN_010380,UPI,Android,Tier 1,4G,19,1683.47,med,1,1
TXN_010381,Card,Android,Tier 3,4G,2,716.79,med,4,1
TXN_010382,Card,Android,Tier 2,Wifi,16,273.43,low,0,1
TXN_010383,Wallet,Android,Tier 2,4G,22,3139.37,high,0,1
TXN_010384,Card,Android,Tier 2,4G,16,2361.26,high,1,1
TXN_010385,Netbanking,Android,Tier 2,4G,15,1452.51,med,0,1
TXN_010386,UPI,iOS,Tier 2,5G,5,8029.71,high,0,1
TXN_010387,UPI,Android,Tier 3,4G,17,92.89,low,2,1
TXN_010388,Netbanking,Desktop,Tier 3,5G,13,511.32,med,0,1
TXN_010389,Netbanking,Android,Tier 3,4G,19,176.54,low,0,1
TXN_010390,PayLater,Android,Tier 3,5G,7,8390.02,high,0,0
TXN_010391,UPI,Desktop,Tier 2,4G,18,4145.61,high,0,0
TXN_010392,UPI,Android,Tier 2,3G,8,1174.45,med,2,0
TXN_010393,Netbanking,iOS,Tier 1,4G,20,1162.81,med,0,1
TXN_010394,UPI,iOS,Tier 1,5G,21,231.51,low,2,1
TXN_010395,Wallet,Android,Tier 1,5G,17,1117.75,med,0,1
TXN_010396,Netbanking,Android,Tier 1,4G,0,212.99,low,0,0
TXN_010397,UPI,Android,Tier 2,4G,20,7183.27,high,0,1
TXN_010398,Netbanking,Android,Tier 1,5G,16,1995.26,med,0,1
TXN_010399,Netbanking,Android,Tier 3,5G,3,4355.36,high,0,1
TXN_010400,UPI,iOS,Tier 3,4G,15,235.14,low,0,1
TXN_010401,Wallet,Android,Tier 1,4G,23,1294.65,med,0,1
TXN_010402,UPI,Android,Tier 1,4G,11,221.48,low,2,1
TXN_010403,Netbanking,Android,Tier 3,4G,12,380.72,low,0,1
TXN_010404,UPI,Desktop,Tier 3,4G,1,4894.7,high,0,1
TXN_010405,Wallet,Android,Tier 3,Wifi,21,760.25,med,3,1
TXN_010406,UPI,Android,Tier 3,4G,11,533.85,med,2,0
TXN_010407,UPI,Android,Tier 3,4G,9,1509.81,med,1,1
TXN_010408,Wallet,Desktop,Tier 2,5G,14,9097.08,high,0,1
TXN_010409,UPI,Desktop,Tier 1,Wifi,4,1708.19,med,0,1
TXN_010410,UPI,Android,Tier 2,4G,0,2396.11,high,0,1
TXN_010411,PayLater,iOS,Tier 1,4G,7,699.06,med,0,1
TXN_010412,PayLater,Android,Tier 3,4G,20,743.73,med,0,0
TXN_010413,Card,Desktop,Tier 2,4G,17,60.87,low,0,0
TXN_010414,Card,Android,Tier 3,4G,5,137.44,low,0,1
TXN_010415,UPI,Android,Tier 1,4G,22,8462.44,high,2,1
TXN_010416,UPI,Android,Tier 2,4G,0,1688.12,med,0,1
TXN_010417,UPI,Android,Tier 2,Wifi,13,2043.55,high,0,1
TXN_010418,Card,iOS,Tier 3,4G,9,557.37,med,1,1
TXN_010419,Netbanking,Android,Tier 1,4G,3,981.45,med,1,0
TXN_010420,Netbanking,Desktop,Tier 3,3G,17,1805.79,med,0,1
TXN_010421,Netbanking,Android,Tier 3,5G,22,4635.64,high,0,0
TXN_010422,UPI,Android,Tier 2,4G,18,3685.35,high,0,1
TXN_010423,UPI,Android,Tier 3,4G,7,832.75,med,0,1
TXN_010424,UPI,Android,Tier 2,3G,11,2376.09,high,0,1
TXN_010425,UPI,iOS,Tier 1,4G,9,1017.05,med,1,1
TXN_010426,UPI,Android,Tier 1,5G,12,1582.65,med,0,1
TXN_010427,Wallet,Android,Tier 3,Wifi,6,3526.77,high,2,0
TXN_010428,UPI,Android,Tier 2,4G,23,2458.51,high,0,1
TXN_010429,UPI,Android,Tier 1,5G,16,526.9,med,0,1
TXN_010430,UPI,Desktop,Tier 2,3G,11,1976.73,med,1,0
TXN_010431,Netbanking,Android,Tier 2,5G,5,9710.99,high,0,0
TXN_010432,Card,iOS,Tier 1,4G,22,150.34,low,0,1
TXN_010433,UPI,Android,Tier 2,Wifi,6,901.34,med,0,1
TXN_010434,UPI,Android,Tier 1,5G,12,271.11,low,0,1
TXN_010435,Card,Desktop,Tier 1,5G,13,1057.25,med,0,0
TXN_010436,UPI,Android,Tier 2,5G,22,2222.99,high,0,1
TXN_010437,Netbanking,Android,Tier 2,4G,22,429.35,low,0,0
TXN_010438,Card,Android,Tier 1,4G,12,295.18,low,0,1
TXN_010439,UPI,Android,Tier 2,4G,5,5850.2,high,3,1
TXN_010440,UPI,iOS,Tier 1,4G,18,1491.29,med,0,1
TXN_010441,PayLater,Android,Tier 1,4G,12,3162.83,high,1,1
TXN_010442,UPI,Desktop,Tier 1,4G,21,2578.52,high,0,1
TXN_010443,UPI,Android,Tier 1,4G,8,312.7,low,0,1
TXN_010444,Netbanking,Android,Tier 1,Wifi,10,3073.74,high,1,1
TXN_010445,Wallet,Android,Tier 3,5G,9,468.4,low,0,1
TXN_010446,PayLater,Android,Tier 2,5G,2,389.01,low,0,1
TXN_010447,Netbanking,Desktop,Tier 1,4G,18,3071.76,high,0,1
TXN_010448,UPI,Android,Tier 1,4G,6,161.94,low,0,1
TXN_010449,UPI,Android,Tier 1,4G,22,237.67,low,1,1
TXN_010450,Netbanking,iOS,Tier 3,5G,4,507.93,med,1,1
TXN_010451,Card,iOS,Tier 1,Wifi,23,120.67,low,1,0
TXN_010452,UPI,Android,Tier 1,4G,23,975.38,med,0,1
TXN_010453,Wallet,iOS,Tier 2,5G,14,477.04,low,0,1
TXN_010454,UPI,Android,Tier 2,5G,1,1235.29,med,4,1
TXN_010455,UPI,Android,Tier 1,5G,10,8634.63,high,0,1
TXN_010456,UPI,Android,Tier 2,4G,5,209.92,low,0,1
TXN_010457,UPI,Android,Tier 1,5G,4,166.92,low,1,1
TXN_010458,UPI,Android,Tier 1,5G,19,521.42,med,0,1
TXN_010459,UPI,Android,Tier 2,4G,6,326.61,low,0,1
TXN_010460,UPI,Android,Tier 2,4G,3,892.07,med,0,1
TXN_010461,Card,iOS,Tier 2,4G,4,6292.54,high,0,1
TXN_010462,Card,Desktop,Tier 1,4G,23,7718.47,high,0,0
TXN_010463,Card,iOS,Tier 2,4G,4,485.7,low,0,0
TXN_010464,PayLater,Android,Tier 1,4G,9,291.99,low,0,1
TXN_010465,UPI,Android,Tier 2,4G,17,299.75,low,0,0
TXN_010466,UPI,Android,Tier 2,4G,1,1371.4,med,2,1
TXN_010467,Netbanking,Android,Tier 1,4G,14,858.35,med,1,0
TXN_010468,UPI,Android,Tier 2,5G,8,986.39,med,1,1
TXN_010469,PayLater,Android,Tier 2,Wifi,1,471.39,low,1,0
TXN_010470,UPI,Android,Tier 1,4G,2,1097.36,med,0,1
TXN_010471,PayLater,Android,Tier 3,4G,21,9342.65,high,0,1
TXN_010472,UPI,Android,Tier 3,Wifi,19,4277.89,high,0,1
TXN_010473,Wallet,Android,Tier 1,5G,23,15523.79,ultra_high,0,0
TXN_010474,UPI,Android,Tier 3,4G,23,1021.36,med,4,1
TXN_010475,PayLater,Android,Tier 2,5G,1,217.89,low,0,1
TXN_010476,UPI,Android,Tier 2,4G,1,71.69,low,3,1
TXN_010477,Card,Android,Tier 3,5G,18,1863.78,med,0,1
TXN_010478,PayLater,Android,Tier 2,3G,13,160.54,low,0,1
TXN_010479,UPI,Android,Tier 1,4G,17,7334.19,high,1,1
TXN_010480,Card,iOS,Tier 3,Wifi,20,912.41,med,0,1
TXN_010481,Card,iOS,Tier 1,4G,0,645.7,med,0,1
TXN_010482,UPI,Android,Tier 1,5G,6,868.51,med,0,1
TXN_010483,Card,Android,Tier 1,4G,7,1209.6,med,0,1
TXN_010484,Card,iOS,Tier 3,Wifi,11,2736.12,high,1,1
TXN_010485,Wallet,Android,Tier 3,4G,3,819.77,med,0,1
TXN_010486,UPI,Android,Tier 1,5G,22,1102.46,med,2,0
TXN_010487,UPI,Android,Tier 3,5G,6,1704.59,med,0,1
TXN_010488,PayLater,Android,Tier 1,4G,17,1145.96,med,0,1
TXN_010489,Wallet,iOS,Tier 3,4G,17,144.5,low,0,1
TXN_010490,UPI,iOS,Tier 2,4G,9,496.04,low,1,1
TXN_010491,Card,Android,Tier 1,5G,9,3372.95,high,1,1
TXN_010492,UPI,Android,Tier 1,Wifi,5,7195.71,high,0,1
TXN_010493,UPI,Android,Tier 1,4G,23,6199.64,high,1,1
TXN_010494,UPI,Android,Tier 1,5G,11,1772.95,med,0,1
TXN_010495,UPI,Desktop,Tier 2,4G,9,547.3,med,0,1
TXN_010496,Card,Android,Tier 1,4G,12,4705.88,high,1,1
TXN_010497,UPI,Android,Tier 3,4G,11,601.71,med,1,1
TXN_010498,PayLater,iOS,Tier 2,5G,18,510.34,med,0,1
TXN_010499,PayLater,iOS,Tier 2,3G,0,1540.42,med,0,1
TXN_010500,Card,iOS,Tier 1,Wifi,0,49.38,low,1,1
TXN_010501,UPI,Android,Tier 3,4G,10,938.89,med,0,1
TXN_010502,UPI,Android,Tier 2,5G,17,967.43,med,1,1
TXN_010503,Netbanking,Android,Tier 3,4G,21,759.1,med,0,0
TXN_010504,Card,Android,Tier 3,4G,1,748.2,med,0,0
TXN_010505,UPI,Desktop,Tier 1,4G,5,5421.06,high,0,1
TXN_010506,Wallet,Android,Tier 1,4G,15,127.79,low,0,1
TXN_010507,Netbanking,Desktop,Tier 3,5G,0,1515.65,med,0,0
TXN_010508,Wallet,Android,Tier 3,4G,8,1936.35,med,0,0
TXN_010509,Card,iOS,Tier 2,Wifi,14,6414.64,high,0,1
TXN_010510,Card,Android,Tier 1,4G,15,1339.93,med,0,1
TXN_010511,UPI,Desktop,Tier 2,4G,13,1672.13,med,0,1
TXN_010512,Wallet,Android,Tier 1,4G,6,884.58,med,0,1
TXN_010513,Netbanking,Android,Tier 1,4G,0,1312.08,med,0,1
TXN_010514,UPI,iOS,Tier 2,3G,15,911.89,med,0,1
TXN_010515,UPI,Android,Tier 1,4G,8,213.83,low,0,1
TXN_010516,UPI,Android,Tier 2,Wifi,10,1284.19,med,3,1
TXN_010517,Netbanking,Desktop,Tier 3,4G,9,1206.36,med,1,1
TXN_010518,PayLater,Android,Tier 3,4G,10,447.7,low,0,0
TXN_010519,UPI,Android,Tier 3,4G,5,1223.11,med,0,1
TXN_010520,Card,Android,Tier 3,Wifi,1,4226.19,high,0,1
TXN_010521,UPI,iOS,Tier 1,4G,17,624.42,med,2,1
TXN_010522,PayLater,Android,Tier 3,3G,11,7160.57,high,1,1
TXN_010523,Netbanking,Android,Tier 3,4G,13,5373.79,high,0,1
TXN_010524,Netbanking,Android,Tier 3,4G,7,364.56,low,0,1
TXN_010525,UPI,Android,Tier 2,5G,3,464.09,low,0,1
TXN_010526,UPI,Android,Tier 1,4G,17,726.25,med,0,1
TXN_010527,UPI,Android,Tier 1,4G,20,194.87,low,0,1
TXN_010528,UPI,Android,Tier 1,Wifi,12,294.24,low,0,1
TXN_010529,Netbanking,Android,Tier 3,4G,22,64.6,low,0,1
TXN_010530,Netbanking,Android,Tier 2,5G,13,1936.74,med,0,1
TXN_010531,PayLater,Android,Tier 3,4G,19,2181.65,high,2,0
TXN_010532,PayLater,Android,Tier 2,4G,14,138.19,low,0,1
TXN_010533,Card,Android,Tier 2,4G,19,145.08,low,0,1
TXN_010534,Netbanking,Android,Tier 1,5G,23,826.03,med,0,0
TXN_010535,Wallet,Android,Tier 1,5G,18,992.86,med,0,1
TXN_010536,Netbanking,Android,Tier 2,5G,13,4063.06,high,2,1
TXN_010537,UPI,iOS,Tier 2,Wifi,11,396.17,low,0,1
TXN_010538,UPI,Android,Tier 1,4G,21,403.51,low,0,1
TXN_010539,UPI,Android,Tier 2,4G,14,1028.3,med,0,1
TXN_010540,PayLater,Android,Tier 1,4G,5,3734.43,high,0,0
TXN_010541,Card,Android,Tier 3,5G,18,5514.24,high,0,1
TXN_010542,UPI,Desktop,Tier 1,5G,1,286.87,low,0,1
TXN_010543,Card,Android,Tier 2,4G,5,3407.12,high,1,0
TXN_010544,Card,Android,Tier 1,4G,22,311.39,low,3,0
TXN_010545,UPI,Android,Tier 3,5G,22,103.47,low,0,1
TXN_010546,UPI,Android,Tier 2,Wifi,10,1169.0,med,0,1
TXN_010547,Card,Android,Tier 2,5G,0,4061.55,high,0,1
TXN_010548,UPI,Android,Tier 3,4G,21,685.88,med,1,1
TXN_010549,Netbanking,iOS,Tier 1,5G,8,3366.55,high,0,1
TXN_010550,UPI,Android,Tier 1,5G,12,349.42,low,0,1
TXN_010551,Netbanking,Android,Tier 2,4G,8,1064.19,med,0,0
TXN_010552,Card,Android,Tier 2,5G,14,2693.65,high,4,1
TXN_010553,Card,Android,Tier 1,4G,17,1350.4,med,1,1
TXN_010554,Wallet,Android,Tier 2,4G,3,749.54,med,0,1
TXN_010555,UPI,Android,Tier 1,3G,21,449.29,low,0,0
TXN_010556,UPI,Android,Tier 1,Wifi,3,658.42,med,2,1
TXN_010557,UPI,Android,Tier 2,4G,11,3165.35,high,0,1
TXN_010558,Netbanking,iOS,Tier 3,4G,8,768.91,med,0,1
TXN_010559,Card,Android,Tier 2,5G,17,120.43,low,0,1
TXN_010560,Card,iOS,Tier 2,4G,5,1227.66,med,0,0
TXN_010561,UPI,Android,Tier 3,4G,16,881.36,med,0,0
TXN_010562,UPI,Android,Tier 1,4G,16,1426.36,med,0,1
TXN_010563,UPI,Desktop,Tier 2,5G,12,774.91,med,1,1
TXN_010564,UPI,Android,Tier 3,4G,11,791.63,med,0,1
TXN_010565,Card,iOS,Tier 1,5G,13,2508.72,high,0,1
TXN_010566,UPI,iOS,Tier 1,4G,7,13624.08,ultra_high,0,1
TXN_010567,UPI,Android,Tier 3,Wifi,14,730.13,med,0,1
TXN_010568,Wallet,Android,Tier 3,Wifi,8,2945.59,high,0,1
TXN_010569,UPI,Android,Tier 1,5G,0,176.15,low,0,1
TXN_010570,UPI,Desktop,Tier 1,4G,16,821.42,med,2,1
TXN_010571,Netbanking,iOS,Tier 1,4G,9,647.69,med,0,1
TXN_010572,UPI,Android,Tier 1,5G,22,215.3,low,0,1
TXN_010573,Card,Android,Tier 2,Wifi,4,1645.43,med,0,0
TXN_010574,Netbanking,Android,Tier 2,4G,10,2860.02,high,3,0
TXN_010575,Wallet,Android,Tier 3,4G,2,1649.31,med,1,1
TXN_010576,UPI,Android,Tier 1,4G,1,1013.44,med,1,1
TXN_010577,Wallet,Android,Tier 3,4G,21,523.74,med,0,1
TXN_010578,UPI,Android,Tier 1,4G,3,4841.19,high,0,1
TXN_010579,UPI,Android,Tier 1,Wifi,20,1453.3,med,0,1
TXN_010580,UPI,iOS,Tier 2,4G,1,538.76,med,1,1
TXN_010581,PayLater,Desktop,Tier 1,4G,0,8290.28,high,0,1
TXN_010582,UPI,iOS,Tier 1,Wifi,8,39.6,low,2,0
TXN_010583,UPI,iOS,Tier 3,4G,2,953.62,med,0,1
TXN_010584,Card,Android,Tier 1,Wifi,5,1235.39,med,1,1
TXN_010585,UPI,Android,Tier 2,4G,13,11493.79,ultra_high,0,1
TXN_010586,UPI,Android,Tier 1,Wifi,0,712.33,med,2,1
TXN_010587,UPI,iOS,Tier 1,4G,11,448.5,low,0,1
TXN_010588,UPI,Desktop,Tier 2,3G,20,1591.39,med,0,1
TXN_010589,UPI,Android,Tier 3,4G,15,31.63,low,0,0
TXN_010590,UPI,iOS,Tier 2,4G,19,99.03,low,0,1
TXN_010591,Card,Android,Tier 2,4G,18,93.73,low,3,0
TXN_010592,UPI,Android,Tier 3,4G,17,737.78,med,0,1
TXN_010593,UPI,Android,Tier 3,4G,13,1449.64,med,0,1
TXN_010594,Wallet,Android,Tier 1,3G,2,4071.11,high,0,1
TXN_010595,UPI,Android,Tier 2,4G,13,1581.41,med,2,0
TXN_010596,Card,Android,Tier 2,5G,16,584.94,med,0,1
TXN_010597,UPI,Android,Tier 2,4G,12,874.96,med,0,1
TXN_010598,UPI,Android,Tier 2,Wifi,0,1689.82,med,4,1
TXN_010599,UPI,Android,Tier 1,5G,7,2017.6,high,1,1
TXN_010600,UPI,Android,Tier 2,3G,20,530.07,med,1,1
TXN_010601,UPI,Android,Tier 2,4G,1,2072.22,high,1,1
TXN_010602,UPI,Android,Tier 2,4G,18,729.22,med,0,1
TXN_010603,UPI,Android,Tier 3,4G,14,364.29,low,0,1
TXN_010604,UPI,iOS,Tier 3,5G,13,845.36,med,0,1
TXN_010605,UPI,Android,Tier 2,5G,13,3242.09,high,0,0
TXN_010606,UPI,Android,Tier 2,5G,17,290.15,low,0,1
TXN_010607,UPI,iOS,Tier 2,4G,14,357.87,low,0,1
TXN_010608,UPI,iOS,Tier 2,5G,9,1047.44,med,0,0
TXN_010609,Card,iOS,Tier 3,Wifi,17,3101.58,high,0,0
TXN_010610,UPI,Android,Tier 2,4G,19,442.75,low,1,1
TXN_010611,Netbanking,Android,Tier 1,4G,3,2941.85,high,0,0
TXN_010612,Card,Android,Tier 2,5G,6,2813.18,high,1,0
TXN_010613,UPI,Android,Tier 2,4G,1,1277.93,med,1,1
TXN_010614,Wallet,Desktop,Tier 2,5G,8,3732.57,high,0,1
TXN_010615,Wallet,Android,Tier 2,5G,22,479.34,low,0,1
TXN_010616,UPI,Android,Tier 1,3G,3,5473.53,high,0,1
TXN_010617,UPI,Android,Tier 1,Wifi,11,5385.41,high,0,1
TXN_010618,Netbanking,Android,Tier 1,5G,22,5010.91,high,0,1
TXN_010619,Card,Android,Tier 2,4G,9,1947.59,med,0,1
TXN_010620,UPI,iOS,Tier 1,4G,10,197.94,low,0,0
TXN_010621,UPI,iOS,Tier 3,Wifi,0,1983.1,med,0,1
TXN_010622,UPI,Desktop,Tier 1,5G,12,4932.69,high,0,1
TXN_010623,UPI,Android,Tier 3,Wifi,6,39.36,low,0,1
TXN_010624,Card,Android,Tier 1,4G,5,1581.21,med,2,1
TXN_010625,UPI,Android,Tier 1,4G,8,1468.07,med,4,1
TXN_010626,UPI,Android,Tier 2,4G,23,408.92,low,1,1
TXN_010627,Card,Desktop,Tier 1,4G,17,90.28,low,1,0
TXN_010628,UPI,Android,Tier 3,Wifi,2,522.12,med,0,1
TXN_010629,UPI,iOS,Tier 1,5G,12,1636.07,med,0,1
TXN_010630,Card,Android,Tier 2,4G,2,425.6,low,0,1
TXN_010631,Wallet,Android,Tier 3,5G,12,5770.07,high,1,1
TXN_010632,UPI,Android,Tier 1,Wifi,5,928.79,med,0,1
TXN_010633,UPI,Android,Tier 1,5G,17,1055.89,med,0,1
TXN_010634,UPI,Android,Tier 1,5G,1,651.54,med,1,1
TXN_010635,UPI,Android,Tier 2,4G,19,636.56,med,3,1
TXN_010636,UPI,iOS,Tier 1,Wifi,16,667.18,med,0,1
TXN_010637,UPI,iOS,Tier 2,4G,0,867.48,med,0,1
TXN_010638,UPI,Android,Tier 3,Wifi,16,625.86,med,0,1
TXN_010639,UPI,iOS,Tier 3,Wifi,4,453.47,low,0,1
TXN_010640,UPI,Android,Tier 1,Wifi,8,2013.37,high,3,1
TXN_010641,UPI,Android,Tier 1,3G,3,780.73,med,1,1
TXN_010642,UPI,iOS,Tier 1,5G,13,2836.17,high,0,1
TXN_010643,UPI,Desktop,Tier 2,4G,7,1012.8,med,0,1
TXN_010644,UPI,Android,Tier 1,4G,22,345.42,low,1,1
TXN_010645,Wallet,Android,Tier 3,4G,12,216.92,low,3,1
TXN_010646,Card,Android,Tier 2,4G,5,872.72,med,0,1
TXN_010647,Card,Android,Tier 1,4G,13,3138.63,high,0,1
TXN_010648,Netbanking,Android,Tier 2,5G,8,5647.61,high,0,1
TXN_010649,UPI,Desktop,Tier 1,4G,16,8393.7,high,0,0
TXN_010650,UPI,Android,Tier 1,4G,6,3292.9,high,1,1
TXN_010651,UPI,Android,Tier 1,Wifi,8,7508.71,high,1,1
TXN_010652,Card,Android,Tier 1,5G,14,337.75,low,0,0
TXN_010653,Card,Android,Tier 2,Wifi,9,1538.79,med,0,1
TXN_010654,UPI,Android,Tier 2,4G,13,355.32,low,4,1
TXN_010655,UPI,Android,Tier 1,5G,15,1569.96,med,0,1
TXN_010656,UPI,iOS,Tier 3,4G,1,2976.04,high,1,1
TXN_010657,UPI,Android,Tier 2,4G,3,504.14,med,0,1
TXN_010658,Card,Android,Tier 1,5G,20,1449.86,med,0,1
TXN_010659,Card,iOS,Tier 1,4G,14,1002.81,med,0,1
TXN_010660,UPI,Android,Tier 2,4G,10,1235.27,med,1,1
TXN_010661,PayLater,Android,Tier 3,5G,20,744.09,med,0,1
TXN_010662,Card,Android,Tier 2,5G,10,183.69,low,0,1
TXN_010663,UPI,Android,Tier 3,5G,22,5025.07,high,1,1
TXN_010664,UPI,Android,Tier 2,4G,23,1537.34,med,1,1
TXN_010665,UPI,Android,Tier 2,4G,12,1907.87,med,0,1
TXN_010666,UPI,iOS,Tier 2,4G,15,4779.07,high,0,1
TXN_010667,UPI,iOS,Tier 2,Wifi,8,2985.48,high,0,1
TXN_010668,UPI,Android,Tier 1,Wifi,20,143.11,low,0,1
TXN_010669,UPI,Android,Tier 3,4G,1,3813.69,high,1,0
TXN_010670,UPI,Android,Tier 1,4G,1,1257.72,med,2,1
TXN_010671,Wallet,Android,Tier 2,5G,4,1065.05,med,0,1
TXN_010672,UPI,Android,Tier 2,4G,4,1778.1,med,3,1
TXN_010673,UPI,Android,Tier 2,Wifi,4,1428.64,med,0,1
TXN_010674,UPI,Android,Tier 1,5G,13,385.7,low,0,1
TXN_010675,PayLater,iOS,Tier 2,4G,5,205.71,low,0,1
TXN_010676,UPI,Android,Tier 2,4G,15,20.0,low,4,1
TXN_010677,UPI,iOS,Tier 2,Wifi,15,2584.96,high,0,1
TXN_010678,PayLater,iOS,Tier 2,4G,7,12065.94,ultra_high,0,1
TXN_010679,Netbanking,Android,Tier 2,5G,4,478.79,low,0,0
TXN_010680,Netbanking,iOS,Tier 1,4G,12,3388.98,high,3,0
TXN_010681,UPI,iOS,Tier 3,4G,2,311.98,low,2,1
TXN_010682,UPI,Android,Tier 3,5G,8,492.13,low,0,1
TXN_010683,Card,Android,Tier 1,4G,3,4070.83,high,0,1
TXN_010684,Wallet,Android,Tier 1,4G,7,357.79,low,1,1
TXN_010685,Card,Desktop,Tier 1,4G,15,560.05,med,2,1
TXN_010686,Card,Android,Tier 2,5G,10,583.05,med,1,1
TXN_010687,UPI,Android,Tier 3,5G,22,676.49,med,2,1
TXN_010688,Netbanking,Android,Tier 2,4G,18,3238.54,high,0,1
TXN_010689,UPI,Android,Tier 3,5G,9,215.13,low,1,1
TXN_010690,UPI,Android,Tier 1,4G,21,567.56,med,2,1
TXN_010691,UPI,iOS,Tier 2,4G,6,346.42,low,2,0
TXN_010692,UPI,Android,Tier 1,5G,11,79.49,low,0,1
TXN_010693,UPI,iOS,Tier 1,5G,22,1341.56,med,1,1
TXN_010694,UPI,iOS,Tier 2,4G,7,749.55,med,1,1
TXN_010695,Card,Android,Tier 1,4G,9,27.58,low,1,1
TXN_010696,UPI,Android,Tier 2,4G,4,1756.85,med,0,1
TXN_010697,Card,iOS,Tier 2,Wifi,4,1537.73,med,0,1
TXN_010698,UPI,Desktop,Tier 3,4G,12,494.95,low,0,1
TXN_010699,UPI,Android,Tier 1,4G,1,220.96,low,1,1
TXN_010700,UPI,Android,Tier 3,4G,11,873.7,med,0,1
TXN_010701,UPI,Android,Tier 3,4G,10,24432.45,ultra_high,0,1
TXN_010702,UPI,iOS,Tier 3,Wifi,1,680.22,med,0,1
TXN_010703,UPI,iOS,Tier 2,4G,14,423.58,low,1,1
TXN_010704,UPI,Android,Tier 2,5G,19,532.1,med,0,1
TXN_010705,PayLater,iOS,Tier 2,4G,6,160.28,low,1,1
TXN_010706,UPI,Android,Tier 2,4G,7,4110.04,high,0,1
TXN_010707,Netbanking,iOS,Tier 2,4G,2,254.32,low,2,0
TXN_010708,UPI,Android,Tier 2,4G,16,159.92,low,2,1
TXN_010709,Card,Android,Tier 3,4G,19,465.04,low,1,0
TXN_010710,Netbanking,Android,Tier 2,5G,5,5086.58,high,0,0
TXN_010711,Card,Android,Tier 1,5G,21,2240.85,high,0,1
TXN_010712,UPI,Android,Tier 2,4G,14,631.77,med,0,1
TXN_010713,UPI,Android,Tier 1,4G,12,516.22,med,0,1
TXN_010714,UPI,Android,Tier 1,4G,22,432.26,low,1,1
TXN_010715,Wallet,Android,Tier 1,5G,12,440.5,low,0,1
TXN_010716,Netbanking,Android,Tier 1,Wifi,11,641.9,med,0,1
TXN_010717,PayLater,iOS,Tier 3,3G,13,2903.98,high,0,0
TXN_010718,UPI,Android,Tier 2,5G,8,326.7,low,1,1
TXN_010719,Card,Android,Tier 1,4G,9,10002.04,ultra_high,0,1
TXN_010720,Wallet,Android,Tier 2,5G,4,3508.63,high,0,1
TXN_010721,UPI,Android,Tier 1,4G,20,12155.2,ultra_high,0,1
TXN_010722,UPI,Desktop,Tier 2,5G,4,121.52,low,0,1
TXN_010723,Card,Desktop,Tier 2,4G,20,494.7,low,0,1
TXN_010724,Card,Android,Tier 3,4G,19,1336.63,med,0,1
TXN_010725,Netbanking,Desktop,Tier 1,4G,5,954.65,med,0,1
TXN_010726,UPI,iOS,Tier 2,4G,11,2361.77,high,0,1
TXN_010727,Netbanking,iOS,Tier 3,5G,16,1791.85,med,1,0
TXN_010728,UPI,Android,Tier 3,Wifi,15,255.2,low,1,1
TXN_010729,UPI,Android,Tier 1,Wifi,17,390.96,low,0,1
TXN_010730,UPI,Android,Tier 2,3G,21,801.79,med,0,0
TXN_010731,Netbanking,Android,Tier 1,4G,5,140.5,low,0,0
TXN_010732,Card,Android,Tier 2,4G,9,574.83,med,0,1
TXN_010733,UPI,Android,Tier 1,5G,19,1577.53,med,0,1
TXN_010734,UPI,Android,Tier 3,Wifi,20,4364.87,high,0,1
TXN_010735,Wallet,Android,Tier 1,4G,8,1287.04,med,0,1
TXN_010736,UPI,Android,Tier 2,4G,1,36.05,low,0,1
TXN_010737,Netbanking,Android,Tier 2,4G,2,910.31,med,1,1
TXN_010738,UPI,Desktop,Tier 3,3G,9,3348.33,high,0,1
TXN_010739,UPI,iOS,Tier 2,Wifi,7,120.19,low,0,1
TXN_010740,UPI,Android,Tier 1,4G,8,761.03,med,4,1
TXN_010741,UPI,Android,Tier 1,Wifi,20,3269.48,high,1,1
TXN_010742,Card,Android,Tier 1,4G,18,817.23,med,0,1
TXN_010743,UPI,Android,Tier 2,4G,0,650.39,med,0,1
TXN_010744,UPI,iOS,Tier 2,5G,1,4421.69,high,0,1
TXN_010745,Wallet,Android,Tier 2,4G,19,819.14,med,0,1
TXN_010746,UPI,Android,Tier 1,4G,3,792.35,med,2,0
TXN_010747,UPI,iOS,Tier 2,Wifi,15,742.15,med,0,1
TXN_010748,Wallet,Android,Tier 2,5G,20,3763.19,high,1,0
TXN_010749,Card,Android,Tier 3,3G,11,937.9,med,2,0
TXN_010750,UPI,Android,Tier 2,4G,1,723.23,med,0,1
TXN_010751,Wallet,Android,Tier 1,4G,14,634.22,med,0,1
TXN_010752,Card,Android,Tier 1,4G,17,85.9,low,0,1
TXN_010753,UPI,Android,Tier 1,Wifi,15,1614.28,med,1,1
TXN_010754,UPI,Android,Tier 2,4G,20,876.62,med,0,1
TXN_010755,Netbanking,iOS,Tier 2,4G,11,1148.43,med,2,1
TXN_010756,Card,Android,Tier 1,4G,17,325.55,low,4,0
TXN_010757,UPI,iOS,Tier 1,5G,13,219.94,low,0,1
TXN_010758,Wallet,Android,Tier 1,4G,20,399.27,low,0,1
TXN_010759,Netbanking,Android,Tier 3,4G,11,95.81,low,0,1
TXN_010760,UPI,Android,Tier 1,4G,4,417.15,low,0,0
TXN_010761,UPI,Android,Tier 1,4G,22,21399.47,ultra_high,0,1
TXN_010762,UPI,Android,Tier 1,4G,3,1690.37,med,0,1
TXN_010763,Card,Android,Tier 2,4G,17,1135.57,med,0,0
TXN_010764,UPI,iOS,Tier 2,Wifi,23,255.71,low,0,1
TXN_010765,Card,Android,Tier 3,4G,16,295.53,low,0,1
TXN_010766,Netbanking,Android,Tier 1,4G,15,678.36,med,3,0
TXN_010767,Wallet,Desktop,Tier 2,4G,9,56.54,low,0,1
TXN_010768,UPI,Android,Tier 1,Wifi,16,1173.18,med,0,1
TXN_010769,Netbanking,Android,Tier 3,4G,11,477.93,low,1,1
TXN_010770,UPI,Android,Tier 1,Wifi,11,24310.99,ultra_high,0,1
TXN_010771,Netbanking,Android,Tier 1,Wifi,22,5047.51,high,0,0
TXN_010772,UPI,Android,Tier 2,4G,3,1983.12,med,2,1
TXN_010773,UPI,Android,Tier 1,4G,2,501.47,med,0,1
TXN_010774,Netbanking,Android,Tier 1,5G,0,6621.74,high,0,0
TXN_010775,UPI,Android,Tier 2,5G,11,235.63,low,0,1
TXN_010776,UPI,Android,Tier 2,5G,7,2057.06,high,2,0
TXN_010777,Card,Desktop,Tier 2,Wifi,7,454.26,low,1,1
TXN_010778,Card,iOS,Tier 2,4G,11,1584.39,med,2,1
TXN_010779,Card,Android,Tier 2,5G,3,685.57,med,2,1
TXN_010780,Card,Android,Tier 2,4G,15,226.4,low,0,1
TXN_010781,UPI,iOS,Tier 2,5G,1,753.32,med,1,1
TXN_010782,UPI,Android,Tier 2,5G,3,3239.81,high,0,1
TXN_010783,UPI,Android,Tier 1,4G,22,11153.96,ultra_high,4,1
TXN_010784,UPI,Android,Tier 1,4G,3,4050.56,high,1,1
TXN_010785,Wallet,iOS,Tier 2,4G,10,620.03,med,1,1
TXN_010786,Card,Android,Tier 2,4G,2,251.02,low,1,0
TXN_010787,UPI,Desktop,Tier 2,Wifi,9,681.46,med,0,1
TXN_010788,UPI,Android,Tier 1,5G,11,17356.34,ultra_high,0,1
TXN_010789,Wallet,Android,Tier 1,5G,16,187.49,low,3,1
TXN_010790,UPI,Android,Tier 1,4G,8,868.15,med,2,1
TXN_010791,Card,Android,Tier 1,4G,20,264.0,low,0,1
TXN_010792,UPI,iOS,Tier 2,4G,1,63.56,low,0,1
TXN_010793,Card,Desktop,Tier 2,4G,21,11415.08,ultra_high,0,1
TXN_010794,UPI,Android,Tier 2,5G,17,1000.29,med,1,1
TXN_010795,Wallet,Desktop,Tier 2,Wifi,11,1785.26,med,0,1
TXN_010796,Wallet,iOS,Tier 3,4G,5,1021.59,med,0,1
TXN_010797,Card,Android,Tier 3,5G,17,2466.49,high,0,1
TXN_010798,Card,Android,Tier 2,4G,12,3093.37,high,0,1
TXN_010799,Wallet,Android,Tier 3,4G,14,321.75,low,3,0
TXN_010800,Card,Android,Tier 2,4G,0,10803.13,ultra_high,0,1
TXN_010801,UPI,Android,Tier 3,5G,22,5706.82,high,4,1
TXN_010802,Card,Android,Tier 3,4G,7,1671.43,med,0,1
TXN_010803,Card,Android,Tier 3,4G,17,289.17,low,0,1
TXN_010804,UPI,iOS,Tier 2,5G,19,286.56,low,0,1
TXN_010805,Card,iOS,Tier 2,5G,23,175.91,low,1,1
TXN_010806,Wallet,Android,Tier 2,4G,11,899.03,med,0,1
TXN_010807,Wallet,Android,Tier 1,5G,19,3031.83,high,1,1
TXN_010808,UPI,Android,Tier 1,5G,11,1564.18,med,0,1
TXN_010809,UPI,Android,Tier 3,4G,0,506.37,med,1,1
TXN_010810,PayLater,Android,Tier 1,5G,9,189.12,low,1,1
TXN_010811,Netbanking,Android,Tier 2,4G,22,4232.95,high,0,1
TXN_010812,UPI,Android,Tier 1,5G,18,397.64,low,0,1
TXN_010813,Wallet,Android,Tier 1,Wifi,18,115.25,low,0,1
TXN_010814,Netbanking,Android,Tier 3,4G,10,1253.62,med,0,1
TXN_010815,UPI,Android,Tier 3,4G,22,606.28,med,0,1
TXN_010816,Card,iOS,Tier 2,4G,21,2359.19,high,0,0
TXN_010817,UPI,Desktop,Tier 1,4G,2,466.76,low,0,1
TXN_010818,UPI,Android,Tier 2,4G,13,999.96,med,0,1
TXN_010819,UPI,Android,Tier 2,5G,17,949.93,med,2,1
TXN_010820,Netbanking,Android,Tier 1,4G,5,643.86,med,1,0
TXN_010821,UPI,Android,Tier 1,4G,22,371.0,low,0,1
TXN_010822,UPI,Android,Tier 2,5G,8,2956.98,high,0,1
TXN_010823,UPI,Android,Tier 1,5G,8,1355.32,med,0,1
TXN_010824,UPI,Desktop,Tier 2,4G,16,962.52,med,0,1
TXN_010825,Wallet,Android,Tier 1,5G,3,840.27,med,2,0
TXN_010826,UPI,iOS,Tier 2,Wifi,3,851.1,med,0,1
TXN_010827,UPI,Android,Tier 1,4G,23,363.94,low,0,0
TXN_010828,Card,Android,Tier 3,4G,18,302.41,low,0,0
TXN_010829,UPI,Android,Tier 2,5G,15,1043.13,med,0,1
TXN_010830,UPI,Android,Tier 1,5G,16,1659.63,med,0,1
TXN_010831,UPI,Android,Tier 2,4G,2,1669.9,med,0,1
TXN_010832,UPI,Android,Tier 3,4G,21,3065.13,high,0,1
TXN_010833,UPI,Android,Tier 2,Wifi,6,2375.28,high,0,1
TXN_010834,UPI,Android,Tier 2,Wifi,4,548.43,med,0,1
TXN_010835,UPI,Android,Tier 1,5G,20,19617.29,ultra_high,0,1
TXN_010836,Wallet,Desktop,Tier 2,3G,2,7277.94,high,0,0
TXN_010837,UPI,Android,Tier 2,5G,11,279.88,low,1,1
TXN_010838,Card,Android,Tier 2,Wifi,18,1259.57,med,0,1
TXN_010839,Card,Android,Tier 3,5G,8,368.61,low,0,1
TXN_010840,UPI,iOS,Tier 1,Wifi,2,346.51,low,0,1
TXN_010841,Card,Android,Tier 1,4G,2,629.43,med,0,1
TXN_010842,UPI,Android,Tier 3,Wifi,15,3850.29,high,0,1
TXN_010843,PayLater,Android,Tier 2,4G,19,235.75,low,0,1
TXN_010844,UPI,Android,Tier 1,4G,12,15182.47,ultra_high,0,1
TXN_010845,UPI,Android,Tier 1,5G,5,1853.77,med,0,1
TXN_010846,UPI,Desktop,Tier 3,4G,0,188.04,low,0,1
TXN_010847,PayLater,iOS,Tier 1,4G,10,1862.59,med,0,1
TXN_010848,UPI,Android,Tier 1,3G,17,485.11,low,4,0
TXN_010849,Card,Android,Tier 1,5G,2,463.09,low,2,1
TXN_010850,UPI,Android,Tier 3,Wifi,17,3029.11,high,0,1
TXN_010851,Card,Android,Tier 3,3G,10,960.24,med,1,1
TXN_010852,UPI,iOS,Tier 2,4G,14,615.35,med,0,1
TXN_010853,Wallet,Android,Tier 2,4G,2,1258.32,med,0,1
TXN_010854,UPI,Android,Tier 1,4G,11,213.36,low,0,1
TXN_010855,UPI,Android,Tier 1,5G,20,935.27,med,0,1
TXN_010856,UPI,iOS,Tier 3,5G,11,8492.74,high,0,1
TXN_010857,UPI,Android,Tier 1,4G,16,96.9,low,0,1
TXN_010858,Card,Android,Tier 2,4G,0,1330.82,med,0,0
TXN_010859,UPI,Android,Tier 2,4G,10,1260.66,med,1,1
TXN_010860,Netbanking,Android,Tier 1,4G,22,752.76,med,1,1
TXN_010861,UPI,Desktop,Tier 2,4G,14,38.94,low,2,0
TXN_010862,UPI,Android,Tier 2,Wifi,8,501.26,med,2,1
TXN_010863,UPI,Android,Tier 2,4G,6,1855.17,med,2,0
TXN_010864,UPI,Android,Tier 1,4G,10,5544.08,high,0,1
TXN_010865,Card,iOS,Tier 1,4G,17,451.31,low,0,1
TXN_010866,UPI,Android,Tier 2,5G,22,206.32,low,1,1
TXN_010867,UPI,Android,Tier 3,4G,6,1836.24,med,0,1
TXN_010868,Netbanking,Android,Tier 1,4G,17,2102.81,high,4,1
TXN_010869,Wallet,Android,Tier 3,5G,14,463.08,low,0,1
TXN_010870,UPI,Android,Tier 2,Wifi,15,2282.33,high,0,1
TXN_010871,UPI,iOS,Tier 3,Wifi,14,286.93,low,1,1
TXN_010872,Card,Android,Tier 1,4G,22,1019.98,med,0,1
TXN_010873,UPI,Android,Tier 1,5G,3,1205.11,med,0,0
TXN_010874,UPI,Desktop,Tier 1,4G,23,279.66,low,1,1
TXN_010875,UPI,Android,Tier 1,4G,2,910.17,med,0,1
TXN_010876,Card,Android,Tier 3,4G,13,668.05,med,0,1
TXN_010877,Card,Android,Tier 1,4G,20,158.94,low,2,0
TXN_010878,UPI,Android,Tier 2,Wifi,2,395.17,low,0,1
TXN_010879,UPI,Android,Tier 1,Wifi,22,898.88,med,0,1
TXN_010880,UPI,iOS,Tier 2,4G,15,1573.87,med,1,1
TXN_010881,Card,iOS,Tier 1,4G,14,609.38,med,0,1
TXN_010882,UPI,Android,Tier 1,4G,18,2073.71,high,0,1
TXN_010883,UPI,Android,Tier 1,5G,9,2852.82,high,0,1
TXN_010884,Netbanking,Android,Tier 2,Wifi,20,877.83,med,0,1
TXN_010885,UPI,Android,Tier 1,Wifi,16,11806.65,ultra_high,0,1
TXN_010886,Card,Android,Tier 1,5G,3,2820.86,high,0,1
TXN_010887,UPI,Android,Tier 1,4G,21,1082.52,med,0,1
TXN_010888,UPI,Desktop,Tier 3,Wifi,17,384.77,low,0,1
TXN_010889,UPI,iOS,Tier 2,4G,21,2150.93,high,3,1
TXN_010890,Card,Android,Tier 2,3G,9,617.76,med,2,0
TXN_010891,Netbanking,Android,Tier 2,4G,22,438.15,low,1,1
TXN_010892,Netbanking,Android,Tier 1,5G,15,229.45,low,0,1
TXN_010893,UPI,Desktop,Tier 2,4G,23,550.26,med,2,1
TXN_010894,Card,Android,Tier 1,4G,2,173.83,low,0,0
TXN_010895,UPI,Android,Tier 2,5G,11,6465.6,high,0,1
TXN_010896,UPI,Android,Tier 2,5G,18,1055.41,med,0,1
TXN_010897,Wallet,iOS,Tier 2,Wifi,20,317.13,low,1,0
TXN_010898,UPI,iOS,Tier 1,5G,2,1128.53,med,0,1
TXN_010899,UPI,Android,Tier 1,4G,8,1027.05,med,1,1
TXN_010900,UPI,iOS,Tier 3,Wifi,6,7678.14,high,0,1
TXN_010901,UPI,Android,Tier 2,Wifi,15,2982.83,high,0,1
TXN_010902,UPI,Android,Tier 1,4G,20,340.08,low,1,1
TXN_010903,Card,iOS,Tier 1,Wifi,20,295.86,low,0,1
TXN_010904,UPI,iOS,Tier 3,3G,0,3101.64,high,0,0
TXN_010905,Wallet,Android,Tier 2,5G,14,680.52,med,1,0
TXN_010906,Netbanking,Android,Tier 3,4G,1,142.89,low,0,0
TXN_010907,UPI,iOS,Tier 1,5G,15,568.86,med,0,1
TXN_010908,UPI,iOS,Tier 2,4G,6,739.23,med,0,1
TXN_010909,UPI,iOS,Tier 1,5G,13,2254.67,high,2,1
TXN_010910,Card,Android,Tier 2,5G,22,997.82,med,0,1
TXN_010911,UPI,Desktop,Tier 1,Wifi,1,338.26,low,0,1
TXN_010912,Card,Desktop,Tier 1,5G,23,1554.46,med,0,0
TXN_010913,UPI,Android,Tier 1,4G,23,1045.65,med,0,1
TXN_010914,Card,iOS,Tier 2,5G,17,31.54,low,1,0
TXN_010915,UPI,Android,Tier 2,4G,0,1645.97,med,0,1
TXN_010916,UPI,Android,Tier 2,4G,15,262.21,low,0,1
TXN_010917,Wallet,Android,Tier 3,4G,8,623.83,med,0,1
TXN_010918,Netbanking,Android,Tier 2,4G,2,467.2,low,0,0
TXN_010919,UPI,Android,Tier 2,3G,12,58.99,low,0,1
TXN_010920,Netbanking,iOS,Tier 3,5G,1,1421.87,med,0,1
TXN_010921,UPI,Android,Tier 2,5G,17,163.4,low,0,1
TXN_010922,Wallet,Android,Tier 1,4G,1,556.03,med,0,1
TXN_010923,Netbanking,Desktop,Tier 3,5G,7,631.0,med,0,1
TXN_010924,UPI,Android,Tier 1,5G,2,117.82,low,0,1
TXN_010925,UPI,Android,Tier 2,4G,16,2740.99,high,3,1
TXN_010926,UPI,Android,Tier 1,3G,23,562.03,med,0,0
TXN_010927,UPI,Android,Tier 2,4G,1,619.7,med,0,1
TXN_010928,Card,Android,Tier 2,5G,5,1093.55,med,2,0
TXN_010929,UPI,iOS,Tier 1,4G,7,582.99,med,0,1
TXN_010930,UPI,Android,Tier 2,4G,16,292.11,low,3,1
TXN_010931,Netbanking,iOS,Tier 2,Wifi,23,225.5,low,0,0
TXN_010932,PayLater,Android,Tier 1,5G,5,7546.22,high,1,1
TXN_010933,UPI,Android,Tier 1,5G,11,856.77,med,0,1
TXN_010934,UPI,Android,Tier 1,Wifi,20,351.5,low,0,1
TXN_010935,UPI,Android,Tier 3,4G,15,1339.69,med,1,1
TXN_010936,UPI,Android,Tier 2,5G,5,2659.09,high,0,1
TXN_010937,Wallet,Android,Tier 3,4G,1,25413.36,ultra_high,0,1
TXN_010938,UPI,Android,Tier 1,5G,2,878.02,med,3,1
TXN_010939,Card,Android,Tier 1,4G,8,485.75,low,0,1
TXN_010940,UPI,Android,Tier 1,4G,18,54.64,low,0,1
TXN_010941,Card,Android,Tier 1,3G,9,812.5,med,0,1
TXN_010942,Card,Android,Tier 2,4G,22,454.4,low,0,1
TXN_010943,Netbanking,iOS,Tier 3,4G,12,1002.46,med,0,1
TXN_010944,UPI,Android,Tier 1,4G,19,979.35,med,1,1
TXN_010945,UPI,Android,Tier 3,4G,12,3862.43,high,1,1
TXN_010946,UPI,Android,Tier 1,4G,19,1141.18,med,0,1
TXN_010947,Wallet,Android,Tier 3,4G,14,1007.16,med,0,1
TXN_010948,Wallet,iOS,Tier 1,5G,12,1111.23,med,1,1
TXN_010949,Card,Android,Tier 3,5G,12,612.53,med,0,0
TXN_010950,Card,Android,Tier 1,5G,5,4837.66,high,0,1
TXN_010951,Card,iOS,Tier 3,3G,17,1459.2,med,2,0
TXN_010952,UPI,Android,Tier 1,5G,6,2254.08,high,0,1
TXN_010953,Wallet,Android,Tier 1,4G,2,670.6,med,0,0
TXN_010954,UPI,Android,Tier 2,4G,0,245.47,low,0,1
TXN_010955,UPI,Android,Tier 1,5G,11,275.77,low,1,1
TXN_010956,UPI,Desktop,Tier 2,5G,22,5422.53,high,0,1
TXN_010957,UPI,iOS,Tier 3,4G,4,8510.76,high,1,1
TXN_010958,UPI,Android,Tier 2,4G,10,360.31,low,0,1
TXN_010959,Card,Desktop,Tier 2,5G,11,241.28,low,0,1
TXN_010960,UPI,Android,Tier 1,5G,22,2273.4,high,3,1
TXN_010961,Card,Android,Tier 2,5G,15,506.28,med,4,0
TXN_010962,UPI,iOS,Tier 2,4G,0,132.33,low,0,1
TXN_010963,UPI,Android,Tier 3,5G,20,201.02,low,0,1
TXN_010964,UPI,Android,Tier 1,5G,17,820.78,med,0,1
TXN_010965,UPI,Android,Tier 2,Wifi,0,13778.54,ultra_high,0,1
TXN_010966,Card,Android,Tier 1,5G,21,6893.02,high,0,1
TXN_010967,UPI,iOS,Tier 1,5G,4,436.81,low,1,1
TXN_010968,Card,Android,Tier 1,5G,3,166.83,low,1,0
TXN_010969,UPI,Android,Tier 1,4G,0,528.85,med,0,1
TXN_010970,Card,Android,Tier 1,4G,14,731.73,med,0,0
TXN_010971,Wallet,Desktop,Tier 1,Wifi,4,1006.75,med,0,0
TXN_010972,Card,iOS,Tier 3,5G,6,420.46,low,2,1
TXN_010973,UPI,Android,Tier 1,5G,16,440.05,low,1,1
TXN_010974,UPI,Desktop,Tier 3,3G,19,1855.77,med,1,0
TXN_010975,UPI,Android,Tier 1,3G,5,582.2,med,0,1
TXN_010976,Card,Android,Tier 1,5G,12,645.02,med,0,1
TXN_010977,UPI,Android,Tier 2,4G,23,1216.76,med,0,1
TXN_010978,UPI,Android,Tier 2,4G,22,2331.45,high,0,1
TXN_010979,Card,iOS,Tier 2,Wifi,14,1132.66,med,0,0
TXN_010980,UPI,Android,Tier 2,4G,6,1815.01,med,1,1
TXN_010981,Netbanking,Android,Tier 1,3G,23,5861.91,high,0,0
TXN_010982,UPI,Android,Tier 2,4G,6,610.98,med,2,1
TXN_010983,UPI,Desktop,Tier 2,5G,12,2087.28,high,0,1
TXN_010984,Card,Android,Tier 1,5G,3,325.51,low,0,1
TXN_010985,UPI,Desktop,Tier 3,4G,21,892.82,med,0,1
TXN_010986,Card,Desktop,Tier 2,Wifi,17,481.19,low,0,1
TXN_010987,UPI,Android,Tier 1,5G,7,1079.22,med,1,1
TXN_010988,UPI,Android,Tier 3,4G,18,2877.01,high,0,1
TXN_010989,Netbanking,Android,Tier 3,4G,15,313.74,low,0,1
TXN_010990,Netbanking,Desktop,Tier 2,5G,19,3670.51,high,1,1
TXN_010991,Card,Android,Tier 1,4G,17,701.17,med,0,1
TXN_010992,UPI,Android,Tier 3,Wifi,15,908.06,med,0,1
TXN_010993,Card,Android,Tier 1,4G,15,376.57,low,0,1
TXN_010994,UPI,Android,Tier 1,4G,1,151.33,low,0,1
TXN_010995,UPI,Desktop,Tier 1,4G,13,418.87,low,0,1
TXN_010996,Wallet,Android,Tier 2,4G,21,1945.42,med,0,1
TXN_010997,UPI,iOS,Tier 3,4G,18,251.29,low,3,1
TXN_010998,PayLater,Android,Tier 2,3G,15,1696.06,med,0,1
TXN_010999,UPI,Android,Tier 3,4G,21,213.94,low,0,1
TXN_011000,UPI,Desktop,Tier 1,4G,3,167.39,low,0,1
TXN_011001,UPI,Android,Tier 1,4G,12,437.15,low,1,1
TXN_011002,Wallet,Desktop,Tier 2,5G,7,443.01,low,1,1
TXN_011003,Card,Android,Tier 3,5G,2,3914.78,high,0,0
TXN_011004,Netbanking,Android,Tier 2,5G,23,2784.64,high,1,1
TXN_011005,Card,Android,Tier 1,4G,2,468.09,low,0,0
TXN_011006,Card,Desktop,Tier 1,5G,4,3051.13,high,1,1
TXN_011007,Netbanking,Desktop,Tier 1,5G,10,1041.73,med,2,0
TXN_011008,UPI,Android,Tier 1,5G,12,211.93,low,0,1
TXN_011009,UPI,Android,Tier 1,4G,1,627.73,med,0,1
TXN_011010,UPI,Android,Tier 3,Wifi,5,414.58,low,1,1
TXN_011011,PayLater,Android,Tier 2,4G,6,1824.42,med,4,1
TXN_011012,Wallet,iOS,Tier 2,4G,23,273.05,low,0,1
TXN_011013,UPI,Android,Tier 1,4G,3,570.04,med,1,1
TXN_011014,Card,Desktop,Tier 1,4G,8,1374.87,med,1,0
TXN_011015,Wallet,Android,Tier 2,4G,17,724.52,med,1,1
TXN_011016,UPI,iOS,Tier 3,5G,13,2232.61,high,2,1
TXN_011017,Card,Android,Tier 2,Wifi,23,1142.04,med,0,1
TXN_011018,Wallet,Android,Tier 3,5G,5,225.01,low,2,0
TXN_011019,UPI,Desktop,Tier 3,4G,19,1577.52,med,0,1
TXN_011020,Card,Android,Tier 1,Wifi,1,4456.01,high,0,1
TXN_011021,UPI,iOS,Tier 1,5G,3,928.82,med,0,1
TXN_011022,Wallet,Desktop,Tier 2,4G,14,1303.51,med,1,1
TXN_011023,PayLater,Android,Tier 2,5G,2,261.85,low,0,1
TXN_011024,Wallet,Android,Tier 1,5G,3,360.6,low,0,1
TXN_011025,UPI,Android,Tier 2,4G,3,6805.02,high,1,1
TXN_011026,Netbanking,Android,Tier 2,4G,14,3943.47,high,0,0
TXN_011027,Netbanking,Android,Tier 3,4G,10,1077.6,med,1,1
TXN_011028,UPI,Android,Tier 1,3G,22,980.23,med,1,1
TXN_011029,Netbanking,Android,Tier 1,4G,16,1866.49,med,2,0
TXN_011030,UPI,Android,Tier 2,4G,14,258.98,low,1,1
TXN_011031,Card,Android,Tier 2,4G,20,3720.78,high,0,1
TXN_011032,UPI,Android,Tier 2,Wifi,2,2222.9,high,0,1
TXN_011033,UPI,Android,Tier 3,4G,22,609.52,med,0,1
TXN_011034,UPI,Android,Tier 3,5G,22,817.2,med,0,1
TXN_011035,Card,Android,Tier 2,5G,23,789.78,med,1,1
TXN_011036,UPI,Android,Tier 1,5G,9,517.55,med,0,1
TXN_011037,Card,Android,Tier 2,Wifi,3,656.88,med,1,0
TXN_011038,UPI,Android,Tier 2,4G,12,1991.83,med,0,1
TXN_011039,UPI,iOS,Tier 3,Wifi,1,1247.31,med,1,1
TXN_011040,UPI,Android,Tier 3,Wifi,5,828.41,med,0,1
TXN_011041,Netbanking,Android,Tier 2,Wifi,18,2404.29,high,1,0
TXN_011042,UPI,Desktop,Tier 2,Wifi,23,3937.83,high,0,1
TXN_011043,Card,iOS,Tier 1,Wifi,7,352.96,low,0,1
TXN_011044,Wallet,Android,Tier 1,4G,5,7020.5,high,0,0
TXN_011045,Card,Android,Tier 1,4G,19,3045.79,high,0,1
TXN_011046,UPI,Android,Tier 1,4G,13,4291.67,high,2,1
TXN_011047,UPI,Android,Tier 2,4G,7,32215.51,ultra_high,1,1
TXN_011048,Wallet,Desktop,Tier 1,5G,5,2517.34,high,0,1
TXN_011049,UPI,Android,Tier 2,4G,11,122.07,low,2,0
TXN_011050,Wallet,Desktop,Tier 2,4G,8,334.7,low,1,0
TXN_011051,UPI,Android,Tier 2,5G,6,184.1,low,0,1
TXN_011052,Wallet,Desktop,Tier 2,Wifi,12,4970.16,high,0,1
TXN_011053,Netbanking,Android,Tier 1,5G,15,4608.54,high,0,1
TXN_011054,PayLater,Android,Tier 3,Wifi,7,7738.55,high,0,0
TXN_011055,UPI,Android,Tier 1,5G,13,2323.1,high,1,1
TXN_011056,Netbanking,Android,Tier 3,Wifi,15,6915.17,high,0,1
TXN_011057,UPI,Android,Tier 1,4G,19,133.5,low,2,1
TXN_011058,UPI,iOS,Tier 2,3G,5,858.98,med,0,1
TXN_011059,Card,Android,Tier 1,4G,22,298.7,low,1,0
TXN_011060,Wallet,iOS,Tier 1,Wifi,3,128.31,low,0,1
TXN_011061,PayLater,Android,Tier 2,5G,3,7722.25,high,0,1
TXN_011062,Netbanking,Android,Tier 2,5G,2,213.24,low,2,1
TXN_011063,UPI,Desktop,Tier 1,5G,9,745.58,med,0,1
TXN_011064,UPI,Android,Tier 2,Wifi,5,1620.81,med,0,1
TXN_011065,Card,Android,Tier 1,Wifi,17,339.35,low,0,1
TXN_011066,UPI,Android,Tier 1,4G,12,97.62,low,0,1
TXN_011067,UPI,Android,Tier 3,4G,10,1079.72,med,1,1
TXN_011068,UPI,Desktop,Tier 3,4G,3,473.43,low,0,1
TXN_011069,UPI,Android,Tier 2,4G,7,8618.28,high,1,1
TXN_011070,UPI,Android,Tier 1,4G,2,1291.62,med,0,1
TXN_011071,UPI,iOS,Tier 1,5G,11,1829.25,med,0,1
TXN_011072,UPI,Android,Tier 3,4G,12,24.1,low,0,1
TXN_011073,UPI,Android,Tier 1,5G,23,1588.21,med,1,1
TXN_011074,PayLater,Desktop,Tier 3,4G,22,789.14,med,1,1
TXN_011075,UPI,Android,Tier 1,5G,22,5190.78,high,0,1
TXN_011076,UPI,iOS,Tier 3,4G,10,392.6,low,0,1
TXN_011077,Card,Android,Tier 1,5G,8,1669.45,med,0,1
TXN_011078,UPI,iOS,Tier 1,5G,3,250.02,low,0,1
TXN_011079,Wallet,Desktop,Tier 2,4G,10,154.56,low,0,1
TXN_011080,Netbanking,Android,Tier 3,4G,7,474.47,low,2,0
TXN_011081,UPI,Android,Tier 3,4G,17,564.13,med,0,1
TXN_011082,UPI,Android,Tier 2,Wifi,2,245.69,low,0,1
TXN_011083,Wallet,Android,Tier 2,5G,3,658.59,med,0,1
TXN_011084,Wallet,Android,Tier 2,5G,16,1361.39,med,0,1
TXN_011085,UPI,Android,Tier 2,4G,15,2618.34,high,1,1
TXN_011086,Card,Android,Tier 3,4G,6,79.78,low,0,1
TXN_011087,UPI,Desktop,Tier 2,4G,1,957.22,med,0,0
TXN_011088,PayLater,Android,Tier 2,4G,4,78.8,low,0,1
TXN_011089,UPI,Android,Tier 2,4G,0,5203.85,high,1,1
TXN_011090,Wallet,Android,Tier 2,4G,21,3798.06,high,2,1
TXN_011091,Card,Android,Tier 3,5G,12,776.97,med,0,1
TXN_011092,Card,Android,Tier 1,4G,11,319.33,low,1,1
TXN_011093,UPI,Android,Tier 1,4G,18,799.23,med,0,1
TXN_011094,UPI,Desktop,Tier 2,5G,21,195.67,low,0,1
TXN_011095,UPI,Desktop,Tier 1,5G,7,6843.53,high,0,1
TXN_011096,UPI,Android,Tier 2,5G,7,255.51,low,1,1
TXN_011097,UPI,Android,Tier 3,4G,11,2083.74,high,1,1
TXN_011098,Netbanking,Android,Tier 2,Wifi,3,416.79,low,0,1
TXN_011099,UPI,Android,Tier 3,Wifi,6,1663.79,med,0,1
TXN_011100,UPI,Android,Tier 1,4G,15,641.07,med,0,1
TXN_011101,PayLater,Android,Tier 3,4G,21,2162.62,high,1,0
TXN_011102,Wallet,Android,Tier 2,Wifi,17,3401.86,high,1,1
TXN_011103,Wallet,iOS,Tier 1,Wifi,5,581.65,med,1,1
TXN_011104,PayLater,Android,Tier 2,4G,17,1237.87,med,0,1
TXN_011105,UPI,Android,Tier 3,4G,3,9072.76,high,0,1
TXN_011106,UPI,Android,Tier 1,Wifi,20,919.82,med,0,1
TXN_011107,Netbanking,Desktop,Tier 2,4G,8,1780.67,med,0,1
TXN_011108,Card,Desktop,Tier 3,Wifi,12,2307.33,high,0,1
TXN_011109,UPI,Android,Tier 1,4G,18,234.15,low,0,1
TXN_011110,Netbanking,Android,Tier 2,Wifi,11,158.47,low,1,0
TXN_011111,UPI,Android,Tier 2,4G,15,964.57,med,0,1
TXN_011112,UPI,Android,Tier 1,4G,4,549.05,med,1,1
TXN_011113,UPI,Android,Tier 2,3G,1,276.05,low,1,1
TXN_011114,Card,Android,Tier 1,4G,2,79.56,low,1,1
TXN_011115,Card,Android,Tier 2,4G,12,601.77,med,0,0
TXN_011116,UPI,Android,Tier 1,Wifi,20,745.79,med,0,1
TXN_011117,Wallet,Android,Tier 1,4G,6,1756.4,med,0,1
TXN_011118,UPI,Desktop,Tier 2,4G,12,774.83,med,0,1
TXN_011119,UPI,Android,Tier 1,4G,15,140.89,low,0,1
TXN_011120,Wallet,Android,Tier 1,5G,21,578.61,med,2,1
TXN_011121,PayLater,Android,Tier 3,5G,13,254.14,low,0,1
TXN_011122,Netbanking,Android,Tier 3,Wifi,17,1956.4,med,0,1
TXN_011123,Netbanking,Android,Tier 3,5G,12,5555.64,high,4,0
TXN_011124,Card,Android,Tier 2,4G,13,896.48,med,0,1
TXN_011125,Card,Android,Tier 3,4G,8,628.3,med,2,1
TXN_011126,UPI,Android,Tier 3,Wifi,7,1231.45,med,0,1
TXN_011127,UPI,Android,Tier 2,5G,4,4339.12,high,0,1
TXN_011128,UPI,Android,Tier 1,Wifi,22,46.14,low,1,1
TXN_011129,UPI,Android,Tier 1,3G,6,319.06,low,0,1
TXN_011130,Card,Android,Tier 2,4G,15,348.73,low,2,0
TXN_011131,UPI,Android,Tier 3,5G,9,973.96,med,0,1
TXN_011132,UPI,Android,Tier 2,5G,21,1464.67,med,0,1
TXN_011133,UPI,Android,Tier 2,4G,2,1354.67,med,3,1
TXN_011134,Card,Android,Tier 1,4G,23,1300.12,med,1,1
TXN_011135,UPI,Desktop,Tier 1,Wifi,16,964.25,med,0,1
TXN_011136,Netbanking,Desktop,Tier 2,5G,9,529.46,med,0,1
TXN_011137,UPI,Android,Tier 3,5G,10,954.97,med,0,1
TXN_011138,UPI,iOS,Tier 1,5G,19,54.18,low,0,1
TXN_011139,Card,Android,Tier 3,5G,9,325.81,low,1,1
TXN_011140,Netbanking,Desktop,Tier 1,4G,17,1082.51,med,2,0
TXN_011141,UPI,Android,Tier 2,5G,20,170.55,low,1,1
TXN_011142,Card,Android,Tier 2,4G,22,196.02,low,4,1
TXN_011143,Card,Android,Tier 3,Wifi,0,728.33,med,0,0
TXN_011144,UPI,Android,Tier 1,5G,3,4111.17,high,0,1
TXN_011145,Wallet,iOS,Tier 1,Wifi,2,923.12,med,0,0
TXN_011146,Netbanking,Desktop,Tier 1,4G,19,146.76,low,1,1
TXN_011147,Card,Android,Tier 3,3G,5,952.72,med,2,0
TXN_011148,Netbanking,Android,Tier 1,Wifi,5,2280.7,high,0,1
TXN_011149,Netbanking,iOS,Tier 1,5G,16,1434.56,med,1,1
TXN_011150,Card,Android,Tier 2,4G,18,452.67,low,1,0
TXN_011151,Netbanking,Android,Tier 2,4G,16,701.16,med,0,0
TXN_011152,Card,Android,Tier 3,5G,16,1215.51,med,0,1
TXN_011153,Card,Android,Tier 3,5G,16,1789.39,med,0,0
TXN_011154,Card,Android,Tier 2,4G,2,721.67,med,0,0
TXN_011155,Netbanking,Android,Tier 3,5G,13,263.01,low,0,1
TXN_011156,UPI,Android,Tier 2,5G,1,778.58,med,0,1
TXN_011157,Wallet,Android,Tier 1,4G,3,595.23,med,1,1
TXN_011158,Wallet,Desktop,Tier 3,4G,22,1259.27,med,0,1
TXN_011159,UPI,Android,Tier 2,4G,17,5089.46,high,3,0
TXN_011160,Netbanking,Android,Tier 2,4G,1,3721.87,high,0,0
TXN_011161,UPI,Android,Tier 2,4G,11,759.11,med,0,1
TXN_011162,UPI,Android,Tier 2,Wifi,14,1082.42,med,0,1
TXN_011163,Card,Android,Tier 1,4G,12,188.11,low,0,1
TXN_011164,UPI,Android,Tier 2,4G,10,1866.58,med,0,1
TXN_011165,Netbanking,Android,Tier 3,4G,6,1156.72,med,0,1
TXN_011166,Netbanking,Android,Tier 2,3G,8,1653.77,med,1,0
TXN_011167,UPI,Android,Tier 1,4G,14,332.29,low,2,1
TXN_011168,UPI,Android,Tier 3,3G,2,994.93,med,0,1
TXN_011169,UPI,Android,Tier 1,4G,9,448.87,low,0,1
TXN_011170,Card,Android,Tier 1,4G,7,3022.36,high,1,0
TXN_011171,PayLater,Android,Tier 1,5G,5,1506.77,med,1,1
TXN_011172,Card,Android,Tier 1,5G,13,3746.2,high,0,0
TXN_011173,UPI,iOS,Tier 2,5G,5,249.78,low,0,1
TXN_011174,Card,Android,Tier 2,Wifi,18,763.2,med,0,1
TXN_011175,UPI,iOS,Tier 3,4G,8,707.31,med,2,1
TXN_011176,Netbanking,iOS,Tier 3,5G,8,1356.61,med,0,0
TXN_011177,UPI,Android,Tier 3,5G,19,1196.9,med,0,1
TXN_011178,Netbanking,Android,Tier 2,Wifi,15,1010.34,med,0,1
TXN_011179,UPI,Android,Tier 2,4G,12,153.75,low,0,1
TXN_011180,PayLater,Android,Tier 3,4G,12,261.98,low,0,1
TXN_011181,UPI,Android,Tier 2,5G,11,609.9,med,0,1
TXN_011182,Card,Android,Tier 3,Wifi,21,1340.04,med,0,0
TXN_011183,Wallet,Android,Tier 2,4G,20,5306.37,high,0,1
TXN_011184,UPI,Android,Tier 1,4G,19,1144.82,med,0,1
TXN_011185,Wallet,iOS,Tier 2,4G,1,3443.12,high,0,1
TXN_011186,Card,Android,Tier 2,5G,3,574.44,med,0,1
TXN_011187,UPI,Desktop,Tier 2,4G,6,158.43,low,1,1
TXN_011188,UPI,Desktop,Tier 1,4G,18,1531.04,med,0,1
TXN_011189,Card,Desktop,Tier 2,5G,2,880.43,med,0,1
TXN_011190,UPI,iOS,Tier 3,4G,10,543.93,med,0,1
TXN_011191,Card,Android,Tier 3,4G,18,134.36,low,2,0
TXN_011192,UPI,Android,Tier 1,4G,13,77.56,low,0,1
TXN_011193,Card,Android,Tier 1,4G,16,3649.92,high,0,1
TXN_011194,UPI,Android,Tier 2,4G,4,418.88,low,0,1
TXN_011195,Wallet,iOS,Tier 2,4G,13,2305.62,high,0,1
TXN_011196,PayLater,Desktop,Tier 1,4G,6,6639.2,high,0,1
TXN_011197,PayLater,Android,Tier 1,Wifi,11,574.39,med,2,1
TXN_011198,Card,Android,Tier 3,4G,16,3409.66,high,1,1
TXN_011199,UPI,Android,Tier 3,5G,19,1603.31,med,0,1
TXN_011200,Netbanking,Android,Tier 2,4G,21,3304.05,high,0,0
TXN_011201,UPI,Android,Tier 2,4G,20,958.63,med,0,1
TXN_011202,UPI,Android,Tier 2,Wifi,17,1418.29,med,0,1
TXN_011203,UPI,iOS,Tier 1,4G,0,2113.02,high,0,1
TXN_011204,UPI,Android,Tier 2,4G,10,144.03,low,0,1
TXN_011205,Netbanking,Desktop,Tier 1,Wifi,3,633.41,med,0,0
TXN_011206,Card,Android,Tier 2,5G,11,148.79,low,0,0
TXN_011207,UPI,iOS,Tier 1,5G,4,764.44,med,0,1
TXN_011208,UPI,Android,Tier 2,5G,14,545.33,med,1,1
TXN_011209,PayLater,iOS,Tier 2,4G,19,5086.32,high,0,0
TXN_011210,UPI,Android,Tier 1,Wifi,2,9296.05,high,0,1
TXN_011211,UPI,Android,Tier 1,Wifi,14,1492.92,med,0,1
TXN_011212,UPI,Android,Tier 1,4G,7,6306.82,high,0,1
TXN_011213,Netbanking,Desktop,Tier 2,Wifi,21,1098.58,med,0,1
TXN_011214,Card,Android,Tier 1,4G,10,394.82,low,0,1
TXN_011215,UPI,Android,Tier 1,5G,11,2238.42,high,1,1
TXN_011216,UPI,Android,Tier 2,4G,2,611.24,med,2,1
TXN_011217,Card,Android,Tier 2,5G,5,752.85,med,0,0
TXN_011218,Card,iOS,Tier 1,4G,7,1721.66,med,1,0
TXN_011219,UPI,Android,Tier 2,5G,6,514.72,med,0,1
TXN_011220,PayLater,Android,Tier 3,4G,16,10332.92,ultra_high,0,1
TXN_011221,UPI,Desktop,Tier 3,4G,15,65.88,low,0,1
TXN_011222,UPI,iOS,Tier 1,5G,21,220.16,low,1,0
TXN_011223,Wallet,iOS,Tier 3,Wifi,16,1118.84,med,2,1
TXN_011224,UPI,Android,Tier 2,4G,12,1271.58,med,1,1
TXN_011225,Card,Android,Tier 3,Wifi,3,791.57,med,2,0
TXN_011226,UPI,Android,Tier 2,4G,9,847.93,med,0,1
TXN_011227,UPI,Android,Tier 2,Wifi,15,193.51,low,1,1
TXN_011228,PayLater,Android,Tier 2,5G,18,2188.48,high,0,1
TXN_011229,UPI,Android,Tier 2,Wifi,6,1086.08,med,1,1
TXN_011230,Wallet,Android,Tier 3,5G,17,880.07,med,1,1
TXN_011231,UPI,Android,Tier 1,5G,12,2015.6,high,1,0
TXN_011232,UPI,iOS,Tier 1,4G,3,1874.42,med,0,0
TXN_011233,UPI,Android,Tier 2,3G,20,340.87,low,0,1
TXN_011234,Card,Android,Tier 3,Wifi,17,1225.01,med,0,1
TXN_011235,UPI,Desktop,Tier 2,4G,15,913.02,med,0,1
TXN_011236,Netbanking,Android,Tier 2,4G,17,1955.53,med,1,1
TXN_011237,UPI,Android,Tier 2,5G,15,3457.49,high,0,1
TXN_011238,PayLater,Desktop,Tier 1,3G,21,660.97,med,2,0
TXN_011239,UPI,Desktop,Tier 1,4G,23,1949.77,med,1,1
TXN_011240,Netbanking,Android,Tier 2,Wifi,22,1110.31,med,0,1
TXN_011241,Netbanking,Android,Tier 3,4G,21,200.41,low,0,0
TXN_011242,Netbanking,Android,Tier 1,Wifi,23,356.34,low,0,1
TXN_011243,Netbanking,Android,Tier 2,5G,20,363.91,low,0,1
TXN_011244,Netbanking,iOS,Tier 1,4G,8,3285.51,high,2,1
TXN_011245,Card,Android,Tier 1,4G,1,213.84,low,1,1
TXN_011246,UPI,Android,Tier 1,5G,5,139.93,low,0,1
TXN_011247,UPI,Android,Tier 2,5G,22,2604.83,high,0,1
TXN_011248,Wallet,Android,Tier 1,Wifi,20,1168.47,med,1,1
TXN_011249,Card,Android,Tier 1,5G,5,631.79,med,1,0
TXN_011250,Netbanking,iOS,Tier 2,5G,5,95.9,low,1,0
TXN_011251,UPI,Android,Tier 3,Wifi,13,99.71,low,0,1
TXN_011252,UPI,Android,Tier 1,5G,10,46.53,low,4,0
TXN_011253,UPI,Android,Tier 2,Wifi,16,322.46,low,1,1
TXN_011254,Card,Android,Tier 1,Wifi,3,14196.44,ultra_high,0,1
TXN_011255,UPI,Android,Tier 3,Wifi,3,1189.07,med,0,1
TXN_011256,UPI,Android,Tier 2,4G,18,1489.2,med,0,1
TXN_011257,UPI,Android,Tier 3,5G,23,833.95,med,3,1
TXN_011258,UPI,Android,Tier 1,4G,21,181.83,low,0,1
TXN_011259,Card,Android,Tier 2,4G,22,506.41,med,0,1
TXN_011260,UPI,iOS,Tier 2,4G,15,3445.2,high,0,1
TXN_011261,Netbanking,Android,Tier 1,Wifi,7,1472.02,med,0,1
TXN_011262,UPI,Android,Tier 1,4G,18,49.44,low,0,0
TXN_011263,UPI,Android,Tier 2,4G,19,7265.96,high,0,1
TXN_011264,UPI,Android,Tier 2,4G,0,800.94,med,2,1
TXN_011265,UPI,Desktop,Tier 1,4G,3,357.23,low,1,1
TXN_011266,UPI,Android,Tier 2,5G,11,640.67,med,0,1
TXN_011267,UPI,iOS,Tier 1,4G,20,527.6,med,0,1
TXN_011268,Card,Desktop,Tier 1,4G,18,378.52,low,2,0
TXN_011269,UPI,iOS,Tier 2,5G,1,1752.05,med,0,1
TXN_011270,Card,Android,Tier 1,4G,5,333.23,low,0,1
TXN_011271,Netbanking,Android,Tier 2,4G,19,316.42,low,0,0
TXN_011272,Netbanking,Android,Tier 1,Wifi,21,1049.7,med,3,1
TXN_011273,UPI,Android,Tier 2,Wifi,2,1378.45,med,1,0
TXN_011274,UPI,Android,Tier 2,4G,2,2087.29,high,0,1
TXN_011275,UPI,Android,Tier 3,4G,0,1961.89,med,0,1
TXN_011276,UPI,Android,Tier 1,Wifi,8,1068.31,med,3,1
TXN_011277,PayLater,Android,Tier 2,4G,6,106.53,low,0,1
TXN_011278,UPI,Android,Tier 1,5G,8,4032.97,high,0,1
TXN_011279,UPI,iOS,Tier 2,5G,0,2949.12,high,0,1
TXN_011280,Card,iOS,Tier 2,Wifi,7,1233.56,med,0,0
TXN_011281,Card,Android,Tier 1,Wifi,17,691.99,med,0,1
TXN_011282,Card,Android,Tier 2,4G,2,443.59,low,2,0
TXN_011283,UPI,Android,Tier 1,4G,16,2300.83,high,1,1
TXN_011284,UPI,Android,Tier 1,5G,6,100.88,low,0,1
TXN_011285,UPI,Desktop,Tier 1,3G,10,1433.95,med,1,1
TXN_011286,UPI,iOS,Tier 2,Wifi,4,1738.43,med,1,1
TXN_011287,UPI,Android,Tier 2,5G,12,64.09,low,0,1
TXN_011288,UPI,Android,Tier 1,Wifi,10,8840.32,high,0,1
TXN_011289,UPI,Android,Tier 2,4G,2,15013.92,ultra_high,0,1
TXN_011290,UPI,Android,Tier 1,4G,12,11528.38,ultra_high,0,1
TXN_011291,UPI,Android,Tier 1,4G,19,2058.84,high,0,0
TXN_011292,Card,Android,Tier 2,4G,5,8183.9,high,0,1
TXN_011293,Card,Android,Tier 2,5G,21,655.11,med,0,1
TXN_011294,Netbanking,Android,Tier 1,Wifi,14,14532.15,ultra_high,0,1
TXN_011295,UPI,Android,Tier 1,5G,1,1096.74,med,0,1
TXN_011296,UPI,Desktop,Tier 3,5G,22,78.04,low,0,1
TXN_011297,UPI,iOS,Tier 1,4G,1,369.73,low,2,1
TXN_011298,Card,Android,Tier 1,5G,13,1449.94,med,1,1
TXN_011299,Card,Android,Tier 2,4G,1,1129.33,med,0,1
TXN_011300,UPI,Android,Tier 2,5G,4,221.2,low,0,1
TXN_011301,Wallet,Android,Tier 2,4G,15,4327.94,high,0,1
TXN_011302,UPI,Android,Tier 3,5G,7,3407.99,high,1,1
TXN_011303,UPI,iOS,Tier 1,4G,7,405.9,low,3,0
TXN_011304,Card,Android,Tier 2,5G,10,92.96,low,0,1
TXN_011305,Wallet,Android,Tier 1,4G,12,2030.08,high,0,1
TXN_011306,Card,Android,Tier 2,4G,14,500.25,med,2,0
TXN_011307,Netbanking,Desktop,Tier 3,4G,3,452.75,low,1,1
TXN_011308,UPI,Desktop,Tier 2,5G,22,234.48,low,1,1
TXN_011309,Netbanking,Android,Tier 2,5G,7,4535.9,high,0,0
TXN_011310,UPI,Android,Tier 3,Wifi,15,143.04,low,0,1
TXN_011311,Wallet,Android,Tier 1,5G,15,359.63,low,0,1
TXN_011312,UPI,Android,Tier 2,4G,23,520.99,med,0,1
TXN_011313,Netbanking,Android,Tier 3,Wifi,20,528.46,med,0,1
TXN_011314,UPI,Android,Tier 2,4G,9,68.9,low,2,1
TXN_011315,Card,Android,Tier 1,4G,1,481.7,low,0,1
TXN_011316,UPI,Android,Tier 1,5G,17,1530.37,med,0,1
TXN_011317,Card,Android,Tier 1,4G,20,1270.29,med,3,1
TXN_011318,UPI,iOS,Tier 1,4G,15,44.04,low,0,1
TXN_011319,UPI,Android,Tier 2,5G,3,2872.78,high,1,1
TXN_011320,UPI,Android,Tier 1,5G,19,1791.3,med,0,1
TXN_011321,UPI,Android,Tier 1,Wifi,18,110.52,low,0,1
TXN_011322,Wallet,Android,Tier 2,4G,7,631.29,med,0,1
TXN_011323,UPI,Android,Tier 2,Wifi,19,182.9,low,0,1
TXN_011324,PayLater,Android,Tier 2,5G,22,3380.82,high,0,0
TXN_011325,UPI,Android,Tier 2,Wifi,7,4396.49,high,0,1
TXN_011326,UPI,Android,Tier 1,5G,13,2141.48,high,1,1
TXN_011327,Netbanking,Android,Tier 1,5G,15,6684.83,high,0,1
TXN_011328,Card,Android,Tier 1,4G,5,1570.47,med,0,1
TXN_011329,UPI,Desktop,Tier 2,5G,17,988.62,med,1,1
TXN_011330,Card,Android,Tier 1,5G,7,1893.67,med,0,1
TXN_011331,Card,Android,Tier 2,4G,18,314.52,low,0,1
TXN_011332,UPI,Android,Tier 1,5G,3,241.73,low,0,1
TXN_011333,PayLater,iOS,Tier 3,5G,3,704.26,med,1,1
TXN_011334,PayLater,Android,Tier 2,5G,6,528.78,med,0,1
TXN_011335,Card,iOS,Tier 2,4G,7,352.41,low,0,1
TXN_011336,UPI,iOS,Tier 3,4G,8,6103.16,high,3,1
TXN_011337,Card,Android,Tier 2,4G,0,358.49,low,0,1
TXN_011338,UPI,Android,Tier 2,5G,16,145.07,low,0,1
TXN_011339,UPI,Android,Tier 3,4G,6,148.2,low,0,1
TXN_011340,UPI,iOS,Tier 2,4G,19,1061.76,med,0,1
TXN_011341,UPI,Android,Tier 3,3G,9,6396.4,high,0,0
TXN_011342,Netbanking,Android,Tier 1,4G,23,75.67,low,1,1
TXN_011343,Card,Android,Tier 3,5G,20,1750.36,med,0,0
TXN_011344,Card,Android,Tier 1,Wifi,0,4100.16,high,0,1
TXN_011345,UPI,Android,Tier 1,5G,17,299.85,low,0,1
TXN_011346,UPI,Android,Tier 2,Wifi,13,282.76,low,0,1
TXN_011347,UPI,Android,Tier 1,3G,18,9439.36,high,0,1
TXN_011348,PayLater,Android,Tier 1,Wifi,17,4181.78,high,0,0
TXN_011349,UPI,Android,Tier 1,5G,12,483.67,low,0,1
TXN_011350,Netbanking,Desktop,Tier 2,4G,6,1458.24,med,1,1
TXN_011351,Card,Android,Tier 3,4G,1,896.02,med,1,1
TXN_011352,UPI,iOS,Tier 2,Wifi,6,2729.89,high,0,1
TXN_011353,Card,Android,Tier 3,Wifi,9,829.38,med,1,0
TXN_011354,UPI,Android,Tier 2,Wifi,16,392.45,low,3,0
TXN_011355,Wallet,iOS,Tier 1,5G,20,403.68,low,0,0
TXN_011356,Wallet,Android,Tier 1,4G,4,4244.54,high,3,0
TXN_011357,UPI,Desktop,Tier 2,4G,8,1192.18,med,0,1
TXN_011358,UPI,iOS,Tier 1,4G,3,970.61,med,3,1
TXN_011359,Card,Android,Tier 1,5G,19,1922.18,med,1,0
TXN_011360,Wallet,Android,Tier 2,4G,21,1773.59,med,0,1
TXN_011361,UPI,Android,Tier 2,4G,14,204.19,low,0,1
TXN_011362,Card,Android,Tier 1,Wifi,13,523.07,med,1,1
TXN_011363,Card,Android,Tier 3,4G,17,201.24,low,0,1
TXN_011364,Card,Android,Tier 2,Wifi,9,306.81,low,0,1
TXN_011365,UPI,Android,Tier 2,4G,15,5468.51,high,0,1
TXN_011366,Card,Android,Tier 3,Wifi,21,28983.33,ultra_high,0,1
TXN_011367,Wallet,iOS,Tier 1,4G,22,270.34,low,0,1
TXN_011368,UPI,iOS,Tier 2,4G,19,443.89,low,0,1
TXN_011369,UPI,Android,Tier 3,5G,9,687.47,med,0,1
TXN_011370,PayLater,iOS,Tier 2,Wifi,8,32.83,low,0,1
TXN_011371,UPI,Android,Tier 3,4G,15,17303.62,ultra_high,1,1
TXN_011372,Netbanking,Android,Tier 2,5G,4,192.52,low,0,0
TXN_011373,UPI,Android,Tier 2,3G,18,627.2,med,0,1
TXN_011374,UPI,Android,Tier 1,4G,0,1431.57,med,0,1
TXN_011375,Wallet,Android,Tier 3,Wifi,23,926.48,med,0,1
TXN_011376,UPI,iOS,Tier 3,4G,0,963.35,med,0,1
TXN_011377,UPI,Desktop,Tier 3,4G,23,1366.79,med,0,1
TXN_011378,UPI,Android,Tier 2,4G,4,174.55,low,0,1
TXN_011379,Card,iOS,Tier 1,4G,6,852.7,med,1,1
TXN_011380,UPI,Android,Tier 1,4G,23,4142.18,high,1,1
TXN_011381,UPI,Android,Tier 3,4G,14,470.42,low,0,1
TXN_011382,PayLater,iOS,Tier 1,4G,10,1009.45,med,0,1
TXN_011383,UPI,Android,Tier 1,5G,11,1546.38,med,0,1
TXN_011384,Card,Android,Tier 2,5G,16,1790.81,med,0,1
TXN_011385,UPI,Android,Tier 2,5G,16,1077.49,med,1,1
TXN_011386,Netbanking,Android,Tier 2,4G,22,1267.11,med,1,1
TXN_011387,UPI,Android,Tier 2,Wifi,16,284.55,low,0,1
TXN_011388,PayLater,Android,Tier 2,4G,3,179.5,low,1,1
TXN_011389,UPI,Android,Tier 3,4G,21,1431.29,med,1,1
TXN_011390,UPI,Android,Tier 1,5G,1,548.52,med,1,1
TXN_011391,UPI,Android,Tier 1,5G,9,1279.65,med,2,1
TXN_011392,UPI,Android,Tier 2,4G,4,873.1,med,1,1
TXN_011393,UPI,iOS,Tier 3,4G,9,372.23,low,1,1
TXN_011394,UPI,Android,Tier 1,Wifi,9,455.45,low,0,1
TXN_011395,Netbanking,Android,Tier 1,5G,10,106.86,low,1,1
TXN_011396,UPI,Android,Tier 2,4G,9,776.16,med,0,1
TXN_011397,UPI,Android,Tier 2,Wifi,10,274.41,low,1,1
TXN_011398,Card,Android,Tier 3,4G,5,1615.73,med,1,1
TXN_011399,Card,Android,Tier 3,5G,20,832.09,med,0,1
TXN_011400,UPI,Desktop,Tier 2,4G,9,1440.86,med,0,1
TXN_011401,UPI,Android,Tier 2,4G,7,1153.28,med,0,1
TXN_011402,UPI,Android,Tier 1,4G,10,1997.9,med,0,1
TXN_011403,Card,Android,Tier 2,5G,19,1961.55,med,0,1
TXN_011404,Card,Android,Tier 2,4G,23,556.91,med,0,1
TXN_011405,UPI,Android,Tier 1,5G,18,1836.36,med,0,0
TXN_011406,Netbanking,Android,Tier 1,Wifi,6,3042.17,high,0,1
TXN_011407,Netbanking,iOS,Tier 3,Wifi,20,707.43,med,0,1
TXN_011408,Card,Android,Tier 2,4G,11,2077.94,high,0,1
TXN_011409,Netbanking,iOS,Tier 2,4G,20,1215.76,med,0,1
TXN_011410,UPI,Android,Tier 1,4G,5,1838.8,med,0,1
TXN_011411,UPI,Android,Tier 2,4G,11,1817.71,med,0,1
TXN_011412,UPI,Android,Tier 3,3G,4,3552.78,high,0,1
TXN_011413,UPI,Android,Tier 1,3G,12,109.91,low,1,0
TXN_011414,UPI,Desktop,Tier 2,4G,16,2064.49,high,2,1
TXN_011415,Wallet,Android,Tier 1,4G,8,1938.29,med,0,1
TXN_011416,UPI,Android,Tier 2,Wifi,19,4434.94,high,0,1
TXN_011417,UPI,Desktop,Tier 3,Wifi,20,1378.15,med,0,1
TXN_011418,UPI,iOS,Tier 2,5G,16,2287.36,high,2,1
TXN_011419,Wallet,iOS,Tier 3,4G,18,750.06,med,1,1
TXN_011420,UPI,Desktop,Tier 3,4G,18,305.88,low,0,1
TXN_011421,UPI,Android,Tier 3,Wifi,7,928.64,med,0,1
TXN_011422,UPI,iOS,Tier 3,4G,7,803.68,med,0,1
TXN_011423,UPI,Android,Tier 1,Wifi,14,1293.74,med,0,1
TXN_011424,PayLater,iOS,Tier 3,4G,6,13925.99,ultra_high,1,1
TXN_011425,PayLater,iOS,Tier 1,Wifi,5,1258.35,med,0,1
TXN_011426,UPI,Android,Tier 1,5G,15,935.77,med,3,1
TXN_011427,PayLater,iOS,Tier 1,4G,7,931.55,med,0,0
TXN_011428,Card,Android,Tier 1,4G,2,1520.23,med,1,0
TXN_011429,Netbanking,Android,Tier 2,5G,9,1074.69,med,0,0
TXN_011430,UPI,Android,Tier 2,4G,9,1138.69,med,0,0
TXN_011431,UPI,Desktop,Tier 1,5G,23,761.33,med,0,1
TXN_011432,UPI,Android,Tier 2,4G,18,2088.85,high,1,1
TXN_011433,Card,Android,Tier 2,4G,1,300.61,low,1,0
TXN_011434,UPI,Android,Tier 2,5G,8,547.18,med,0,1
TXN_011435,UPI,Desktop,Tier 1,5G,0,3766.19,high,4,0
TXN_011436,UPI,Android,Tier 1,4G,9,627.77,med,1,1
TXN_011437,Card,iOS,Tier 1,4G,17,328.36,low,0,1
TXN_011438,UPI,iOS,Tier 1,5G,22,1114.45,med,1,1
TXN_011439,Card,Android,Tier 2,5G,0,495.37,low,3,0
TXN_011440,PayLater,Android,Tier 2,4G,11,247.57,low,2,1
TXN_011441,UPI,iOS,Tier 1,4G,4,2687.7,high,0,1
TXN_011442,Card,Desktop,Tier 1,4G,10,495.18,low,0,1
TXN_011443,UPI,iOS,Tier 1,5G,19,1101.39,med,0,1
TXN_011444,Netbanking,Android,Tier 3,5G,13,812.87,med,0,0
TXN_011445,UPI,iOS,Tier 1,4G,14,541.13,med,4,0
TXN_011446,Card,Android,Tier 3,Wifi,1,564.56,med,1,0
TXN_011447,Netbanking,Android,Tier 2,4G,3,884.49,med,0,1
TXN_011448,Wallet,iOS,Tier 1,5G,18,3688.78,high,0,0
TXN_011449,Card,Android,Tier 3,4G,12,1315.31,med,0,0
TXN_011450,UPI,iOS,Tier 2,5G,18,5486.03,high,0,1
TXN_011451,Card,Android,Tier 2,5G,12,466.09,low,0,1
TXN_011452,Netbanking,iOS,Tier 2,Wifi,22,1013.39,med,0,1
TXN_011453,Card,Android,Tier 2,Wifi,11,215.41,low,0,1
TXN_011454,UPI,Android,Tier 1,5G,1,1976.25,med,2,1
TXN_011455,Wallet,iOS,Tier 1,Wifi,4,3143.79,high,0,1
TXN_011456,Card,Android,Tier 3,4G,17,2133.97,high,0,1
TXN_011457,Card,Android,Tier 3,4G,22,2683.37,high,0,1
TXN_011458,UPI,Desktop,Tier 1,Wifi,22,880.21,med,0,1
TXN_011459,Card,Android,Tier 3,Wifi,18,1530.54,med,0,1
TXN_011460,UPI,Desktop,Tier 2,5G,2,2626.85,high,0,1
TXN_011461,Card,Android,Tier 1,4G,23,3548.61,high,2,0
TXN_011462,UPI,Android,Tier 2,Wifi,22,893.03,med,0,1
TXN_011463,Card,iOS,Tier 2,4G,3,432.32,low,0,1
TXN_011464,PayLater,Android,Tier 2,4G,17,4718.0,high,0,1
TXN_011465,UPI,Android,Tier 3,5G,11,1007.18,med,0,1
TXN_011466,PayLater,Android,Tier 1,4G,2,856.48,med,0,1
TXN_011467,UPI,iOS,Tier 2,4G,10,386.59,low,0,1
TXN_011468,Wallet,Android,Tier 2,Wifi,13,810.16,med,0,1
TXN_011469,Netbanking,Android,Tier 3,4G,2,588.94,med,0,0
TXN_011470,Card,Android,Tier 1,Wifi,4,297.08,low,0,0
TXN_011471,Card,Android,Tier 2,Wifi,6,338.43,low,0,1
TXN_011472,Wallet,Android,Tier 3,Wifi,19,1849.87,med,1,1
TXN_011473,UPI,Android,Tier 1,3G,16,654.12,med,0,1
TXN_011474,UPI,Android,Tier 2,5G,18,1073.44,med,1,1
TXN_011475,Card,Android,Tier 3,5G,2,681.66,med,0,1
TXN_011476,Netbanking,Android,Tier 1,Wifi,0,297.96,low,0,1
TXN_011477,Netbanking,Android,Tier 3,4G,7,3742.66,high,0,1
TXN_011478,Netbanking,Android,Tier 1,4G,19,1233.62,med,1,0
TXN_011479,UPI,iOS,Tier 1,5G,4,2064.29,high,0,1
TXN_011480,Netbanking,Android,Tier 1,5G,2,1483.63,med,0,1
TXN_011481,UPI,Android,Tier 1,5G,19,807.33,med,0,1
TXN_011482,UPI,Android,Tier 1,5G,16,498.35,low,0,1
TXN_011483,UPI,Android,Tier 2,5G,12,130.07,low,0,1
TXN_011484,UPI,iOS,Tier 1,5G,12,82.8,low,0,1
TXN_011485,UPI,Desktop,Tier 3,4G,3,2442.79,high,0,1
TXN_011486,UPI,Android,Tier 2,4G,17,3047.4,high,0,1
TXN_011487,Card,Android,Tier 2,Wifi,5,4131.87,high,1,1
TXN_011488,UPI,Android,Tier 2,4G,1,787.87,med,2,1
TXN_011489,UPI,Android,Tier 2,3G,14,400.95,low,1,1
TXN_011490,UPI,iOS,Tier 2,Wifi,1,1862.17,med,3,1
TXN_011491,UPI,Android,Tier 1,5G,19,3887.65,high,2,0
TXN_011492,UPI,Android,Tier 3,3G,19,7077.82,high,2,1
TXN_011493,UPI,Android,Tier 2,5G,15,627.9,med,0,0
TXN_011494,Card,Android,Tier 1,4G,10,2784.67,high,0,1
TXN_011495,Card,Android,Tier 2,5G,16,1590.15,med,1,0
TXN_011496,Card,Desktop,Tier 2,4G,22,954.1,med,0,1
TXN_011497,UPI,Android,Tier 1,4G,0,414.28,low,2,1
TXN_011498,UPI,Android,Tier 3,4G,12,4137.83,high,2,0
TXN_011499,Netbanking,Android,Tier 2,5G,7,3627.34,high,2,1
TXN_011500,UPI,Android,Tier 2,5G,2,743.57,med,0,1
TXN_011501,UPI,Android,Tier 2,4G,13,2210.8,high,0,1
TXN_011502,UPI,Android,Tier 3,4G,23,1881.05,med,0,1
TXN_011503,UPI,Android,Tier 1,5G,23,1925.74,med,0,1
TXN_011504,UPI,Android,Tier 2,4G,13,297.04,low,2,1
TXN_011505,UPI,Desktop,Tier 1,4G,20,297.84,low,1,1
TXN_011506,Card,Android,Tier 2,5G,13,739.1,med,2,0
TXN_011507,UPI,iOS,Tier 1,4G,18,1466.58,med,0,1
TXN_011508,Card,Android,Tier 1,4G,10,7495.35,high,0,1
TXN_011509,Netbanking,Android,Tier 3,4G,11,156.43,low,1,0
TXN_011510,Netbanking,Android,Tier 2,5G,0,3437.38,high,0,0
TXN_011511,Card,Desktop,Tier 1,Wifi,0,195.99,low,2,1
TXN_011512,PayLater,iOS,Tier 2,3G,13,1195.0,med,0,0
TXN_011513,UPI,iOS,Tier 2,5G,17,99.22,low,0,1
TXN_011514,UPI,Android,Tier 1,4G,21,4662.81,high,1,1
TXN_011515,UPI,Android,Tier 1,4G,1,1244.63,med,0,1
TXN_011516,Card,Android,Tier 3,4G,3,1481.95,med,0,1
TXN_011517,Wallet,Desktop,Tier 2,5G,21,2425.08,high,0,1
TXN_011518,UPI,Android,Tier 1,5G,17,648.24,med,0,1
TXN_011519,Wallet,Android,Tier 3,5G,3,112.97,low,0,1
TXN_011520,UPI,Android,Tier 2,4G,22,107.28,low,1,1
TXN_011521,Wallet,Android,Tier 1,4G,16,1737.92,med,0,1
TXN_011522,UPI,Android,Tier 1,4G,15,652.39,med,0,1
TXN_011523,UPI,iOS,Tier 1,Wifi,15,3817.02,high,1,1
TXN_011524,UPI,Android,Tier 3,4G,8,952.13,med,0,0
TXN_011525,UPI,iOS,Tier 1,5G,9,2005.52,high,0,1
TXN_011526,UPI,iOS,Tier 1,4G,6,2730.31,high,0,1
TXN_011527,UPI,Android,Tier 3,5G,8,2669.2,high,1,1
TXN_011528,Netbanking,Android,Tier 1,4G,22,681.69,med,1,1
TXN_011529,UPI,Android,Tier 2,4G,15,1013.35,med,1,1
TXN_011530,UPI,Desktop,Tier 1,4G,16,2442.18,high,0,1
TXN_011531,Card,Android,Tier 2,4G,22,1223.72,med,0,1
TXN_011532,Card,Android,Tier 1,4G,23,108.37,low,0,1
TXN_011533,UPI,Android,Tier 1,Wifi,15,67.35,low,0,1
TXN_011534,UPI,Android,Tier 2,4G,15,436.03,low,1,1
TXN_011535,UPI,Android,Tier 2,4G,19,2786.77,high,1,1
TXN_011536,UPI,Android,Tier 2,5G,20,926.8,med,0,1
TXN_011537,Card,iOS,Tier 2,5G,18,6071.8,high,0,1
TXN_011538,UPI,iOS,Tier 2,4G,9,2351.94,high,3,0
TXN_011539,UPI,Android,Tier 2,5G,1,185.02,low,0,1
TXN_011540,Card,Android,Tier 2,5G,2,3054.14,high,1,1
TXN_011541,UPI,iOS,Tier 2,4G,6,209.48,low,0,1
TXN_011542,Card,Android,Tier 2,5G,23,6657.08,high,0,1
TXN_011543,UPI,iOS,Tier 2,4G,1,1677.26,med,0,1
TXN_011544,PayLater,Android,Tier 1,4G,12,5034.31,high,0,1
TXN_011545,UPI,Android,Tier 1,3G,3,1739.27,med,0,1
TXN_011546,Netbanking,Android,Tier 1,4G,14,887.55,med,0,0
TXN_011547,Card,Android,Tier 3,4G,17,1072.41,med,0,1
TXN_011548,UPI,iOS,Tier 2,3G,6,318.09,low,1,1
TXN_011549,Card,Android,Tier 2,5G,17,1159.9,med,0,0
TXN_011550,PayLater,Android,Tier 1,5G,6,1036.72,med,0,1
TXN_011551,Card,Android,Tier 1,5G,23,1758.82,med,0,1
TXN_011552,Netbanking,iOS,Tier 3,5G,8,691.14,med,1,1
TXN_011553,Wallet,Android,Tier 3,5G,11,317.54,low,1,0
TXN_011554,UPI,iOS,Tier 1,4G,0,891.8,med,1,1
TXN_011555,UPI,Android,Tier 3,4G,1,326.73,low,0,1
TXN_011556,Card,Android,Tier 2,4G,17,303.95,low,1,1
TXN_011557,UPI,iOS,Tier 1,4G,13,197.96,low,4,1
TXN_011558,Netbanking,Android,Tier 2,4G,22,765.89,med,0,1
TXN_011559,Wallet,Android,Tier 2,5G,5,1043.87,med,0,1
TXN_011560,UPI,Android,Tier 3,4G,10,464.69,low,1,1
TXN_011561,UPI,Android,Tier 1,4G,18,1400.33,med,0,1
TXN_011562,Netbanking,Android,Tier 1,5G,7,804.69,med,1,1
TXN_011563,UPI,Android,Tier 1,5G,20,593.54,med,0,1
TXN_011564,Netbanking,Android,Tier 1,Wifi,4,3289.28,high,0,0
TXN_011565,UPI,Android,Tier 2,Wifi,20,428.06,low,0,0
TXN_011566,Card,Android,Tier 1,3G,23,607.53,med,0,1
TXN_011567,UPI,Android,Tier 2,5G,6,1292.55,med,1,1
TXN_011568,Card,Desktop,Tier 1,5G,22,2181.58,high,0,1
TXN_011569,UPI,iOS,Tier 2,Wifi,3,254.46,low,0,1
TXN_011570,Card,Android,Tier 2,Wifi,14,1037.86,med,0,1
TXN_011571,UPI,Android,Tier 2,5G,21,830.44,med,0,1
TXN_011572,Card,Desktop,Tier 1,5G,0,2060.64,high,0,0
TXN_011573,Netbanking,Android,Tier 1,4G,21,425.03,low,0,1
TXN_011574,UPI,Android,Tier 1,Wifi,4,923.72,med,0,1
TXN_011575,UPI,iOS,Tier 1,5G,16,6318.68,high,0,1
TXN_011576,UPI,Android,Tier 1,Wifi,12,544.98,med,0,1
TXN_011577,Card,Android,Tier 1,4G,16,3432.81,high,3,1
TXN_011578,Card,Desktop,Tier 2,4G,18,587.41,med,0,1
TXN_011579,UPI,Android,Tier 3,4G,3,773.61,med,0,1
TXN_011580,UPI,Android,Tier 1,Wifi,16,566.48,med,0,1
TXN_011581,UPI,Android,Tier 3,Wifi,11,266.2,low,0,1
TXN_011582,Card,Android,Tier 1,4G,22,269.46,low,0,1
TXN_011583,UPI,iOS,Tier 2,5G,17,1968.01,med,0,1
TXN_011584,PayLater,Android,Tier 2,4G,10,487.96,low,0,1
TXN_011585,UPI,Android,Tier 3,4G,3,378.83,low,0,1
TXN_011586,Card,Desktop,Tier 1,4G,11,402.83,low,1,1
TXN_011587,UPI,Android,Tier 1,5G,8,130.55,low,0,1
TXN_011588,UPI,Android,Tier 1,Wifi,23,422.18,low,0,1
TXN_011589,Card,Android,Tier 2,4G,17,701.85,med,0,0
TXN_011590,Card,Android,Tier 3,5G,8,283.71,low,1,1
TXN_011591,PayLater,Android,Tier 3,5G,0,1296.72,med,0,1
TXN_011592,UPI,Desktop,Tier 2,4G,5,752.67,med,3,0
TXN_011593,UPI,iOS,Tier 2,3G,18,376.97,low,3,1
TXN_011594,Card,Android,Tier 3,Wifi,0,1100.59,med,4,0
TXN_011595,Card,Android,Tier 2,4G,7,889.36,med,3,0
TXN_011596,UPI,Android,Tier 1,5G,5,2136.89,high,0,1
TXN_011597,UPI,Android,Tier 3,4G,3,183.74,low,0,1
TXN_011598,UPI,Android,Tier 1,5G,2,5705.45,high,0,1
TXN_011599,Wallet,Desktop,Tier 1,5G,12,668.19,med,1,1
TXN_011600,UPI,Android,Tier 1,4G,1,2366.81,high,0,1
TXN_011601,UPI,Android,Tier 2,Wifi,12,233.28,low,0,1
TXN_011602,UPI,Android,Tier 2,5G,20,891.58,med,2,1
TXN_011603,UPI,Android,Tier 1,3G,14,565.85,med,0,1
TXN_011604,UPI,Android,Tier 2,4G,7,1482.01,med,1,1
TXN_011605,UPI,Android,Tier 2,Wifi,11,5155.57,high,0,1
TXN_011606,UPI,Android,Tier 3,Wifi,7,963.37,med,0,1
TXN_011607,Netbanking,Android,Tier 2,4G,18,479.54,low,0,0
TXN_011608,UPI,Android,Tier 2,4G,8,954.71,med,0,1
TXN_011609,UPI,Android,Tier 2,Wifi,9,63.35,low,2,1
TXN_011610,Wallet,Android,Tier 1,5G,20,541.41,med,0,1
TXN_011611,Card,iOS,Tier 1,4G,22,75.28,low,0,1
TXN_011612,UPI,Android,Tier 2,Wifi,6,2839.98,high,0,1
TXN_011613,UPI,Android,Tier 1,4G,9,2401.2,high,2,0
TXN_011614,UPI,Android,Tier 1,4G,2,1863.55,med,0,1
TXN_011615,Card,iOS,Tier 2,5G,1,334.97,low,0,1
TXN_011616,PayLater,Android,Tier 1,5G,6,180.88,low,0,1
TXN_011617,Card,Android,Tier 1,4G,9,2792.64,high,0,0
TXN_011618,Card,Android,Tier 2,5G,7,18399.66,ultra_high,0,1
TXN_011619,Card,Android,Tier 2,5G,11,1922.68,med,3,0
TXN_011620,UPI,Android,Tier 3,5G,19,5551.21,high,0,1
TXN_011621,UPI,Android,Tier 2,5G,16,1130.79,med,0,1
TXN_011622,Card,iOS,Tier 2,4G,21,632.72,med,1,0
TXN_011623,PayLater,Android,Tier 1,Wifi,8,6950.93,high,0,1
TXN_011624,UPI,Android,Tier 1,4G,19,837.28,med,0,1
TXN_011625,Card,Android,Tier 1,3G,2,2929.02,high,1,0
TXN_011626,UPI,Android,Tier 3,4G,21,757.12,med,0,0
TXN_011627,UPI,Android,Tier 2,4G,21,626.73,med,0,1
TXN_011628,UPI,iOS,Tier 3,4G,3,704.97,med,0,1
TXN_011629,UPI,Desktop,Tier 2,5G,6,1486.01,med,0,1
TXN_011630,Netbanking,Android,Tier 1,4G,17,545.07,med,0,1
TXN_011631,UPI,Android,Tier 2,5G,16,10861.91,ultra_high,0,1
TXN_011632,Card,Android,Tier 2,Wifi,21,1289.4,med,0,1
TXN_011633,Netbanking,Android,Tier 2,4G,2,726.47,med,3,1
TXN_011634,Wallet,Android,Tier 2,4G,2,398.86,low,0,1
TXN_011635,UPI,iOS,Tier 3,Wifi,12,1801.03,med,0,1
TXN_011636,UPI,iOS,Tier 3,4G,16,60.23,low,0,1
TXN_011637,UPI,Android,Tier 3,4G,17,714.17,med,0,1
TXN_011638,PayLater,Android,Tier 1,4G,18,2292.88,high,1,1
TXN_011639,Wallet,Android,Tier 1,4G,16,229.23,low,0,0
TXN_011640,UPI,Android,Tier 1,4G,23,1432.2,med,1,1
TXN_011641,Netbanking,Android,Tier 1,5G,15,1620.1,med,2,1
TXN_011642,UPI,Android,Tier 2,4G,15,638.14,med,0,0
TXN_011643,Card,Android,Tier 2,Wifi,21,1069.54,med,0,1
TXN_011644,UPI,Android,Tier 2,4G,0,815.35,med,1,1
TXN_011645,Netbanking,Android,Tier 3,5G,13,297.89,low,1,0
TXN_011646,UPI,Android,Tier 3,4G,14,6978.24,high,0,0
TXN_011647,Netbanking,Android,Tier 1,Wifi,3,1497.98,med,0,0
TXN_011648,Netbanking,Android,Tier 3,5G,19,787.52,med,0,1
TXN_011649,Card,Android,Tier 2,4G,20,862.98,med,2,0
TXN_011650,UPI,Android,Tier 2,4G,10,2601.28,high,0,1
TXN_011651,UPI,Android,Tier 3,4G,17,106.87,low,2,1
TXN_011652,UPI,Android,Tier 1,4G,16,728.5,med,0,1
TXN_011653,UPI,Android,Tier 3,5G,8,198.96,low,0,1
TXN_011654,UPI,Android,Tier 2,4G,20,2218.19,high,1,1
TXN_011655,Wallet,Desktop,Tier 3,3G,23,2232.84,high,0,1
TXN_011656,Card,Android,Tier 3,4G,13,618.97,med,0,1
TXN_011657,UPI,Android,Tier 2,Wifi,2,1574.62,med,1,1
TXN_011658,UPI,Android,Tier 1,4G,19,1462.91,med,1,1
TXN_011659,UPI,Android,Tier 1,4G,19,6484.52,high,0,1
TXN_011660,Card,iOS,Tier 1,3G,21,1775.81,med,2,0
TXN_011661,UPI,Android,Tier 1,Wifi,3,230.77,low,0,1
TXN_011662,Wallet,Android,Tier 3,5G,15,374.6,low,0,1
TXN_011663,UPI,Android,Tier 1,5G,20,1034.58,med,0,1
TXN_011664,PayLater,Android,Tier 3,3G,11,77.55,low,0,0
TXN_011665,Netbanking,iOS,Tier 2,5G,20,3624.87,high,2,1
TXN_011666,UPI,Android,Tier 1,4G,7,1386.21,med,2,0
TXN_011667,Wallet,Android,Tier 2,4G,8,125.79,low,0,1
TXN_011668,UPI,iOS,Tier 2,5G,10,860.83,med,3,1
TXN_011669,Netbanking,iOS,Tier 2,5G,23,20977.11,ultra_high,0,0
TXN_011670,UPI,Android,Tier 2,5G,4,483.35,low,1,1
TXN_011671,Wallet,Android,Tier 1,4G,11,157.45,low,0,1
TXN_011672,Netbanking,Android,Tier 2,Wifi,21,465.44,low,0,1
TXN_011673,Netbanking,Android,Tier 2,5G,19,112.92,low,0,0
TXN_011674,Netbanking,Desktop,Tier 3,5G,1,1244.84,med,1,0
TXN_011675,UPI,Android,Tier 3,4G,10,258.06,low,0,1
TXN_011676,UPI,Android,Tier 1,3G,10,1970.83,med,4,0
TXN_011677,UPI,iOS,Tier 1,5G,20,1207.23,med,1,1
TXN_011678,UPI,Android,Tier 2,5G,0,406.74,low,0,1
TXN_011679,Card,Android,Tier 3,Wifi,16,153.22,low,0,1
TXN_011680,UPI,Desktop,Tier 2,Wifi,16,1301.63,med,0,1
TXN_011681,PayLater,iOS,Tier 1,4G,3,988.69,med,0,1
TXN_011682,Card,iOS,Tier 1,Wifi,13,141.94,low,0,1
TXN_011683,Netbanking,Android,Tier 1,5G,4,346.83,low,0,0
TXN_011684,UPI,iOS,Tier 1,4G,3,138.7,low,0,1
TXN_011685,Netbanking,Android,Tier 2,4G,5,299.19,low,1,0
TXN_011686,Wallet,Android,Tier 2,4G,17,670.67,med,0,1
TXN_011687,UPI,Desktop,Tier 1,5G,20,409.16,low,0,1
TXN_011688,Card,Android,Tier 1,5G,12,199.89,low,0,1
TXN_011689,Netbanking,iOS,Tier 1,4G,5,1344.9,med,2,1
TXN_011690,UPI,Android,Tier 3,Wifi,14,1673.4,med,0,1
TXN_011691,UPI,Android,Tier 2,Wifi,4,2170.37,high,1,1
TXN_011692,UPI,iOS,Tier 3,5G,5,6439.6,high,3,1
TXN_011693,UPI,Android,Tier 2,Wifi,23,1459.75,med,0,1
TXN_011694,UPI,Android,Tier 1,Wifi,17,266.22,low,0,1
TXN_011695,UPI,Android,Tier 1,4G,6,426.98,low,2,0
TXN_011696,UPI,Desktop,Tier 2,Wifi,5,1369.83,med,1,1
TXN_011697,UPI,Android,Tier 2,Wifi,7,1413.12,med,0,1
TXN_011698,PayLater,Android,Tier 2,4G,23,306.74,low,0,0
TXN_011699,UPI,Android,Tier 2,3G,4,2539.97,high,0,1
TXN_011700,PayLater,Desktop,Tier 2,4G,3,219.86,low,2,0
TXN_011701,UPI,Android,Tier 1,5G,18,142.31,low,0,1
TXN_011702,UPI,iOS,Tier 3,5G,9,1778.63,med,0,1
TXN_011703,UPI,Android,Tier 2,Wifi,8,391.47,low,0,1
TXN_011704,UPI,Android,Tier 1,5G,22,463.72,low,0,1
TXN_011705,UPI,Android,Tier 2,5G,0,424.66,low,3,0
TXN_011706,Card,Android,Tier 2,5G,18,1056.77,med,0,1
TXN_011707,UPI,Android,Tier 1,5G,11,572.04,med,0,1
TXN_011708,Card,Desktop,Tier 2,4G,18,866.59,med,0,1
TXN_011709,Card,iOS,Tier 1,5G,12,2290.15,high,2,1
TXN_011710,UPI,Android,Tier 1,Wifi,21,484.09,low,0,1
TXN_011711,UPI,Android,Tier 1,4G,14,1552.69,med,0,1
TXN_011712,Netbanking,iOS,Tier 1,5G,1,5517.04,high,0,1
TXN_011713,UPI,Android,Tier 1,4G,19,230.56,low,0,1
TXN_011714,UPI,Android,Tier 1,5G,11,4238.15,high,3,1
TXN_011715,PayLater,Android,Tier 3,4G,17,285.62,low,3,1
TXN_011716,UPI,Android,Tier 1,4G,20,353.84,low,4,1
TXN_011717,Card,iOS,Tier 2,4G,3,141.96,low,0,0
TXN_011718,PayLater,Android,Tier 1,4G,19,450.96,low,2,0
TXN_011719,UPI,Android,Tier 3,4G,11,1362.69,med,0,1
TXN_011720,UPI,Android,Tier 1,4G,19,2058.2,high,0,1
TXN_011721,UPI,iOS,Tier 1,4G,12,2749.55,high,0,1
TXN_011722,UPI,Android,Tier 1,4G,3,71.73,low,0,1
TXN_011723,UPI,Android,Tier 3,Wifi,13,117.04,low,0,1
TXN_011724,Card,Desktop,Tier 2,4G,20,1240.0,med,2,1
TXN_011725,UPI,Desktop,Tier 1,Wifi,17,1647.63,med,2,1
TXN_011726,UPI,Desktop,Tier 1,5G,5,2904.16,high,0,1
TXN_011727,PayLater,iOS,Tier 1,4G,0,1322.59,med,0,0
TXN_011728,Netbanking,Android,Tier 1,4G,9,206.25,low,1,1
TXN_011729,Card,Android,Tier 3,3G,17,281.13,low,0,1
TXN_011730,UPI,Android,Tier 2,5G,18,1015.21,med,2,1
TXN_011731,Card,Android,Tier 2,4G,1,154.15,low,1,0
TXN_011732,UPI,Desktop,Tier 1,4G,14,275.62,low,1,1
TXN_011733,UPI,iOS,Tier 2,4G,2,783.83,med,2,0
TXN_011734,UPI,iOS,Tier 1,Wifi,7,654.32,med,2,0
TXN_011735,Wallet,Android,Tier 1,Wifi,18,867.14,med,2,0
TXN_011736,UPI,Desktop,Tier 2,4G,10,1258.95,med,1,1
TXN_011737,UPI,iOS,Tier 1,4G,13,158.49,low,0,1
TXN_011738,UPI,Android,Tier 2,4G,15,958.29,med,0,1
TXN_011739,UPI,iOS,Tier 3,3G,9,187.3,low,0,1
TXN_011740,Netbanking,Android,Tier 1,5G,16,784.22,med,2,1
TXN_011741,Card,Android,Tier 3,Wifi,14,1834.96,med,3,0
TXN_011742,Netbanking,Android,Tier 1,4G,10,1415.79,med,1,1
TXN_011743,UPI,Android,Tier 1,5G,7,267.09,low,0,1
TXN_011744,UPI,Android,Tier 2,4G,7,234.66,low,2,0
TXN_011745,UPI,Android,Tier 2,Wifi,6,5144.82,high,0,0
TXN_011746,UPI,Desktop,Tier 1,4G,19,2146.59,high,0,1
TXN_011747,UPI,Android,Tier 3,Wifi,11,700.32,med,0,1
TXN_011748,Netbanking,iOS,Tier 3,4G,20,3638.44,high,2,1
TXN_011749,UPI,Android,Tier 1,5G,15,746.26,med,0,1
TXN_011750,UPI,Android,Tier 3,4G,15,13871.38,ultra_high,0,1
TXN_011751,UPI,Android,Tier 2,4G,9,657.07,med,0,1
TXN_011752,UPI,Android,Tier 3,4G,21,17323.68,ultra_high,0,1
TXN_011753,UPI,Android,Tier 1,5G,21,1099.48,med,1,1
TXN_011754,PayLater,Android,Tier 3,4G,6,208.56,low,0,1
TXN_011755,Netbanking,Android,Tier 1,4G,3,934.54,med,0,1
TXN_011756,PayLater,Android,Tier 3,4G,23,2085.64,high,1,0
TXN_011757,UPI,iOS,Tier 2,4G,1,914.67,med,0,1
TXN_011758,UPI,Android,Tier 1,4G,8,445.08,low,0,1
TXN_011759,UPI,Android,Tier 1,4G,14,1233.05,med,3,1
TXN_011760,UPI,Android,Tier 3,4G,21,1906.65,med,0,1
TXN_011761,Netbanking,Android,Tier 2,4G,13,387.82,low,1,0
TXN_011762,UPI,Android,Tier 1,Wifi,11,835.53,med,0,1
TXN_011763,UPI,Desktop,Tier 2,4G,16,270.22,low,0,1
TXN_011764,UPI,iOS,Tier 3,5G,16,1387.3,med,0,1
TXN_011765,UPI,Android,Tier 1,4G,12,291.68,low,0,1
TXN_011766,Card,Android,Tier 1,3G,7,1188.87,med,0,0
TXN_011767,UPI,Android,Tier 3,4G,9,3515.71,high,0,1
TXN_011768,UPI,iOS,Tier 1,Wifi,12,2013.47,high,1,1
TXN_011769,UPI,Android,Tier 1,4G,6,664.73,med,0,1
TXN_011770,UPI,Android,Tier 1,4G,2,186.23,low,2,0
TXN_011771,Netbanking,iOS,Tier 3,4G,23,920.63,med,0,1
TXN_011772,Wallet,iOS,Tier 1,4G,14,575.37,med,0,1
TXN_011773,PayLater,iOS,Tier 2,4G,23,925.95,med,0,0
TXN_011774,Netbanking,iOS,Tier 3,4G,6,1025.69,med,0,1
TXN_011775,UPI,Desktop,Tier 1,Wifi,4,554.75,med,1,1
TXN_011776,Card,Android,Tier 3,4G,7,394.24,low,3,0
TXN_011777,UPI,Android,Tier 2,4G,20,1492.3,med,0,1
TXN_011778,UPI,iOS,Tier 2,5G,16,5674.47,high,2,1
TXN_011779,Netbanking,Android,Tier 1,Wifi,7,1125.5,med,0,1
TXN_011780,UPI,Desktop,Tier 2,4G,6,825.58,med,0,1
TXN_011781,Wallet,Android,Tier 1,5G,6,3087.0,high,0,1
TXN_011782,UPI,Android,Tier 1,4G,1,659.89,med,0,1
TXN_011783,Card,Android,Tier 3,4G,10,4232.46,high,1,1
TXN_011784,Card,Android,Tier 1,4G,11,2339.88,high,0,1
TXN_011785,Wallet,Android,Tier 3,4G,11,33.95,low,0,1
TXN_011786,Card,Android,Tier 1,4G,18,1459.35,med,0,0
TXN_011787,Card,Android,Tier 1,4G,2,432.93,low,0,1
TXN_011788,UPI,iOS,Tier 3,4G,11,2317.44,high,1,1
TXN_011789,UPI,Android,Tier 1,5G,5,129.09,low,0,1
TXN_011790,UPI,Android,Tier 3,5G,5,827.14,med,0,1
TXN_011791,Card,Android,Tier 2,5G,18,733.47,med,0,0
TXN_011792,UPI,Android,Tier 1,5G,20,561.39,med,0,1
TXN_011793,Card,iOS,Tier 2,Wifi,8,3009.51,high,0,1
TXN_011794,UPI,iOS,Tier 1,Wifi,22,26245.98,ultra_high,0,1
TXN_011795,UPI,iOS,Tier 1,Wifi,8,1213.39,med,4,0
TXN_011796,Card,Desktop,Tier 2,4G,17,4394.22,high,0,1
TXN_011797,UPI,Android,Tier 1,4G,9,4484.33,high,0,1
TXN_011798,UPI,Desktop,Tier 1,5G,9,16457.45,ultra_high,0,1
TXN_011799,UPI,iOS,Tier 3,4G,0,2276.13,high,0,1
TXN_011800,PayLater,iOS,Tier 3,4G,17,2416.97,high,0,1
TXN_011801,Card,Android,Tier 2,4G,21,780.43,med,1,0
TXN_011802,UPI,Desktop,Tier 2,3G,9,286.63,low,0,0
TXN_011803,UPI,Android,Tier 2,4G,6,3516.64,high,0,1
TXN_011804,UPI,iOS,Tier 2,4G,7,468.14,low,1,1
TXN_011805,Netbanking,Android,Tier 2,4G,10,81.48,low,0,0
TXN_011806,Card,Android,Tier 3,5G,21,5609.93,high,0,0
TXN_011807,UPI,Android,Tier 1,4G,5,724.72,med,4,1
TXN_011808,UPI,Android,Tier 2,4G,18,1367.45,med,0,1
TXN_011809,UPI,Android,Tier 3,3G,8,240.63,low,1,1
TXN_011810,Card,iOS,Tier 2,5G,10,2537.43,high,1,1
TXN_011811,Netbanking,Android,Tier 3,5G,1,655.13,med,0,0
TXN_011812,UPI,Android,Tier 1,Wifi,10,1113.83,med,4,0
TXN_011813,UPI,Android,Tier 1,4G,4,1895.04,med,0,0
TXN_011814,UPI,Android,Tier 3,5G,18,841.44,med,0,1
TXN_011815,PayLater,Android,Tier 1,4G,16,382.57,low,0,1
TXN_011816,UPI,Android,Tier 2,5G,17,912.72,med,0,1
TXN_011817,Netbanking,Android,Tier 1,4G,21,577.89,med,0,1
TXN_011818,Card,Android,Tier 2,4G,13,35.93,low,0,1
TXN_011819,UPI,Android,Tier 2,4G,9,948.73,med,0,1
TXN_011820,UPI,Android,Tier 1,4G,16,2577.22,high,0,1
TXN_011821,UPI,Android,Tier 2,4G,10,101.85,low,0,1
TXN_011822,Card,Desktop,Tier 2,5G,1,1956.72,med,0,1
TXN_011823,Netbanking,Android,Tier 1,5G,9,1962.62,med,1,1
TXN_011824,Card,Android,Tier 2,4G,20,3834.7,high,1,0
TXN_011825,UPI,Android,Tier 2,4G,0,1273.13,med,1,1
TXN_011826,UPI,Android,Tier 1,5G,13,684.14,med,0,1
TXN_011827,PayLater,Android,Tier 2,5G,10,904.27,med,0,1
TXN_011828,Netbanking,Android,Tier 1,4G,10,764.31,med,0,0
TXN_011829,UPI,Android,Tier 1,5G,9,221.21,low,0,1
TXN_011830,PayLater,Android,Tier 2,Wifi,19,573.79,med,0,1
TXN_011831,Card,Android,Tier 2,4G,20,1621.48,med,0,1
TXN_011832,Card,Android,Tier 3,4G,4,810.66,med,0,0
TXN_011833,Card,Desktop,Tier 1,4G,4,521.12,med,0,0
TXN_011834,Netbanking,Android,Tier 1,Wifi,13,994.77,med,3,1
TXN_011835,Card,Android,Tier 1,4G,4,372.13,low,0,1
TXN_011836,UPI,Desktop,Tier 2,4G,5,1093.71,med,0,1
TXN_011837,UPI,iOS,Tier 2,Wifi,23,1524.1,med,0,1
TXN_011838,Wallet,Android,Tier 2,4G,15,1074.52,med,0,1
TXN_011839,UPI,iOS,Tier 1,5G,22,266.14,low,0,1
TXN_011840,UPI,Android,Tier 3,4G,14,2509.3,high,2,1
TXN_011841,UPI,Android,Tier 2,3G,5,346.85,low,0,1
TXN_011842,UPI,Android,Tier 3,Wifi,19,934.1,med,0,1
TXN_011843,Card,Android,Tier 1,5G,15,4604.78,high,3,1
TXN_011844,Wallet,Android,Tier 2,4G,18,117.15,low,0,1
TXN_011845,UPI,Android,Tier 2,4G,19,327.57,low,1,1
TXN_011846,UPI,Android,Tier 2,5G,12,968.26,med,1,1
TXN_011847,UPI,Android,Tier 1,4G,18,502.29,med,0,1
TXN_011848,Wallet,Android,Tier 3,5G,12,150.41,low,0,1
TXN_011849,Card,Android,Tier 1,5G,7,949.16,med,0,1
TXN_011850,UPI,Android,Tier 1,Wifi,5,64.1,low,0,0
TXN_011851,Netbanking,Android,Tier 2,4G,21,12256.25,ultra_high,3,1
TXN_011852,Netbanking,Desktop,Tier 2,5G,16,2585.13,high,0,1
TXN_011853,Netbanking,Android,Tier 2,5G,4,317.0,low,0,1
TXN_011854,Wallet,Android,Tier 1,4G,7,621.12,med,4,0
TXN_011855,UPI,iOS,Tier 2,Wifi,17,132.62,low,0,1
TXN_011856,Netbanking,Android,Tier 2,4G,18,4593.58,high,0,0
TXN_011857,UPI,iOS,Tier 1,5G,11,1069.79,med,0,1
TXN_011858,Netbanking,Android,Tier 3,Wifi,11,174.83,low,1,1
TXN_011859,Card,Android,Tier 3,4G,12,576.13,med,1,0
TXN_011860,Netbanking,Android,Tier 2,4G,3,2119.44,high,1,0
TXN_011861,Card,Android,Tier 1,4G,9,1757.14,med,1,0
TXN_011862,UPI,Android,Tier 3,5G,15,1773.32,med,1,1
TXN_011863,UPI,iOS,Tier 1,5G,4,1046.13,med,1,1
TXN_011864,PayLater,iOS,Tier 1,4G,11,58.0,low,0,1
TXN_011865,Wallet,Android,Tier 1,5G,15,16968.51,ultra_high,1,1
TXN_011866,UPI,iOS,Tier 1,Wifi,22,592.15,med,0,1
TXN_011867,UPI,Android,Tier 3,Wifi,14,1361.08,med,0,1
TXN_011868,UPI,Android,Tier 2,5G,20,6599.1,high,1,1
TXN_011869,Card,Android,Tier 3,4G,1,1185.4,med,1,1
TXN_011870,Netbanking,iOS,Tier 1,Wifi,22,5239.88,high,0,0
TXN_011871,UPI,Android,Tier 2,4G,15,3596.42,high,0,1
TXN_011872,UPI,Android,Tier 3,5G,10,6054.88,high,0,1
TXN_011873,Netbanking,iOS,Tier 3,5G,21,1882.23,med,0,1
TXN_011874,Card,Android,Tier 2,4G,8,616.26,med,0,1
TXN_011875,UPI,Android,Tier 1,4G,1,500.71,med,1,1
TXN_011876,Card,Android,Tier 2,4G,17,7940.98,high,0,1
TXN_011877,UPI,Android,Tier 1,4G,12,727.7,med,0,0
TXN_011878,UPI,Android,Tier 2,4G,12,2856.57,high,0,0
TXN_011879,Card,Desktop,Tier 2,Wifi,7,436.4,low,0,1
TXN_011880,Card,Android,Tier 2,4G,9,566.04,med,0,1
TXN_011881,Wallet,Android,Tier 2,4G,16,1109.03,med,1,1
TXN_011882,Card,Android,Tier 2,4G,23,532.99,med,0,0
TXN_011883,Netbanking,Android,Tier 1,4G,20,423.75,low,1,1
TXN_011884,UPI,Android,Tier 2,4G,0,630.66,med,0,1
TXN_011885,UPI,Desktop,Tier 2,4G,15,2188.34,high,1,1
TXN_011886,UPI,Android,Tier 1,4G,10,494.7,low,1,1
TXN_011887,UPI,Android,Tier 1,4G,0,933.26,med,1,1
TXN_011888,Card,Android,Tier 1,4G,5,6933.28,high,0,1
TXN_011889,PayLater,Android,Tier 2,Wifi,11,1738.29,med,1,1
TXN_011890,UPI,iOS,Tier 3,4G,15,4418.9,high,0,1
TXN_011891,UPI,iOS,Tier 1,4G,10,1256.57,med,0,1
TXN_011892,Netbanking,Android,Tier 2,Wifi,17,781.5,med,0,1
TXN_011893,UPI,Desktop,Tier 2,5G,1,5637.7,high,0,1
TXN_011894,Card,Android,Tier 1,4G,16,181.79,low,0,0
TXN_011895,Card,Android,Tier 3,4G,16,2534.06,high,0,1
TXN_011896,Card,Android,Tier 1,5G,19,4253.74,high,3,0
TXN_011897,UPI,Android,Tier 3,5G,20,147.77,low,0,1
TXN_011898,UPI,Desktop,Tier 1,4G,3,416.92,low,0,1
TXN_011899,Netbanking,Android,Tier 1,4G,5,1208.06,med,2,1
TXN_011900,Card,Android,Tier 1,Wifi,23,1590.18,med,0,0
TXN_011901,UPI,iOS,Tier 1,5G,14,3395.73,high,0,1
TXN_011902,Netbanking,Android,Tier 3,4G,10,235.31,low,2,1
TXN_011903,UPI,iOS,Tier 1,4G,17,385.72,low,0,1
TXN_011904,Card,Android,Tier 2,4G,16,6106.92,high,0,0
TXN_011905,UPI,Android,Tier 1,4G,1,2462.41,high,0,1
TXN_011906,PayLater,Desktop,Tier 3,Wifi,12,1873.2,med,0,1
TXN_011907,UPI,Android,Tier 2,4G,5,902.09,med,0,1
TXN_011908,UPI,iOS,Tier 2,3G,10,847.61,med,0,1
TXN_011909,UPI,Android,Tier 1,4G,19,2609.07,high,0,1
TXN_011910,UPI,iOS,Tier 2,4G,6,2431.27,high,0,1
TXN_011911,Wallet,Android,Tier 1,4G,17,1016.85,med,1,1
TXN_011912,PayLater,Android,Tier 1,5G,16,194.45,low,0,0
TXN_011913,UPI,iOS,Tier 2,4G,12,181.21,low,4,0
TXN_011914,UPI,Android,Tier 3,5G,20,2395.73,high,0,1
TXN_011915,Card,iOS,Tier 3,5G,13,1461.3,med,4,1
TXN_011916,Wallet,iOS,Tier 2,4G,8,640.75,med,0,1
TXN_011917,Card,iOS,Tier 2,5G,12,151.55,low,0,1
TXN_011918,UPI,Desktop,Tier 3,4G,5,4464.27,high,0,1
TXN_011919,UPI,Android,Tier 2,5G,21,429.92,low,0,1
TXN_011920,Card,Android,Tier 2,4G,0,571.29,med,2,1
TXN_011921,UPI,Android,Tier 3,4G,0,745.82,med,4,1
TXN_011922,Card,Android,Tier 1,Wifi,3,214.77,low,0,1
TXN_011923,UPI,Android,Tier 1,4G,13,176.27,low,0,1
TXN_011924,Netbanking,Android,Tier 2,Wifi,17,1130.84,med,3,1
TXN_011925,UPI,Android,Tier 1,Wifi,15,4242.77,high,1,1
TXN_011926,Card,Android,Tier 1,4G,2,17111.43,ultra_high,0,1
TXN_011927,UPI,Android,Tier 2,4G,5,1810.43,med,0,1
TXN_011928,Card,iOS,Tier 2,Wifi,0,8312.94,high,0,1
TXN_011929,UPI,Android,Tier 3,Wifi,10,1906.32,med,0,1
TXN_011930,Card,Android,Tier 1,4G,9,3833.17,high,0,1
TXN_011931,Card,iOS,Tier 1,Wifi,17,880.43,med,0,0
TXN_011932,Card,Android,Tier 1,Wifi,3,1348.79,med,0,1
TXN_011933,Card,Desktop,Tier 2,4G,5,1495.54,med,2,0
TXN_011934,Card,Android,Tier 2,Wifi,18,1028.68,med,0,1
TXN_011935,Netbanking,Android,Tier 2,4G,8,611.31,med,1,1
TXN_011936,UPI,Android,Tier 1,5G,9,2234.97,high,1,1
TXN_011937,Netbanking,iOS,Tier 2,4G,19,568.87,med,2,0
TXN_011938,UPI,Android,Tier 2,4G,22,1511.03,med,0,1
TXN_011939,UPI,iOS,Tier 1,5G,4,686.33,med,0,1
TXN_011940,UPI,Android,Tier 2,4G,21,5846.22,high,0,1
TXN_011941,UPI,Android,Tier 2,5G,15,3971.55,high,0,1
TXN_011942,Netbanking,Android,Tier 3,Wifi,21,454.27,low,0,1
TXN_011943,Card,Android,Tier 3,4G,1,654.26,med,0,1
TXN_011944,Netbanking,Android,Tier 2,4G,8,614.42,med,0,1
TXN_011945,UPI,Desktop,Tier 3,5G,10,1093.47,med,0,1
TXN_011946,UPI,Android,Tier 2,4G,1,72.71,low,0,1
TXN_011947,UPI,Android,Tier 3,Wifi,17,1556.35,med,3,1
TXN_011948,UPI,Android,Tier 1,4G,1,171.78,low,3,1
TXN_011949,UPI,iOS,Tier 2,5G,13,451.34,low,0,1
TXN_011950,UPI,Desktop,Tier 2,4G,22,1909.32,med,1,1
TXN_011951,UPI,iOS,Tier 2,4G,3,7271.63,high,0,1
TXN_011952,Card,Desktop,Tier 1,4G,7,760.89,med,1,1
TXN_011953,Card,iOS,Tier 1,4G,7,1507.73,med,1,0
TXN_011954,PayLater,Desktop,Tier 1,4G,0,230.46,low,0,1
TXN_011955,Wallet,Android,Tier 1,5G,0,584.57,med,0,1
TXN_011956,Card,Android,Tier 1,4G,3,342.04,low,2,1
TXN_011957,UPI,Android,Tier 2,4G,17,1171.51,med,0,1
TXN_011958,Card,Android,Tier 3,4G,18,252.34,low,0,1
TXN_011959,Netbanking,Android,Tier 2,Wifi,9,3594.45,high,0,1
TXN_011960,UPI,Android,Tier 3,5G,17,391.43,low,0,1
TXN_011961,UPI,Android,Tier 3,4G,9,672.33,med,2,1
TXN_011962,Netbanking,Desktop,Tier 2,Wifi,8,371.44,low,0,1
TXN_011963,UPI,Android,Tier 1,Wifi,21,196.54,low,0,1
TXN_011964,Card,iOS,Tier 1,4G,6,127.33,low,1,0
TXN_011965,Card,iOS,Tier 3,5G,5,52.11,low,0,1
TXN_011966,UPI,Desktop,Tier 1,4G,0,768.25,med,0,1
TXN_011967,UPI,Desktop,Tier 2,Wifi,4,2969.88,high,0,1
TXN_011968,UPI,iOS,Tier 1,5G,18,492.9,low,0,1
TXN_011969,UPI,Android,Tier 3,Wifi,14,191.07,low,2,1
TXN_011970,UPI,Android,Tier 2,4G,23,338.14,low,0,1
TXN_011971,Netbanking,Android,Tier 3,4G,13,623.32,med,1,1
TXN_011972,UPI,iOS,Tier 1,Wifi,6,368.05,low,0,1
TXN_011973,UPI,iOS,Tier 1,Wifi,8,2760.72,high,0,1
TXN_011974,UPI,iOS,Tier 2,5G,11,4218.86,high,0,1
TXN_011975,Wallet,Android,Tier 3,Wifi,16,652.06,med,0,1
TXN_011976,UPI,Android,Tier 2,5G,17,128.05,low,0,1
TXN_011977,UPI,Android,Tier 3,5G,1,265.59,low,0,1
TXN_011978,Wallet,Android,Tier 3,4G,16,755.35,med,2,0
TXN_011979,Netbanking,Android,Tier 3,4G,23,173.29,low,4,0
TXN_011980,UPI,Android,Tier 2,4G,19,889.88,med,0,1
TXN_011981,Netbanking,iOS,Tier 1,5G,6,1443.85,med,1,1
TXN_011982,UPI,Android,Tier 1,4G,9,701.53,med,0,1
TXN_011983,UPI,Android,Tier 3,4G,14,876.57,med,0,1
TXN_011984,UPI,Desktop,Tier 3,4G,0,283.74,low,0,1
TXN_011985,UPI,Android,Tier 2,Wifi,23,365.42,low,3,1
TXN_011986,Card,Android,Tier 1,4G,10,832.07,med,1,0
TXN_011987,UPI,Android,Tier 1,4G,7,468.72,low,0,1
TXN_011988,UPI,Android,Tier 3,4G,11,907.81,med,0,1
TXN_011989,Card,Android,Tier 1,4G,2,232.8,low,1,1
TXN_011990,Netbanking,Android,Tier 3,4G,14,148.69,low,0,1
TXN_011991,UPI,Android,Tier 1,4G,20,669.06,med,0,1
TXN_011992,Card,Android,Tier 2,4G,4,3522.51,high,1,1
TXN_011993,UPI,Android,Tier 3,Wifi,4,131.5,low,0,1
TXN_011994,Netbanking,iOS,Tier 1,5G,16,4721.41,high,0,1
TXN_011995,Card,Android,Tier 1,4G,1,5183.11,high,0,1
TXN_011996,PayLater,Desktop,Tier 3,5G,0,92.21,low,0,1
TXN_011997,UPI,Android,Tier 2,5G,17,4058.79,high,0,0
TXN_011998,UPI,Android,Tier 2,5G,8,170.19,low,1,1
TXN_011999,UPI,iOS,Tier 2,4G,4,1527.31,med,0,1
TXN_012000,UPI,Android,Tier 1,4G,19,5827.62,high,0,1
TXN_012001,UPI,Android,Tier 1,5G,12,1411.12,med,0,1
TXN_012002,Wallet,Android,Tier 2,4G,1,1705.98,med,1,1
TXN_012003,UPI,Android,Tier 1,4G,21,2367.6,high,0,1
TXN_012004,UPI,iOS,Tier 2,4G,12,36752.74,ultra_high,0,1
TXN_012005,Netbanking,Desktop,Tier 3,5G,7,435.29,low,0,1
TXN_012006,UPI,Android,Tier 1,4G,9,3983.83,high,4,0
TXN_012007,Netbanking,Android,Tier 2,4G,19,195.64,low,0,1
TXN_012008,UPI,Android,Tier 1,Wifi,5,209.67,low,0,1
TXN_012009,UPI,Desktop,Tier 1,Wifi,10,1384.38,med,0,1
TXN_012010,UPI,iOS,Tier 2,4G,13,2840.78,high,1,1
TXN_012011,UPI,Desktop,Tier 3,4G,9,1870.46,med,0,1
TXN_012012,Wallet,Android,Tier 1,5G,9,554.66,med,1,1
TXN_012013,UPI,iOS,Tier 2,4G,10,568.22,med,0,1
TXN_012014,UPI,Android,Tier 2,5G,3,325.06,low,0,1
TXN_012015,UPI,Android,Tier 1,Wifi,23,1297.44,med,0,1
TXN_012016,UPI,Desktop,Tier 2,4G,2,1673.31,med,2,0
TXN_012017,Wallet,Android,Tier 3,4G,8,3456.51,high,0,1
TXN_012018,UPI,Desktop,Tier 2,4G,4,163.16,low,0,1
TXN_012019,Card,Android,Tier 1,5G,0,50000.0,ultra_high,0,1
TXN_012020,PayLater,iOS,Tier 2,4G,10,232.61,low,0,1
TXN_012021,Card,Android,Tier 2,4G,7,277.73,low,0,1
TXN_012022,Wallet,Android,Tier 1,4G,20,741.94,med,0,1
TXN_012023,UPI,Android,Tier 1,4G,4,897.95,med,0,1
TXN_012024,UPI,Android,Tier 1,5G,1,1888.06,med,0,1
TXN_012025,UPI,Android,Tier 1,4G,8,1943.71,med,0,1
TXN_012026,Card,Android,Tier 1,5G,5,1961.64,med,0,0
TXN_012027,PayLater,Android,Tier 2,4G,10,5408.96,high,0,0
TXN_012028,UPI,Android,Tier 1,4G,9,2958.77,high,0,1
TXN_012029,Card,Android,Tier 3,Wifi,11,191.89,low,2,0
TXN_012030,UPI,Android,Tier 2,5G,2,565.7,med,0,1
TXN_012031,Card,iOS,Tier 3,5G,6,435.27,low,0,1
TXN_012032,UPI,iOS,Tier 2,4G,17,715.27,med,2,1
TXN_012033,PayLater,Android,Tier 1,4G,22,4100.19,high,2,0
TXN_012034,Card,Android,Tier 2,5G,11,2249.37,high,0,1
TXN_012035,UPI,iOS,Tier 3,Wifi,10,784.83,med,1,1
TXN_012036,UPI,Android,Tier 1,Wifi,1,3759.8,high,1,1
TXN_012037,UPI,Android,Tier 1,Wifi,20,2976.22,high,0,1
TXN_012038,UPI,Android,Tier 1,4G,9,172.63,low,0,1
TXN_012039,UPI,Android,Tier 1,Wifi,12,294.77,low,1,1
TXN_012040,Netbanking,Android,Tier 1,Wifi,12,1465.83,med,0,0
TXN_012041,Card,Android,Tier 1,4G,14,760.09,med,0,1
TXN_012042,UPI,Android,Tier 1,4G,12,2252.51,high,0,1
TXN_012043,UPI,Android,Tier 2,5G,8,549.53,med,0,1
TXN_012044,Netbanking,Android,Tier 1,4G,5,2412.88,high,1,1
TXN_012045,Card,Android,Tier 2,5G,2,890.95,med,1,1
TXN_012046,UPI,Android,Tier 2,Wifi,19,1835.32,med,4,1
TXN_012047,Card,Android,Tier 2,Wifi,19,1436.33,med,0,1
TXN_012048,UPI,Desktop,Tier 1,Wifi,8,638.63,med,0,1
TXN_012049,UPI,Android,Tier 2,4G,3,6961.5,high,0,1
TXN_012050,UPI,Android,Tier 1,4G,19,651.21,med,0,1
TXN_012051,UPI,Android,Tier 2,5G,4,12993.69,ultra_high,1,1
TXN_012052,UPI,Android,Tier 2,4G,21,101.47,low,0,1
TXN_012053,Wallet,Android,Tier 1,4G,23,245.4,low,0,1
TXN_012054,Netbanking,Android,Tier 1,5G,11,1194.57,med,0,1
TXN_012055,Card,iOS,Tier 1,4G,16,141.52,low,0,0
TXN_012056,UPI,Android,Tier 1,4G,4,473.84,low,0,1
TXN_012057,UPI,iOS,Tier 1,4G,3,2445.57,high,2,1
TXN_012058,Card,Android,Tier 3,Wifi,7,723.11,med,1,0
TXN_012059,UPI,Desktop,Tier 1,4G,8,2172.15,high,0,1
TXN_012060,UPI,iOS,Tier 2,4G,16,4911.33,high,0,1
TXN_012061,UPI,Desktop,Tier 2,Wifi,23,1630.36,med,0,1
TXN_012062,Netbanking,Android,Tier 2,4G,7,263.8,low,1,1
TXN_012063,UPI,Android,Tier 3,4G,4,768.86,med,0,1
TXN_012064,UPI,iOS,Tier 3,5G,9,840.8,med,1,1
TXN_012065,Netbanking,iOS,Tier 3,4G,17,1065.17,med,0,1
TXN_012066,UPI,Desktop,Tier 3,4G,22,543.89,med,0,1
TXN_012067,UPI,Android,Tier 1,Wifi,13,1013.35,med,0,1
TXN_012068,UPI,iOS,Tier 2,4G,4,2609.91,high,0,1
TXN_012069,UPI,Android,Tier 3,5G,14,43.5,low,0,1
TXN_012070,Netbanking,Android,Tier 2,5G,4,1859.61,med,0,0
TXN_012071,UPI,Android,Tier 3,4G,21,396.56,low,0,1
TXN_012072,UPI,Android,Tier 1,5G,11,94.27,low,3,1
TXN_012073,Wallet,Desktop,Tier 2,4G,9,120.73,low,0,1
TXN_012074,Wallet,Android,Tier 3,4G,7,1468.51,med,0,1
TXN_012075,Wallet,Android,Tier 1,5G,0,640.96,med,0,1
TXN_012076,UPI,Android,Tier 2,4G,2,5583.15,high,0,1
TXN_012077,UPI,Android,Tier 1,5G,15,4875.36,high,0,1
TXN_012078,PayLater,Android,Tier 2,4G,22,215.18,low,0,1
TXN_012079,Netbanking,Android,Tier 3,4G,10,813.02,med,0,1
TXN_012080,UPI,Android,Tier 1,5G,8,4818.91,high,0,1
TXN_012081,UPI,iOS,Tier 1,4G,9,322.28,low,0,0
TXN_012082,UPI,Desktop,Tier 1,Wifi,1,7398.39,high,0,1
TXN_012083,Wallet,Android,Tier 3,5G,19,784.99,med,0,1
TXN_012084,UPI,Android,Tier 2,Wifi,10,1383.87,med,0,1
TXN_012085,UPI,Android,Tier 1,4G,19,977.28,med,0,1
TXN_012086,UPI,iOS,Tier 1,Wifi,10,1142.7,med,2,0
TXN_012087,Card,Android,Tier 3,5G,6,2388.27,high,0,1
TXN_012088,Netbanking,Android,Tier 3,5G,20,323.22,low,0,1
TXN_012089,UPI,Android,Tier 1,Wifi,10,1086.89,med,0,1
TXN_012090,Netbanking,Desktop,Tier 1,5G,4,1058.13,med,0,0
TXN_012091,PayLater,Android,Tier 3,Wifi,22,1274.34,med,0,1
TXN_012092,UPI,Android,Tier 2,5G,11,3605.83,high,1,1
TXN_012093,UPI,Desktop,Tier 3,5G,17,905.62,med,0,1
TXN_012094,UPI,Android,Tier 2,4G,23,1552.0,med,0,1
TXN_012095,Netbanking,Android,Tier 2,4G,21,6543.37,high,0,0
TXN_012096,Card,Android,Tier 2,5G,4,2302.79,high,0,1
TXN_012097,Card,Desktop,Tier 3,3G,14,978.92,med,0,0
TXN_012098,Netbanking,Android,Tier 1,Wifi,11,542.47,med,0,0
TXN_012099,UPI,iOS,Tier 1,5G,0,4251.67,high,2,1
TXN_012100,Wallet,Android,Tier 1,5G,17,215.94,low,0,1
TXN_012101,UPI,iOS,Tier 3,4G,5,1643.53,med,0,1
TXN_012102,UPI,Android,Tier 2,4G,5,1121.38,med,0,1
TXN_012103,Card,Android,Tier 1,4G,10,1470.42,med,1,0
TXN_012104,Netbanking,iOS,Tier 2,4G,10,2692.51,high,0,0
TXN_012105,UPI,Android,Tier 1,5G,15,487.27,low,0,1
TXN_012106,Netbanking,Android,Tier 1,Wifi,5,349.01,low,0,0
TXN_012107,Wallet,Android,Tier 1,4G,0,184.77,low,0,0
TXN_012108,UPI,iOS,Tier 2,4G,22,950.23,med,0,1
TXN_012109,PayLater,Android,Tier 2,4G,15,3063.83,high,0,1
TXN_012110,UPI,iOS,Tier 3,4G,2,364.59,low,1,1
TXN_012111,UPI,Android,Tier 3,4G,23,123.46,low,0,1
TXN_012112,UPI,Android,Tier 2,4G,5,345.98,low,1,1
TXN_012113,Wallet,Android,Tier 2,4G,2,1623.01,med,0,1
TXN_012114,Card,Android,Tier 1,Wifi,18,888.64,med,3,1
TXN_012115,UPI,Android,Tier 1,4G,7,1759.33,med,0,1
TXN_012116,UPI,Android,Tier 1,Wifi,21,2269.31,high,0,1
TXN_012117,Card,Android,Tier 2,5G,1,3029.82,high,0,1
TXN_012118,UPI,Desktop,Tier 1,4G,18,352.34,low,3,0
TXN_012119,Wallet,Android,Tier 1,Wifi,14,7439.66,high,0,0
TXN_012120,Netbanking,Android,Tier 2,5G,21,905.31,med,1,1
TXN_012121,UPI,Android,Tier 1,4G,13,1895.43,med,0,1
TXN_012122,PayLater,Android,Tier 2,4G,13,949.94,med,1,1
TXN_012123,UPI,Android,Tier 2,5G,22,1869.45,med,0,1
TXN_012124,PayLater,Android,Tier 1,4G,3,489.19,low,1,1
TXN_012125,Card,iOS,Tier 1,4G,23,413.52,low,0,0
TXN_012126,Card,Android,Tier 1,4G,18,1324.74,med,0,0
TXN_012127,UPI,Android,Tier 1,4G,21,2885.14,high,0,1
TXN_012128,Wallet,Android,Tier 2,Wifi,6,4393.86,high,0,1
TXN_012129,UPI,Android,Tier 3,Wifi,15,570.17,med,0,1
TXN_012130,UPI,Android,Tier 1,5G,7,2615.88,high,0,1
TXN_012131,UPI,Android,Tier 1,4G,14,1348.9,med,0,1
TXN_012132,Card,Android,Tier 3,Wifi,19,968.98,med,0,1
TXN_012133,UPI,Android,Tier 1,5G,4,1138.45,med,3,1
TXN_012134,Card,Android,Tier 1,Wifi,21,865.75,med,2,0
TXN_012135,Wallet,Android,Tier 2,4G,0,1601.46,med,0,1
TXN_012136,UPI,Android,Tier 2,4G,11,117.43,low,0,1
TXN_012137,Card,Android,Tier 2,Wifi,8,144.74,low,2,1
TXN_012138,UPI,Android,Tier 2,4G,18,385.5,low,0,1
TXN_012139,Netbanking,Android,Tier 1,5G,17,2295.23,high,0,1
TXN_012140,Netbanking,Android,Tier 2,5G,6,1471.11,med,1,0
TXN_012141,UPI,Android,Tier 1,4G,10,1055.37,med,0,1
TXN_012142,Card,Android,Tier 2,5G,10,4179.87,high,2,0
TXN_012143,UPI,Android,Tier 3,4G,19,523.73,med,0,1
TXN_012144,UPI,Android,Tier 1,5G,19,1500.11,med,0,1
TXN_012145,Netbanking,Android,Tier 1,3G,14,580.1,med,0,1
TXN_012146,UPI,Android,Tier 1,Wifi,22,625.95,med,0,1
TXN_012147,UPI,Android,Tier 1,Wifi,16,5690.07,high,1,1
TXN_012148,UPI,Android,Tier 1,5G,2,697.31,med,0,1
TXN_012149,Netbanking,Android,Tier 2,5G,10,1194.45,med,0,1
TXN_012150,UPI,Android,Tier 3,5G,12,879.45,med,1,1
TXN_012151,UPI,iOS,Tier 1,4G,5,854.07,med,1,1
TXN_012152,Card,Android,Tier 1,4G,13,1634.87,med,0,0
TXN_012153,Netbanking,Android,Tier 1,5G,10,252.61,low,0,1
TXN_012154,UPI,iOS,Tier 1,4G,12,243.3,low,0,1
TXN_012155,UPI,iOS,Tier 1,Wifi,16,814.47,med,0,1
TXN_012156,UPI,iOS,Tier 2,4G,13,687.11,med,1,1
TXN_012157,UPI,Android,Tier 1,4G,20,2083.95,high,2,0
TXN_012158,UPI,iOS,Tier 3,4G,13,2918.61,high,0,1
TXN_012159,Card,Android,Tier 2,Wifi,3,246.52,low,0,1
TXN_012160,Card,Android,Tier 2,Wifi,3,254.57,low,1,1
TXN_012161,Card,Android,Tier 1,4G,13,614.82,med,0,1
TXN_012162,UPI,Android,Tier 2,5G,13,536.37,med,0,1
TXN_012163,Netbanking,Android,Tier 2,5G,6,982.76,med,0,1
TXN_012164,UPI,Android,Tier 1,5G,15,2798.25,high,1,1
TXN_012165,PayLater,Android,Tier 1,5G,13,1330.52,med,1,1
TXN_012166,Card,Android,Tier 3,4G,4,1999.79,med,0,0
TXN_012167,UPI,iOS,Tier 1,5G,6,522.74,med,2,1
TXN_012168,Card,Android,Tier 2,4G,16,365.11,low,0,1
TXN_012169,UPI,Android,Tier 1,4G,14,415.29,low,2,1
TXN_012170,Card,iOS,Tier 1,4G,23,616.49,med,2,1
TXN_012171,UPI,Android,Tier 1,4G,6,1081.79,med,1,1
TXN_012172,UPI,Android,Tier 1,5G,9,841.49,med,1,1
TXN_012173,Netbanking,iOS,Tier 2,4G,17,456.44,low,0,1
TXN_012174,UPI,Desktop,Tier 2,5G,10,893.78,med,0,0
TXN_012175,Netbanking,iOS,Tier 3,5G,21,474.53,low,0,0
TXN_012176,UPI,Android,Tier 2,Wifi,13,209.91,low,0,1
TXN_012177,Card,Android,Tier 1,5G,3,1996.24,med,0,1
TXN_012178,Card,Android,Tier 2,3G,2,839.93,med,1,0
TXN_012179,UPI,Android,Tier 2,4G,23,981.17,med,0,0
TXN_012180,UPI,Android,Tier 2,5G,13,1207.48,med,0,1
TXN_012181,UPI,Android,Tier 2,4G,19,743.75,med,0,1
TXN_012182,UPI,iOS,Tier 2,5G,2,1282.57,med,2,1
TXN_012183,UPI,Android,Tier 1,4G,20,9279.26,high,0,1
TXN_012184,Card,Android,Tier 2,5G,2,3513.43,high,1,0
TXN_012185,Wallet,Android,Tier 1,4G,19,379.48,low,4,1
TXN_012186,Wallet,Android,Tier 2,4G,11,108.7,low,1,0
TXN_012187,Netbanking,Desktop,Tier 1,5G,9,2921.78,high,0,1
TXN_012188,Netbanking,Android,Tier 3,Wifi,19,1601.34,med,1,1
TXN_012189,Card,Android,Tier 2,4G,17,1703.17,med,0,0
TXN_012190,UPI,Android,Tier 2,Wifi,11,453.64,low,1,1
TXN_012191,Wallet,Android,Tier 3,4G,23,431.53,low,0,1
TXN_012192,Card,Android,Tier 3,5G,3,1083.22,med,0,1
TXN_012193,Card,iOS,Tier 2,Wifi,18,1367.04,med,0,0
TXN_012194,UPI,Android,Tier 1,4G,18,10471.93,ultra_high,0,1
TXN_012195,UPI,Android,Tier 3,4G,16,2388.09,high,1,1
TXN_012196,UPI,Android,Tier 2,4G,7,1217.69,med,0,1
TXN_012197,Netbanking,iOS,Tier 2,4G,10,32.25,low,0,1
TXN_012198,UPI,iOS,Tier 3,5G,4,1217.56,med,0,1
TXN_012199,UPI,Android,Tier 1,5G,4,1070.14,med,0,1
TXN_012200,PayLater,Android,Tier 1,3G,12,232.88,low,0,1
TXN_012201,UPI,iOS,Tier 2,4G,3,1883.26,med,0,1
TXN_012202,UPI,iOS,Tier 2,5G,12,4338.03,high,3,1
TXN_012203,UPI,iOS,Tier 2,4G,15,9200.28,high,0,1
TXN_012204,Card,iOS,Tier 2,Wifi,11,1053.4,med,0,0
TXN_012205,Wallet,Android,Tier 2,4G,13,470.88,low,0,1
TXN_012206,UPI,Android,Tier 2,3G,20,3942.94,high,0,1
TXN_012207,Netbanking,iOS,Tier 3,4G,20,356.77,low,1,1
TXN_012208,UPI,Desktop,Tier 1,5G,8,1116.64,med,1,1
TXN_012209,Wallet,Android,Tier 2,4G,5,220.72,low,1,1
TXN_012210,Netbanking,Android,Tier 3,Wifi,7,3495.99,high,0,0
TXN_012211,Netbanking,Desktop,Tier 2,5G,15,441.6,low,1,1
TXN_012212,UPI,Android,Tier 1,5G,18,2611.87,high,0,1
TXN_012213,PayLater,iOS,Tier 1,5G,1,982.24,med,0,1
TXN_012214,Card,Android,Tier 3,4G,5,1801.33,med,4,1
TXN_012215,UPI,Android,Tier 1,4G,1,634.36,med,1,1
TXN_012216,Netbanking,Android,Tier 1,Wifi,18,1334.34,med,0,1
TXN_012217,UPI,Android,Tier 1,4G,18,2815.86,high,0,1
TXN_012218,Wallet,Android,Tier 2,Wifi,12,506.59,med,0,1
TXN_012219,UPI,Android,Tier 2,5G,16,1423.86,med,0,1
TXN_012220,Card,Android,Tier 2,4G,20,4045.03,high,3,0
TXN_012221,UPI,Desktop,Tier 1,5G,7,316.37,low,0,1
TXN_012222,UPI,Android,Tier 2,5G,8,407.93,low,1,1
TXN_012223,UPI,Android,Tier 2,5G,22,382.96,low,3,1
TXN_012224,UPI,Android,Tier 1,Wifi,4,688.78,med,1,1
TXN_012225,UPI,Android,Tier 1,4G,7,156.92,low,3,1
TXN_012226,UPI,Android,Tier 3,Wifi,8,1016.5,med,0,1
TXN_012227,Card,Android,Tier 2,4G,15,7409.62,high,0,0
TXN_012228,UPI,Android,Tier 2,Wifi,15,1045.47,med,0,1
TXN_012229,UPI,Android,Tier 1,4G,11,11002.84,ultra_high,1,0
TXN_012230,Card,Android,Tier 3,4G,10,140.7,low,0,1
TXN_012231,UPI,Android,Tier 2,5G,17,214.08,low,1,1
TXN_012232,Wallet,Android,Tier 3,4G,12,119.49,low,0,1
TXN_012233,Netbanking,iOS,Tier 3,3G,2,40.04,low,1,0
TXN_012234,Card,Desktop,Tier 3,4G,17,1010.87,med,1,0
TXN_012235,Card,Desktop,Tier 3,4G,10,231.13,low,1,0
TXN_012236,Wallet,Desktop,Tier 1,4G,10,65.76,low,1,1
TXN_012237,UPI,Android,Tier 3,4G,4,596.93,med,0,1
TXN_012238,UPI,Android,Tier 1,5G,2,926.92,med,0,1
TXN_012239,UPI,Android,Tier 3,5G,1,1326.91,med,2,1
TXN_012240,Netbanking,iOS,Tier 1,4G,14,741.74,med,3,1
TXN_012241,UPI,iOS,Tier 2,4G,4,1779.57,med,0,1
TXN_012242,Card,iOS,Tier 1,4G,4,291.42,low,0,1
TXN_012243,PayLater,Android,Tier 2,4G,20,267.18,low,1,1
TXN_012244,Netbanking,iOS,Tier 1,5G,15,4036.86,high,0,1
TXN_012245,UPI,Android,Tier 2,5G,16,6464.88,high,0,1
TXN_012246,UPI,Android,Tier 3,5G,6,180.41,low,0,1
TXN_012247,Netbanking,iOS,Tier 2,3G,1,1184.0,med,0,1
TXN_012248,Card,Android,Tier 1,Wifi,13,305.37,low,0,1
TXN_012249,UPI,Desktop,Tier 2,4G,17,267.8,low,0,1
TXN_012250,UPI,Android,Tier 1,4G,11,1185.67,med,1,1
TXN_012251,Wallet,iOS,Tier 2,Wifi,16,1237.58,med,4,1
TXN_012252,Card,Android,Tier 3,5G,5,529.03,med,0,1
TXN_012253,Netbanking,iOS,Tier 2,4G,4,577.51,med,0,0
TXN_012254,Wallet,iOS,Tier 1,5G,20,235.82,low,0,1
TXN_012255,Card,Desktop,Tier 1,3G,20,3447.49,high,0,1
TXN_012256,UPI,Android,Tier 3,Wifi,21,812.57,med,0,1
TXN_012257,UPI,Desktop,Tier 1,4G,6,295.22,low,0,1
TXN_012258,UPI,Android,Tier 2,Wifi,17,845.47,med,0,1
TXN_012259,UPI,Android,Tier 2,3G,19,610.93,med,1,1
TXN_012260,Netbanking,Android,Tier 2,4G,10,348.11,low,0,1
TXN_012261,Card,iOS,Tier 3,Wifi,4,311.85,low,0,1
TXN_012262,Wallet,Android,Tier 1,Wifi,5,272.08,low,3,1
TXN_012263,UPI,iOS,Tier 2,4G,6,238.13,low,0,1
TXN_012264,Card,iOS,Tier 2,5G,2,953.83,med,2,0
TXN_012265,Card,Android,Tier 1,4G,2,593.75,med,0,1
TXN_012266,Card,Desktop,Tier 1,5G,1,10442.14,ultra_high,0,1
TXN_012267,Card,Android,Tier 2,Wifi,19,1956.99,med,0,1
TXN_012268,UPI,iOS,Tier 1,4G,3,1237.83,med,0,1
TXN_012269,UPI,Android,Tier 3,4G,4,616.86,med,2,1
TXN_012270,UPI,Android,Tier 1,Wifi,1,612.88,med,1,1
TXN_012271,UPI,Android,Tier 1,3G,15,155.79,low,3,0
TXN_012272,UPI,Android,Tier 1,4G,11,214.84,low,1,1
TXN_012273,Card,Android,Tier 1,Wifi,14,242.87,low,0,1
TXN_012274,PayLater,Android,Tier 2,4G,3,129.79,low,0,1
TXN_012275,Card,Android,Tier 1,4G,2,812.25,med,0,0
TXN_012276,Card,Android,Tier 2,5G,13,128.65,low,0,1
TXN_012277,UPI,Android,Tier 3,5G,12,1293.55,med,0,1
TXN_012278,Card,iOS,Tier 2,5G,5,723.03,med,0,0
TXN_012279,UPI,Android,Tier 1,4G,3,5956.79,high,1,1
TXN_012280,UPI,iOS,Tier 3,4G,0,1244.92,med,1,1
TXN_012281,UPI,Android,Tier 1,Wifi,2,232.21,low,0,1
TXN_012282,UPI,Android,Tier 2,4G,23,176.26,low,0,1
TXN_012283,UPI,Android,Tier 2,4G,11,5409.24,high,1,0
TXN_012284,UPI,Android,Tier 1,Wifi,2,306.76,low,3,0
TXN_012285,UPI,Android,Tier 3,5G,22,402.27,low,0,1
TXN_012286,PayLater,Android,Tier 1,4G,17,564.36,med,3,0
TXN_012287,UPI,iOS,Tier 2,4G,13,846.03,med,0,1
TXN_012288,UPI,iOS,Tier 1,Wifi,4,5437.25,high,2,1
TXN_012289,UPI,Android,Tier 3,3G,22,1090.54,med,1,1
TXN_012290,Card,iOS,Tier 2,4G,0,976.17,med,2,0
TXN_012291,UPI,Android,Tier 1,5G,13,810.46,med,0,1
TXN_012292,UPI,Android,Tier 2,4G,11,969.39,med,0,1
TXN_012293,UPI,Android,Tier 2,Wifi,0,2371.13,high,0,0
TXN_012294,UPI,iOS,Tier 2,4G,23,482.17,low,0,1
TXN_012295,UPI,iOS,Tier 2,5G,1,490.74,low,0,1
TXN_012296,UPI,iOS,Tier 2,5G,11,2884.15,high,0,1
TXN_012297,UPI,Android,Tier 1,5G,12,459.26,low,0,1
TXN_012298,UPI,Android,Tier 2,Wifi,19,410.0,low,0,1
TXN_012299,UPI,Android,Tier 2,4G,14,3919.79,high,0,1
TXN_012300,Netbanking,Android,Tier 2,Wifi,15,623.22,med,2,1
TXN_012301,Card,Android,Tier 3,4G,18,780.52,med,2,1
TXN_012302,UPI,Android,Tier 1,4G,4,591.79,med,4,1
TXN_012303,UPI,Android,Tier 1,4G,1,471.91,low,1,1
TXN_012304,Wallet,Android,Tier 1,4G,5,619.56,med,2,0
TXN_012305,UPI,Android,Tier 1,4G,7,642.13,med,1,1
TXN_012306,UPI,Android,Tier 1,Wifi,20,2614.89,high,2,0
TXN_012307,Card,Android,Tier 3,5G,6,306.95,low,0,1
TXN_012308,UPI,Android,Tier 1,Wifi,20,9361.63,high,3,0
TXN_012309,UPI,Android,Tier 2,5G,12,404.16,low,0,1
TXN_012310,UPI,Android,Tier 1,4G,5,2547.64,high,0,1
TXN_012311,Wallet,Android,Tier 2,4G,8,161.99,low,0,1
TXN_012312,UPI,Android,Tier 3,Wifi,11,403.52,low,0,1
TXN_012313,Card,Android,Tier 1,4G,9,688.66,med,1,1
TXN_012314,PayLater,iOS,Tier 3,4G,10,316.94,low,0,0
TXN_012315,UPI,Android,Tier 3,4G,0,1798.97,med,0,1
TXN_012316,UPI,Android,Tier 2,4G,9,1765.76,med,0,1
TXN_012317,UPI,Android,Tier 1,5G,15,383.8,low,0,1
TXN_012318,UPI,iOS,Tier 2,4G,18,101.67,low,0,1
TXN_012319,UPI,Android,Tier 3,5G,9,1905.0,med,0,1
TXN_012320,Wallet,Android,Tier 1,4G,14,988.16,med,0,1
TXN_012321,Card,Android,Tier 2,5G,13,501.48,med,0,1
TXN_012322,Card,Android,Tier 1,Wifi,2,448.4,low,0,0
TXN_012323,UPI,Android,Tier 1,5G,3,385.84,low,1,1
TXN_012324,Netbanking,Desktop,Tier 3,4G,7,2482.2,high,0,1
TXN_012325,PayLater,iOS,Tier 2,4G,0,599.77,med,0,1
TXN_012326,Netbanking,Android,Tier 1,Wifi,19,4701.94,high,0,1
TXN_012327,UPI,Android,Tier 2,4G,14,15452.54,ultra_high,0,1
TXN_012328,Card,Android,Tier 1,4G,6,1989.1,med,0,1
TXN_012329,UPI,Android,Tier 1,Wifi,11,13470.55,ultra_high,2,1
TXN_012330,UPI,Android,Tier 2,3G,2,2089.89,high,0,1
TXN_012331,UPI,Android,Tier 2,Wifi,22,580.99,med,3,1
TXN_012332,Card,Android,Tier 1,3G,4,6418.66,high,0,1
TXN_012333,Card,Android,Tier 1,Wifi,7,742.53,med,0,0
TXN_012334,UPI,Android,Tier 2,5G,10,16616.08,ultra_high,2,0
TXN_012335,UPI,Desktop,Tier 3,4G,18,487.93,low,0,1
TXN_012336,UPI,Android,Tier 3,Wifi,11,2746.95,high,0,1
TXN_012337,UPI,Desktop,Tier 1,Wifi,19,903.84,med,1,1
TXN_012338,UPI,Android,Tier 2,4G,6,249.16,low,2,1
TXN_012339,UPI,Android,Tier 3,4G,13,307.21,low,1,1
TXN_012340,Netbanking,Android,Tier 2,4G,1,50.23,low,0,0
TXN_012341,UPI,Android,Tier 3,Wifi,21,829.61,med,0,1
TXN_012342,UPI,Android,Tier 3,5G,11,1678.17,med,0,1
TXN_012343,UPI,Desktop,Tier 1,4G,8,66.86,low,1,1
TXN_012344,Wallet,Desktop,Tier 1,4G,21,21.29,low,0,1
TXN_012345,Card,Android,Tier 1,3G,11,306.92,low,2,1
TXN_012346,Card,Android,Tier 1,5G,5,1013.93,med,0,1
TXN_012347,UPI,Android,Tier 3,4G,5,271.05,low,0,1
TXN_012348,Card,Android,Tier 3,4G,21,1080.87,med,0,1
TXN_012349,UPI,Android,Tier 1,4G,18,444.42,low,0,1
TXN_012350,Card,Android,Tier 2,4G,19,167.72,low,0,1
TXN_012351,Wallet,Android,Tier 2,5G,5,2132.42,high,0,1
TXN_012352,Card,Android,Tier 1,5G,16,1300.55,med,1,1
TXN_012353,Wallet,Android,Tier 2,4G,16,570.75,med,1,1
TXN_012354,Card,Android,Tier 3,5G,22,94.28,low,1,0
TXN_012355,UPI,Android,Tier 1,4G,16,465.89,low,0,1
TXN_012356,Wallet,Desktop,Tier 1,Wifi,20,301.5,low,0,0
TXN_012357,UPI,Android,Tier 1,4G,9,457.83,low,0,1
TXN_012358,UPI,iOS,Tier 1,4G,10,316.38,low,0,1
TXN_012359,UPI,iOS,Tier 1,4G,7,589.27,med,2,0
TXN_012360,UPI,Desktop,Tier 2,4G,21,586.47,med,0,1
TXN_012361,UPI,iOS,Tier 2,4G,13,2526.91,high,1,1
TXN_012362,UPI,Android,Tier 2,4G,18,371.27,low,2,1
TXN_012363,UPI,iOS,Tier 1,5G,17,988.64,med,0,1
TXN_012364,Card,Android,Tier 1,4G,14,295.85,low,0,1
TXN_012365,UPI,Android,Tier 3,4G,17,372.23,low,1,1
TXN_012366,UPI,Desktop,Tier 3,Wifi,19,406.97,low,0,1
TXN_012367,Card,iOS,Tier 1,4G,16,2633.24,high,0,1
TXN_012368,UPI,Desktop,Tier 1,Wifi,4,565.47,med,0,1
TXN_012369,Card,iOS,Tier 3,4G,3,717.47,med,0,1
TXN_012370,Card,iOS,Tier 1,4G,10,497.18,low,1,0
TXN_012371,Netbanking,Android,Tier 1,4G,15,748.25,med,0,1
TXN_012372,Card,iOS,Tier 2,4G,6,719.74,med,0,1
TXN_012373,UPI,Android,Tier 1,Wifi,15,462.93,low,1,1
TXN_012374,Card,Desktop,Tier 1,4G,5,86.0,low,0,1
TXN_012375,UPI,iOS,Tier 2,5G,19,433.64,low,1,1
TXN_012376,UPI,iOS,Tier 2,5G,9,1024.82,med,2,1
TXN_012377,Netbanking,Android,Tier 3,4G,10,2017.41,high,0,1
TXN_012378,UPI,Android,Tier 3,5G,14,141.78,low,0,1
TXN_012379,Netbanking,Android,Tier 1,4G,11,176.02,low,0,1
TXN_012380,Netbanking,Desktop,Tier 1,5G,22,425.98,low,0,1
TXN_012381,Netbanking,Android,Tier 2,Wifi,15,505.22,med,0,1
TXN_012382,Wallet,Android,Tier 2,4G,22,59.69,low,1,1
TXN_012383,UPI,Android,Tier 1,4G,17,869.62,med,2,1
TXN_012384,UPI,iOS,Tier 1,4G,6,2728.44,high,0,1
TXN_012385,Card,iOS,Tier 1,4G,13,344.7,low,1,1
TXN_012386,UPI,iOS,Tier 2,4G,8,699.67,med,1,1
TXN_012387,Card,Android,Tier 1,3G,21,1223.97,med,0,1
TXN_012388,Card,Android,Tier 3,4G,5,705.71,med,0,1
TXN_012389,Card,Android,Tier 1,4G,10,397.36,low,0,0
TXN_012390,UPI,Android,Tier 3,4G,12,417.75,low,0,1
TXN_012391,UPI,iOS,Tier 3,4G,21,810.37,med,1,1
TXN_012392,UPI,Android,Tier 2,4G,17,1919.1,med,0,1
TXN_012393,UPI,Android,Tier 2,4G,11,853.67,med,0,1
TXN_012394,Wallet,Android,Tier 2,4G,5,2414.77,high,0,1
TXN_012395,UPI,Android,Tier 1,4G,21,676.63,med,0,1
TXN_012396,UPI,Desktop,Tier 1,5G,8,697.73,med,0,1
TXN_012397,UPI,Android,Tier 2,Wifi,17,3589.74,high,1,1
TXN_012398,Card,iOS,Tier 2,4G,20,288.03,low,0,1
TXN_012399,Card,Android,Tier 2,Wifi,14,2012.25,high,0,0
TXN_012400,UPI,Android,Tier 2,4G,8,1135.36,med,0,1
TXN_012401,UPI,Android,Tier 2,5G,9,411.43,low,1,1
TXN_012402,UPI,Android,Tier 2,4G,1,227.17,low,0,1
TXN_012403,UPI,iOS,Tier 2,Wifi,13,839.65,med,0,1
TXN_012404,Card,Android,Tier 2,Wifi,20,1011.93,med,0,1
TXN_012405,Card,Android,Tier 3,Wifi,10,4474.28,high,0,0
TXN_012406,UPI,Android,Tier 2,Wifi,12,1029.47,med,2,0
TXN_012407,UPI,Android,Tier 2,5G,1,125.9,low,2,1
TXN_012408,PayLater,iOS,Tier 2,4G,20,1141.68,med,0,1
TXN_012409,UPI,Android,Tier 2,5G,6,3838.4,high,1,1
TXN_012410,Card,Android,Tier 2,4G,14,952.65,med,0,1
TXN_012411,UPI,iOS,Tier 1,4G,6,1258.61,med,1,1
TXN_012412,UPI,Android,Tier 3,4G,11,87.32,low,0,1
TXN_012413,UPI,Android,Tier 1,5G,6,2763.41,high,0,1
TXN_012414,UPI,Android,Tier 1,4G,4,314.62,low,0,1
TXN_012415,PayLater,Android,Tier 1,5G,14,187.29,low,0,1
TXN_012416,UPI,iOS,Tier 1,5G,6,394.54,low,1,1
TXN_012417,UPI,Android,Tier 3,4G,21,955.81,med,2,1
TXN_012418,UPI,Desktop,Tier 2,4G,22,344.41,low,0,1
TXN_012419,UPI,Android,Tier 3,3G,20,1860.7,med,0,1
TXN_012420,UPI,Desktop,Tier 1,Wifi,1,175.4,low,0,1
TXN_012421,UPI,Android,Tier 1,4G,1,967.01,med,0,0
TXN_012422,Netbanking,Android,Tier 1,4G,18,287.7,low,0,1
TXN_012423,UPI,Android,Tier 2,4G,8,591.15,med,0,1
TXN_012424,UPI,Android,Tier 3,4G,1,3873.74,high,0,1
TXN_012425,Wallet,iOS,Tier 2,4G,13,1156.03,med,1,1
TXN_012426,UPI,Android,Tier 1,Wifi,14,949.44,med,1,1
TXN_012427,PayLater,Android,Tier 3,Wifi,23,250.31,low,1,1
TXN_012428,UPI,Android,Tier 1,Wifi,11,593.01,med,0,1
TXN_012429,Wallet,Android,Tier 2,4G,18,393.22,low,0,1
TXN_012430,Card,Desktop,Tier 2,4G,14,68.79,low,0,1
TXN_012431,Netbanking,iOS,Tier 1,5G,5,1229.66,med,1,0
TXN_012432,PayLater,Android,Tier 1,5G,9,181.03,low,0,1
TXN_012433,UPI,iOS,Tier 1,4G,9,555.46,med,0,1
TXN_012434,PayLater,Desktop,Tier 3,5G,2,1032.25,med,0,1
TXN_012435,UPI,Android,Tier 2,5G,8,357.64,low,0,1
TXN_012436,UPI,Android,Tier 3,Wifi,22,221.28,low,0,1
TXN_012437,UPI,Android,Tier 2,5G,4,1539.52,med,1,1
TXN_012438,UPI,Android,Tier 2,Wifi,23,133.65,low,0,1
TXN_012439,UPI,Android,Tier 2,4G,21,289.62,low,0,1
TXN_012440,Card,Android,Tier 3,5G,6,841.38,med,2,0
TXN_012441,UPI,Android,Tier 1,4G,18,672.2,med,0,1
TXN_012442,Netbanking,Android,Tier 1,4G,9,548.47,med,0,1
TXN_012443,Netbanking,iOS,Tier 2,4G,10,4271.35,high,0,1
TXN_012444,UPI,Android,Tier 3,4G,5,1540.32,med,0,1
TXN_012445,UPI,Android,Tier 3,3G,18,1961.78,med,1,1
TXN_012446,UPI,iOS,Tier 2,4G,6,345.91,low,0,1
TXN_012447,UPI,Android,Tier 1,Wifi,15,5212.76,high,0,0
TXN_012448,UPI,Android,Tier 1,4G,21,376.91,low,0,1
TXN_012449,UPI,Desktop,Tier 3,4G,11,1203.67,med,0,1
TXN_012450,UPI,iOS,Tier 2,5G,23,1139.51,med,1,1
TXN_012451,PayLater,Android,Tier 1,4G,23,375.11,low,0,0
TXN_012452,Card,Android,Tier 3,5G,21,188.52,low,0,1
TXN_012453,UPI,Desktop,Tier 1,4G,17,606.34,med,0,0
TXN_012454,Card,Android,Tier 2,Wifi,13,435.4,low,0,1
TXN_012455,UPI,Android,Tier 2,4G,15,172.37,low,1,0
TXN_012456,UPI,Android,Tier 1,5G,5,362.04,low,0,1
TXN_012457,Card,Android,Tier 1,4G,0,1900.62,med,0,1
TXN_012458,UPI,iOS,Tier 1,5G,12,308.97,low,0,1
TXN_012459,UPI,iOS,Tier 2,5G,5,1758.72,med,1,1
TXN_012460,PayLater,Desktop,Tier 2,4G,5,1355.3,med,0,1
TXN_012461,Wallet,iOS,Tier 1,4G,5,1177.71,med,0,1
TXN_012462,Card,Android,Tier 3,5G,11,10141.46,ultra_high,0,0
TXN_012463,Card,Android,Tier 1,Wifi,8,336.47,low,0,1
TXN_012464,Card,Desktop,Tier 1,4G,19,1258.61,med,0,0
TXN_012465,UPI,Android,Tier 1,Wifi,6,746.55,med,0,1
TXN_012466,UPI,Android,Tier 1,5G,2,774.69,med,0,1
TXN_012467,UPI,Desktop,Tier 3,5G,23,32.73,low,0,1
TXN_012468,UPI,Android,Tier 1,3G,14,346.08,low,0,1
TXN_012469,UPI,Android,Tier 2,5G,1,427.02,low,2,0
TXN_012470,UPI,iOS,Tier 3,Wifi,17,761.6,med,2,1
TXN_012471,PayLater,Desktop,Tier 2,5G,20,140.32,low,0,1
TXN_012472,Wallet,Android,Tier 1,4G,0,618.45,med,0,1
TXN_012473,Card,iOS,Tier 3,5G,0,269.1,low,0,1
TXN_012474,UPI,Android,Tier 2,Wifi,10,232.36,low,1,1
TXN_012475,Netbanking,Android,Tier 1,Wifi,2,82.66,low,1,1
TXN_012476,UPI,Desktop,Tier 2,4G,21,127.68,low,0,1
TXN_012477,Netbanking,Desktop,Tier 3,4G,9,457.4,low,0,0
TXN_012478,UPI,Android,Tier 2,5G,11,2267.01,high,0,1
TXN_012479,Netbanking,Android,Tier 2,5G,5,660.76,med,0,1
TXN_012480,UPI,Android,Tier 3,4G,23,742.91,med,0,1
TXN_012481,Wallet,Android,Tier 2,4G,6,1280.15,med,0,1
TXN_012482,Wallet,Android,Tier 1,5G,16,258.92,low,1,1
TXN_012483,UPI,Android,Tier 1,5G,16,188.34,low,1,1
TXN_012484,UPI,Android,Tier 2,Wifi,3,1184.98,med,2,1
TXN_012485,PayLater,Android,Tier 1,Wifi,0,596.36,med,1,1
TXN_012486,UPI,Android,Tier 3,4G,0,1646.39,med,0,1
TXN_012487,Netbanking,iOS,Tier 2,Wifi,16,326.26,low,0,1
TXN_012488,Card,Android,Tier 2,5G,10,2188.36,high,0,1
TXN_012489,UPI,Android,Tier 2,Wifi,2,242.59,low,0,1
TXN_012490,UPI,iOS,Tier 2,4G,9,908.54,med,1,1
TXN_012491,UPI,iOS,Tier 1,4G,1,1597.69,med,0,1
TXN_012492,Netbanking,Android,Tier 1,5G,15,264.88,low,2,0
TXN_012493,UPI,Android,Tier 2,Wifi,15,146.71,low,3,1
TXN_012494,UPI,Android,Tier 3,Wifi,7,290.18,low,0,1
TXN_012495,UPI,Android,Tier 2,5G,6,632.75,med,0,1
TXN_012496,Card,iOS,Tier 1,4G,9,530.5,med,2,0
TXN_012497,Netbanking,Android,Tier 1,5G,23,3601.04,high,0,1
TXN_012498,PayLater,Android,Tier 3,Wifi,3,276.7,low,0,1
TXN_012499,UPI,Android,Tier 3,5G,8,2743.4,high,1,1
TXN_012500,Netbanking,iOS,Tier 1,5G,4,2405.88,high,0,1
TXN_012501,Netbanking,Desktop,Tier 2,4G,6,622.77,med,0,1
TXN_012502,Card,Android,Tier 2,5G,3,94.55,low,0,1
TXN_012503,PayLater,Android,Tier 2,4G,0,284.14,low,0,1
TXN_012504,UPI,Android,Tier 3,3G,11,2018.36,high,0,1
TXN_012505,UPI,Android,Tier 1,5G,15,611.47,med,0,1
TXN_012506,Netbanking,iOS,Tier 2,5G,15,2988.06,high,0,0
TXN_012507,UPI,Android,Tier 1,3G,7,702.05,med,0,1
TXN_012508,Netbanking,Desktop,Tier 1,4G,12,197.05,low,0,1
TXN_012509,Wallet,Android,Tier 2,4G,8,909.29,med,1,1
TXN_012510,UPI,Desktop,Tier 1,5G,9,7610.67,high,0,1
TXN_012511,Wallet,iOS,Tier 2,4G,7,367.67,low,0,1
TXN_012512,UPI,Android,Tier 1,4G,0,4720.52,high,0,1
TXN_012513,UPI,Android,Tier 2,Wifi,2,17519.78,ultra_high,2,1
TXN_012514,Card,Android,Tier 1,5G,4,299.93,low,0,0
TXN_012515,Wallet,Android,Tier 2,4G,6,114.61,low,0,1
TXN_012516,UPI,Android,Tier 2,4G,15,242.76,low,0,1
TXN_012517,UPI,Android,Tier 3,4G,7,246.34,low,0,1
TXN_012518,Card,Desktop,Tier 3,5G,0,385.15,low,0,1
TXN_012519,Card,Android,Tier 1,4G,20,957.38,med,0,1
TXN_012520,Card,iOS,Tier 1,Wifi,2,78.72,low,0,1
TXN_012521,UPI,Desktop,Tier 2,5G,22,693.14,med,0,1
TXN_012522,UPI,iOS,Tier 2,4G,5,1521.1,med,0,1
TXN_012523,UPI,Android,Tier 1,4G,11,863.04,med,1,1
TXN_012524,Netbanking,Android,Tier 1,5G,14,1895.85,med,0,1
TXN_012525,UPI,Android,Tier 2,4G,16,1478.59,med,0,1
TXN_012526,UPI,Android,Tier 3,5G,17,5069.14,high,0,1
TXN_012527,PayLater,Android,Tier 3,Wifi,20,304.66,low,0,1
TXN_012528,UPI,iOS,Tier 1,4G,20,14957.16,ultra_high,0,1
TXN_012529,PayLater,Android,Tier 1,4G,16,308.73,low,0,1
TXN_012530,Card,Android,Tier 1,Wifi,11,250.05,low,0,1
TXN_012531,Netbanking,Desktop,Tier 2,4G,15,723.94,med,0,1
TXN_012532,UPI,Android,Tier 2,4G,11,1014.7,med,0,1
TXN_012533,UPI,Android,Tier 3,4G,3,1170.54,med,0,1
TXN_012534,Card,iOS,Tier 2,Wifi,8,3997.26,high,2,1
TXN_012535,Netbanking,Android,Tier 1,Wifi,14,10632.48,ultra_high,0,1
TXN_012536,Card,Android,Tier 1,4G,4,1223.75,med,1,1
TXN_012537,UPI,Android,Tier 3,5G,22,7484.83,high,1,1
TXN_012538,Netbanking,iOS,Tier 1,4G,10,3359.54,high,4,0
TXN_012539,Netbanking,Android,Tier 1,5G,17,79.42,low,3,1
TXN_012540,Card,Android,Tier 2,4G,0,1799.66,med,0,0
TXN_012541,Netbanking,Android,Tier 2,4G,15,61.75,low,0,1
TXN_012542,Netbanking,Android,Tier 3,Wifi,17,3166.27,high,0,1
TXN_012543,Card,Android,Tier 1,4G,12,1755.69,med,0,0
TXN_012544,UPI,Android,Tier 2,4G,19,2778.69,high,0,1
TXN_012545,UPI,Android,Tier 2,Wifi,15,162.7,low,0,1
TXN_012546,UPI,Android,Tier 3,5G,21,1738.47,med,2,1
TXN_012547,UPI,Android,Tier 2,5G,15,1216.46,med,1,1
TXN_012548,UPI,Android,Tier 3,Wifi,2,412.81,low,0,1
TXN_012549,UPI,Android,Tier 1,4G,17,1244.86,med,0,1
TXN_012550,UPI,Android,Tier 3,4G,22,318.32,low,0,1
TXN_012551,UPI,Android,Tier 2,4G,23,435.2,low,0,1
TXN_012552,Netbanking,iOS,Tier 1,4G,10,2713.96,high,0,1
TXN_012553,Wallet,iOS,Tier 1,4G,12,744.34,med,0,0
TXN_012554,UPI,Android,Tier 2,5G,23,1210.58,med,0,1
TXN_012555,PayLater,Android,Tier 1,4G,1,936.29,med,1,1
TXN_012556,UPI,Android,Tier 3,4G,2,1368.96,med,0,1
TXN_012557,UPI,Android,Tier 2,4G,0,948.36,med,0,1
TXN_012558,UPI,Android,Tier 1,4G,0,67.59,low,0,1
TXN_012559,UPI,Android,Tier 2,5G,14,304.92,low,0,1
TXN_012560,Netbanking,iOS,Tier 1,4G,21,425.04,low,0,1
TXN_012561,Card,Android,Tier 2,4G,2,90.69,low,1,0
TXN_012562,UPI,Android,Tier 2,3G,3,937.56,med,0,1
TXN_012563,UPI,iOS,Tier 3,5G,11,315.56,low,0,1
TXN_012564,UPI,Android,Tier 2,5G,23,264.45,low,1,1
TXN_012565,UPI,Android,Tier 3,5G,20,79.95,low,0,1
TXN_012566,UPI,Desktop,Tier 3,5G,11,511.12,med,0,1
TXN_012567,UPI,iOS,Tier 2,4G,13,1146.35,med,0,1
TXN_012568,Netbanking,iOS,Tier 2,4G,10,927.59,med,0,1
TXN_012569,Wallet,Android,Tier 2,5G,5,1756.06,med,1,1
TXN_012570,UPI,Android,Tier 1,4G,13,502.09,med,1,1
TXN_012571,Wallet,Desktop,Tier 3,4G,1,2657.02,high,3,0
TXN_012572,UPI,Android,Tier 2,4G,2,1891.81,med,1,1
TXN_012573,UPI,iOS,Tier 1,4G,20,636.4,med,0,1
TXN_012574,UPI,Android,Tier 3,Wifi,17,607.73,med,0,1
TXN_012575,Card,Android,Tier 1,4G,7,8638.8,high,1,0
TXN_012576,PayLater,Desktop,Tier 3,4G,1,478.94,low,0,1
TXN_012577,Card,Android,Tier 1,5G,19,6872.55,high,0,1
TXN_012578,UPI,Android,Tier 2,5G,15,2046.48,high,1,1
TXN_012579,Card,Android,Tier 2,5G,13,297.87,low,1,0
TXN_012580,UPI,Android,Tier 2,4G,18,834.03,med,1,1
TXN_012581,Wallet,Android,Tier 1,4G,19,467.26,low,0,1
TXN_012582,UPI,Android,Tier 1,5G,3,340.62,low,0,1
TXN_012583,UPI,Android,Tier 1,4G,5,816.52,med,0,1
TXN_012584,Card,iOS,Tier 3,4G,11,342.01,low,1,0
TXN_012585,Card,Android,Tier 1,Wifi,9,317.7,low,0,1
TXN_012586,UPI,Desktop,Tier 2,4G,8,932.46,med,0,1
TXN_012587,Card,Android,Tier 3,4G,2,2909.96,high,1,0
TXN_012588,UPI,Android,Tier 3,4G,0,550.47,med,0,1
TXN_012589,Card,Android,Tier 1,4G,13,1083.23,med,4,1
TXN_012590,Netbanking,iOS,Tier 3,4G,7,1072.08,med,1,0
TXN_012591,Netbanking,Desktop,Tier 1,4G,22,295.97,low,3,0
TXN_012592,Card,iOS,Tier 2,4G,17,4362.6,high,1,1
TXN_012593,UPI,Android,Tier 2,4G,20,544.4,med,0,1
TXN_012594,UPI,Android,Tier 1,4G,11,373.98,low,0,1
TXN_012595,Netbanking,iOS,Tier 1,5G,11,3894.34,high,2,1
TXN_012596,UPI,Desktop,Tier 2,Wifi,9,1314.56,med,0,1
TXN_012597,UPI,Desktop,Tier 2,4G,3,2586.86,high,0,1
TXN_012598,UPI,Android,Tier 3,3G,19,274.38,low,0,1
TXN_012599,UPI,Desktop,Tier 1,5G,4,8550.2,high,0,1
TXN_012600,Card,Android,Tier 3,5G,7,190.95,low,2,0
TXN_012601,UPI,Android,Tier 2,4G,18,2323.42,high,0,1
TXN_012602,Card,Android,Tier 3,Wifi,21,1935.39,med,0,1
TXN_012603,UPI,Android,Tier 2,Wifi,5,728.63,med,0,1
TXN_012604,UPI,iOS,Tier 3,4G,15,2471.08,high,0,1
TXN_012605,UPI,iOS,Tier 1,5G,22,153.04,low,0,1
TXN_012606,UPI,iOS,Tier 2,5G,8,857.74,med,4,1
TXN_012607,UPI,Android,Tier 1,4G,10,2459.71,high,0,1
TXN_012608,Card,Android,Tier 1,4G,2,3228.34,high,0,1
TXN_012609,UPI,Android,Tier 2,4G,13,2456.57,high,0,1
TXN_012610,Netbanking,Android,Tier 2,4G,4,64.99,low,3,0
TXN_012611,UPI,iOS,Tier 1,4G,20,2336.65,high,0,0
TXN_012612,UPI,Android,Tier 2,5G,20,1192.42,med,0,0
TXN_012613,Card,Android,Tier 2,5G,5,4523.71,high,2,0
TXN_012614,UPI,Android,Tier 1,Wifi,0,833.97,med,0,1
TXN_012615,UPI,iOS,Tier 2,5G,12,91.88,low,0,1
TXN_012616,UPI,Android,Tier 2,4G,8,857.52,med,0,1
TXN_012617,UPI,Android,Tier 1,4G,2,149.67,low,0,1
TXN_012618,Netbanking,iOS,Tier 2,Wifi,5,1124.14,med,3,0
TXN_012619,UPI,Android,Tier 2,4G,19,255.28,low,0,1
TXN_012620,Netbanking,iOS,Tier 3,5G,22,4462.88,high,1,1
TXN_012621,Wallet,Android,Tier 1,4G,7,1006.99,med,0,1
TXN_012622,UPI,Android,Tier 3,4G,3,75.56,low,0,1
TXN_012623,Wallet,iOS,Tier 1,4G,5,4557.98,high,0,1
TXN_012624,UPI,Android,Tier 2,4G,11,14934.57,ultra_high,0,1
TXN_012625,PayLater,Android,Tier 1,5G,11,363.7,low,1,1
TXN_012626,UPI,Android,Tier 3,5G,6,189.95,low,0,1
TXN_012627,Card,Android,Tier 2,4G,15,205.93,low,0,1
TXN_012628,UPI,Android,Tier 1,Wifi,6,67.93,low,1,1
TXN_012629,UPI,Android,Tier 1,4G,23,1578.02,med,0,1
TXN_012630,Card,iOS,Tier 1,4G,2,384.94,low,0,0
TXN_012631,Card,iOS,Tier 1,Wifi,12,355.44,low,1,1
TXN_012632,UPI,Android,Tier 2,4G,19,592.62,med,1,1
TXN_012633,UPI,Android,Tier 2,Wifi,8,4324.3,high,0,1
TXN_012634,Card,Android,Tier 3,Wifi,10,586.53,med,1,1
TXN_012635,Card,Android,Tier 3,4G,6,478.25,low,0,1
TXN_012636,PayLater,Android,Tier 2,4G,22,255.96,low,0,0
TXN_012637,Netbanking,Android,Tier 1,4G,14,1531.14,med,0,1
TXN_012638,PayLater,Android,Tier 1,4G,0,266.22,low,0,1
TXN_012639,Card,Android,Tier 2,5G,1,484.12,low,0,0
TXN_012640,UPI,Android,Tier 2,4G,0,3216.78,high,0,1
TXN_012641,UPI,iOS,Tier 2,4G,14,164.76,low,1,1
TXN_012642,Netbanking,iOS,Tier 3,5G,3,108.05,low,1,1
TXN_012643,Card,Android,Tier 3,5G,3,428.98,low,2,0
TXN_012644,UPI,iOS,Tier 1,5G,13,752.43,med,0,1
TXN_012645,UPI,Android,Tier 1,5G,4,1408.9,med,0,1
TXN_012646,PayLater,iOS,Tier 3,5G,20,760.97,med,0,1
TXN_012647,UPI,Android,Tier 3,Wifi,0,922.67,med,1,1
TXN_012648,UPI,iOS,Tier 1,4G,14,6109.96,high,0,1
TXN_012649,UPI,Android,Tier 2,5G,6,1558.6,med,1,1
TXN_012650,UPI,Android,Tier 2,4G,15,556.55,med,1,1
TXN_012651,UPI,Android,Tier 2,3G,21,807.9,med,0,1
TXN_012652,UPI,Android,Tier 1,4G,23,657.09,med,0,1
TXN_012653,UPI,Android,Tier 3,Wifi,13,2284.92,high,2,1
TXN_012654,Netbanking,Android,Tier 2,5G,14,4548.02,high,0,0
TXN_012655,UPI,iOS,Tier 1,5G,14,753.43,med,1,1
TXN_012656,Netbanking,Android,Tier 2,4G,19,195.44,low,0,1
TXN_012657,Netbanking,Android,Tier 2,4G,0,3651.36,high,1,1
TXN_012658,UPI,Android,Tier 3,5G,18,305.99,low,0,1
TXN_012659,Card,Desktop,Tier 1,4G,6,999.99,med,1,1
TXN_012660,UPI,iOS,Tier 3,Wifi,17,36.35,low,4,0
TXN_012661,Wallet,iOS,Tier 1,Wifi,14,386.84,low,1,0
TXN_012662,UPI,Android,Tier 2,Wifi,12,2146.02,high,0,1
TXN_012663,Card,Android,Tier 2,4G,18,1910.34,med,0,1
TXN_012664,Card,Android,Tier 2,4G,17,262.51,low,0,1
TXN_012665,UPI,Android,Tier 2,5G,3,1367.57,med,0,1
TXN_012666,UPI,Android,Tier 3,4G,17,45.15,low,0,1
TXN_012667,Card,Android,Tier 2,Wifi,3,228.39,low,1,0
TXN_012668,Card,Android,Tier 2,Wifi,15,301.85,low,2,0
TXN_012669,UPI,Android,Tier 1,4G,13,2793.22,high,0,1
TXN_012670,Card,Android,Tier 1,5G,13,607.32,med,0,1
TXN_012671,UPI,iOS,Tier 1,5G,6,1506.35,med,4,1
TXN_012672,Card,Android,Tier 3,5G,12,2041.59,high,0,0
TXN_012673,UPI,iOS,Tier 2,5G,23,870.99,med,1,1
TXN_012674,Wallet,Android,Tier 3,4G,13,4128.21,high,0,0
TXN_012675,UPI,Android,Tier 1,4G,9,316.03,low,2,1
TXN_012676,UPI,Android,Tier 2,5G,12,1119.35,med,0,1
TXN_012677,UPI,iOS,Tier 1,4G,5,72.43,low,0,1
TXN_012678,UPI,Android,Tier 3,5G,10,1925.03,med,0,1
TXN_012679,UPI,iOS,Tier 1,5G,5,1751.6,med,0,1
TXN_012680,UPI,Android,Tier 1,Wifi,10,535.52,med,1,1
TXN_012681,Netbanking,Android,Tier 2,3G,18,428.97,low,0,1
TXN_012682,UPI,Android,Tier 1,5G,16,3216.35,high,0,1
TXN_012683,UPI,Android,Tier 2,4G,2,452.89,low,0,1
TXN_012684,UPI,iOS,Tier 2,4G,0,2818.82,high,0,1
TXN_012685,UPI,Android,Tier 2,4G,15,478.83,low,0,1
TXN_012686,UPI,Android,Tier 3,4G,11,1534.97,med,4,1
TXN_012687,UPI,iOS,Tier 1,5G,13,188.13,low,0,1
TXN_012688,UPI,Desktop,Tier 2,Wifi,17,447.56,low,1,1
TXN_012689,UPI,Android,Tier 3,4G,2,1017.33,med,0,1
TXN_012690,UPI,iOS,Tier 2,4G,23,9246.63,high,3,1
TXN_012691,Card,Android,Tier 1,5G,7,3811.11,high,0,1
TXN_012692,UPI,iOS,Tier 3,Wifi,17,587.88,med,1,1
TXN_012693,UPI,Android,Tier 1,4G,15,4241.86,high,0,0
TXN_012694,PayLater,Android,Tier 1,4G,14,688.5,med,2,1
TXN_012695,UPI,Android,Tier 1,Wifi,21,2104.12,high,0,1
TXN_012696,Card,Android,Tier 1,4G,1,691.79,med,0,0
TXN_012697,UPI,Android,Tier 1,5G,15,350.62,low,1,1
TXN_012698,Netbanking,Android,Tier 1,5G,22,487.57,low,0,0
TXN_012699,Netbanking,Android,Tier 2,4G,9,98.67,low,1,0
TXN_012700,UPI,Desktop,Tier 1,4G,10,483.35,low,0,1
TXN_012701,PayLater,Android,Tier 1,Wifi,18,213.83,low,0,0
TXN_012702,UPI,Android,Tier 2,4G,23,1312.6,med,0,1
TXN_012703,UPI,Android,Tier 1,4G,18,2349.9,high,0,1
TXN_012704,Netbanking,Desktop,Tier 1,5G,9,529.62,med,0,1
TXN_012705,Netbanking,Android,Tier 2,4G,21,173.03,low,2,0
TXN_012706,UPI,Android,Tier 1,5G,16,3023.5,high,1,1
TXN_012707,UPI,Android,Tier 1,Wifi,23,565.14,med,0,1
TXN_012708,UPI,Android,Tier 2,Wifi,22,3543.36,high,0,1
TXN_012709,UPI,Android,Tier 2,4G,0,1267.27,med,1,1
TXN_012710,Netbanking,Android,Tier 2,4G,6,8448.07,high,3,1
TXN_012711,UPI,Android,Tier 3,4G,15,702.14,med,0,1
TXN_012712,UPI,Android,Tier 2,Wifi,10,76.48,low,0,1
TXN_012713,UPI,Android,Tier 2,4G,20,1061.21,med,0,1
TXN_012714,UPI,Android,Tier 1,4G,17,281.63,low,1,1
TXN_012715,UPI,Android,Tier 2,Wifi,0,276.86,low,0,1
TXN_012716,Card,Desktop,Tier 1,5G,1,4225.38,high,0,1
TXN_012717,PayLater,iOS,Tier 2,4G,21,1249.1,med,0,1
TXN_012718,Netbanking,Android,Tier 2,4G,1,382.16,low,0,0
TXN_012719,UPI,Android,Tier 2,5G,5,933.26,med,0,1
TXN_012720,Wallet,Android,Tier 3,5G,23,926.57,med,1,1
TXN_012721,Netbanking,Android,Tier 3,5G,7,93.14,low,0,1
TXN_012722,Netbanking,Android,Tier 1,4G,21,2515.41,high,1,0
TXN_012723,UPI,Android,Tier 1,4G,20,2179.45,high,1,1
TXN_012724,UPI,Desktop,Tier 3,5G,19,578.81,med,0,1
TXN_012725,UPI,iOS,Tier 2,Wifi,13,1180.14,med,0,1
TXN_012726,UPI,Android,Tier 2,4G,21,205.84,low,0,1
TXN_012727,UPI,Android,Tier 2,4G,20,8877.59,high,0,1
TXN_012728,UPI,Desktop,Tier 2,5G,19,2720.4,high,0,1
TXN_012729,UPI,Desktop,Tier 3,5G,21,477.72,low,1,1
TXN_012730,Card,Desktop,Tier 2,4G,7,239.52,low,0,1
TXN_012731,UPI,Android,Tier 2,5G,16,497.98,low,0,1
TXN_012732,UPI,Android,Tier 2,3G,4,357.73,low,0,1
TXN_012733,PayLater,Android,Tier 3,5G,2,1471.69,med,0,1
TXN_012734,Wallet,Android,Tier 2,4G,23,504.64,med,1,1
TXN_012735,Netbanking,Android,Tier 2,Wifi,23,105.86,low,2,1
TXN_012736,PayLater,Android,Tier 3,4G,17,532.21,med,0,1
TXN_012737,UPI,iOS,Tier 2,4G,9,371.99,low,0,1
TXN_012738,PayLater,iOS,Tier 1,5G,3,2396.32,high,0,1
TXN_012739,UPI,Android,Tier 2,5G,9,10113.98,ultra_high,0,1
TXN_012740,UPI,iOS,Tier 2,Wifi,17,793.86,med,0,1
TXN_012741,UPI,Android,Tier 1,4G,12,1010.31,med,0,1
TXN_012742,UPI,iOS,Tier 2,4G,21,342.9,low,0,0
TXN_012743,UPI,Android,Tier 2,Wifi,16,1997.0,med,0,1
TXN_012744,Card,Android,Tier 2,4G,13,688.26,med,1,1
TXN_012745,Netbanking,Android,Tier 2,4G,18,938.03,med,1,1
TXN_012746,Card,Android,Tier 2,5G,17,2433.85,high,0,0
TXN_012747,UPI,Android,Tier 3,3G,22,1870.99,med,0,1
TXN_012748,Netbanking,Android,Tier 1,5G,7,641.52,med,0,1
TXN_012749,Card,Desktop,Tier 1,4G,17,2311.75,high,1,0
TXN_012750,UPI,Android,Tier 2,5G,15,6891.2,high,4,0
TXN_012751,Card,Android,Tier 2,3G,10,1301.28,med,0,1
TXN_012752,UPI,Android,Tier 1,Wifi,16,1681.86,med,0,1
TXN_012753,UPI,Android,Tier 1,4G,17,1829.39,med,1,1
TXN_012754,Wallet,Android,Tier 2,Wifi,18,256.1,low,1,1
TXN_012755,UPI,iOS,Tier 1,Wifi,17,1600.98,med,0,1
TXN_012756,UPI,Android,Tier 2,5G,13,760.6,med,0,1
TXN_012757,Wallet,Android,Tier 2,5G,16,4051.69,high,0,1
TXN_012758,Card,iOS,Tier 2,4G,7,1064.43,med,0,1
TXN_012759,UPI,Android,Tier 1,5G,14,489.52,low,0,1
TXN_012760,UPI,Android,Tier 2,5G,16,611.66,med,0,1
TXN_012761,UPI,iOS,Tier 2,4G,20,7127.45,high,0,1
TXN_012762,Card,Android,Tier 3,4G,10,32966.62,ultra_high,1,0
TXN_012763,UPI,Android,Tier 3,4G,5,1452.16,med,1,1
TXN_012764,UPI,Desktop,Tier 1,Wifi,22,389.56,low,0,1
TXN_012765,PayLater,Android,Tier 1,5G,18,174.18,low,0,1
TXN_012766,UPI,Android,Tier 1,4G,15,504.98,med,1,0
TXN_012767,UPI,Desktop,Tier 1,Wifi,11,962.88,med,0,1
TXN_012768,UPI,Android,Tier 2,5G,14,483.52,low,0,1
TXN_012769,Card,Android,Tier 2,Wifi,10,210.03,low,0,1
TXN_012770,UPI,iOS,Tier 1,4G,6,1412.07,med,1,1
TXN_012771,UPI,iOS,Tier 2,5G,23,597.41,med,0,1
TXN_012772,Netbanking,Android,Tier 3,5G,9,665.12,med,0,0
TXN_012773,UPI,Android,Tier 2,4G,18,1388.47,med,0,1
TXN_012774,UPI,iOS,Tier 1,4G,4,611.75,med,0,1
TXN_012775,UPI,iOS,Tier 2,4G,16,50000.0,ultra_high,0,0
TXN_012776,UPI,Android,Tier 2,Wifi,23,1794.77,med,0,1
TXN_012777,UPI,Android,Tier 3,4G,18,161.99,low,0,1
TXN_012778,UPI,Android,Tier 1,4G,3,2260.1,high,0,1
TXN_012779,UPI,iOS,Tier 2,4G,0,1902.51,med,0,1
TXN_012780,UPI,iOS,Tier 2,4G,13,1393.06,med,1,1
TXN_012781,Netbanking,Desktop,Tier 2,Wifi,16,4969.11,high,1,1
TXN_012782,PayLater,iOS,Tier 2,4G,13,1529.1,med,0,1
TXN_012783,Netbanking,Android,Tier 1,5G,5,284.3,low,0,1
TXN_012784,Netbanking,Android,Tier 2,4G,21,294.73,low,0,0
TXN_012785,UPI,iOS,Tier 1,4G,4,586.53,med,0,1
TXN_012786,PayLater,iOS,Tier 1,Wifi,2,2602.37,high,1,0
TXN_012787,UPI,Android,Tier 2,3G,21,333.61,low,0,1
TXN_012788,PayLater,Android,Tier 1,4G,23,233.17,low,3,0
TXN_012789,PayLater,Desktop,Tier 1,4G,14,22009.81,ultra_high,1,0
TXN_012790,Card,Android,Tier 2,4G,6,915.43,med,1,1
TXN_012791,PayLater,Android,Tier 2,4G,10,424.27,low,1,1
TXN_012792,Card,Android,Tier 1,5G,9,32.31,low,0,1
TXN_012793,UPI,Android,Tier 2,4G,13,306.46,low,0,1
TXN_012794,UPI,Android,Tier 1,5G,2,343.47,low,1,1
TXN_012795,Card,iOS,Tier 1,5G,13,872.85,med,0,1
TXN_012796,UPI,Android,Tier 2,4G,16,717.16,med,0,1
TXN_012797,Card,Android,Tier 1,Wifi,3,1483.09,med,0,0
TXN_012798,PayLater,Android,Tier 3,Wifi,5,194.99,low,0,1
TXN_012799,UPI,iOS,Tier 1,5G,19,4682.65,high,0,1
TXN_012800,Netbanking,Desktop,Tier 3,Wifi,4,3778.77,high,0,1
TXN_012801,Wallet,iOS,Tier 3,Wifi,9,299.15,low,0,1
TXN_012802,Wallet,Desktop,Tier 3,5G,6,8167.83,high,0,1
TXN_012803,PayLater,Android,Tier 2,Wifi,14,191.0,low,0,1
TXN_012804,UPI,Android,Tier 3,5G,20,289.28,low,0,1
TXN_012805,PayLater,Android,Tier 3,5G,20,301.78,low,1,1
TXN_012806,Netbanking,Android,Tier 1,4G,17,421.45,low,0,1
TXN_012807,UPI,iOS,Tier 2,Wifi,0,286.23,low,0,1
TXN_012808,UPI,Android,Tier 1,4G,3,520.63,med,0,1
TXN_012809,Card,Desktop,Tier 2,4G,10,2150.96,high,0,1
TXN_012810,UPI,Android,Tier 2,5G,9,628.55,med,4,0
TXN_012811,Card,Android,Tier 1,5G,12,41209.1,ultra_high,0,1
TXN_012812,Card,Android,Tier 3,5G,23,4928.87,high,0,1
TXN_012813,UPI,Android,Tier 1,5G,18,4207.34,high,0,1
TXN_012814,Card,Android,Tier 3,4G,21,291.72,low,0,0
TXN_012815,Netbanking,Android,Tier 1,Wifi,9,596.72,med,0,1
TXN_012816,UPI,Android,Tier 2,5G,17,508.51,med,0,1
TXN_012817,UPI,Android,Tier 1,Wifi,8,243.79,low,0,1
TXN_012818,UPI,Android,Tier 1,4G,8,10630.95,ultra_high,0,1
TXN_012819,UPI,Android,Tier 2,5G,19,3295.68,high,0,1
TXN_012820,Wallet,Android,Tier 1,5G,11,715.6,med,2,0
TXN_012821,UPI,Android,Tier 2,4G,23,1485.65,med,0,1
TXN_012822,Card,Android,Tier 3,Wifi,13,1005.54,med,1,1
TXN_012823,UPI,Android,Tier 1,4G,1,277.2,low,0,1
TXN_012824,UPI,Android,Tier 3,5G,9,2297.06,high,1,0
TXN_012825,Netbanking,Android,Tier 1,5G,17,1012.12,med,0,1
TXN_012826,Card,Android,Tier 1,5G,5,479.46,low,0,0
TXN_012827,UPI,Android,Tier 1,5G,1,223.85,low,0,1
TXN_012828,UPI,Android,Tier 3,4G,16,1832.26,med,0,1
TXN_012829,UPI,iOS,Tier 1,5G,17,820.67,med,0,1
TXN_012830,UPI,Android,Tier 3,4G,17,320.52,low,0,1
TXN_012831,Card,Android,Tier 3,4G,20,3812.14,high,0,0
TXN_012832,UPI,iOS,Tier 1,4G,13,1065.19,med,0,1
TXN_012833,UPI,Android,Tier 2,4G,21,108.67,low,0,1
TXN_012834,UPI,Android,Tier 2,5G,10,5249.39,high,0,1
TXN_012835,Wallet,Android,Tier 1,Wifi,18,149.39,low,0,1
TXN_012836,PayLater,Android,Tier 1,4G,15,482.9,low,0,1
TXN_012837,UPI,iOS,Tier 2,4G,7,940.33,med,0,1
TXN_012838,Netbanking,Android,Tier 2,4G,17,221.67,low,4,1
TXN_012839,UPI,Android,Tier 3,5G,2,743.2,med,0,1
TXN_012840,UPI,Android,Tier 1,4G,3,5942.54,high,1,1
TXN_012841,Netbanking,Android,Tier 1,4G,20,4714.3,high,0,1
TXN_012842,Wallet,Android,Tier 3,5G,4,2388.31,high,0,1
TXN_012843,PayLater,Android,Tier 1,4G,21,2958.6,high,0,0
TXN_012844,Card,iOS,Tier 2,4G,3,3451.42,high,0,1
TXN_012845,UPI,iOS,Tier 1,4G,6,2765.48,high,1,1
TXN_012846,Netbanking,Android,Tier 3,4G,23,1134.46,med,1,0
TXN_012847,UPI,Desktop,Tier 3,4G,19,593.25,med,0,1
TXN_012848,Card,Android,Tier 1,5G,5,370.12,low,0,1
TXN_012849,UPI,Android,Tier 1,4G,23,448.57,low,0,1
TXN_012850,Card,iOS,Tier 2,4G,16,81.3,low,0,1
TXN_012851,UPI,iOS,Tier 1,4G,13,2148.16,high,1,0
TXN_012852,UPI,iOS,Tier 2,5G,4,1449.49,med,0,1
TXN_012853,Wallet,Android,Tier 2,Wifi,14,1044.02,med,0,1
TXN_012854,UPI,Android,Tier 1,5G,22,582.24,med,3,0
TXN_012855,UPI,iOS,Tier 1,5G,9,1454.46,med,0,1
TXN_012856,UPI,Android,Tier 3,5G,1,1053.68,med,4,1
TXN_012857,UPI,Android,Tier 2,4G,11,748.2,med,0,1
TXN_012858,UPI,Android,Tier 1,4G,10,2293.18,high,0,1
TXN_012859,UPI,iOS,Tier 2,4G,6,835.9,med,1,1
TXN_012860,Netbanking,Android,Tier 2,4G,6,1825.71,med,0,0
TXN_012861,UPI,Android,Tier 2,4G,18,2749.87,high,1,0
TXN_012862,PayLater,Android,Tier 1,5G,6,245.7,low,0,1
TXN_012863,Card,Android,Tier 1,4G,13,1720.17,med,2,1
TXN_012864,UPI,iOS,Tier 3,Wifi,11,40.82,low,0,1
TXN_012865,Card,Android,Tier 3,Wifi,9,2311.89,high,2,1
TXN_012866,UPI,Android,Tier 2,3G,4,2808.43,high,1,1
TXN_012867,Netbanking,Android,Tier 1,4G,22,2401.8,high,0,0
TXN_012868,UPI,Android,Tier 2,Wifi,6,3025.96,high,0,1
TXN_012869,UPI,Android,Tier 3,Wifi,5,3772.72,high,0,1
TXN_012870,Wallet,Android,Tier 1,Wifi,19,805.37,med,0,1
TXN_012871,Wallet,Android,Tier 1,5G,23,1942.16,med,3,0
TXN_012872,Wallet,Android,Tier 2,Wifi,1,2722.45,high,0,1
TXN_012873,UPI,iOS,Tier 3,4G,12,404.51,low,0,1
TXN_012874,Netbanking,iOS,Tier 1,4G,15,172.73,low,1,1
TXN_012875,UPI,Android,Tier 2,4G,7,1675.11,med,0,1
TXN_012876,UPI,Android,Tier 2,Wifi,12,2238.07,high,0,1
TXN_012877,UPI,Desktop,Tier 2,4G,13,3483.41,high,0,1
TXN_012878,Card,Android,Tier 2,4G,4,920.82,med,0,1
TXN_012879,UPI,Android,Tier 2,Wifi,22,1040.08,med,0,1
TXN_012880,UPI,iOS,Tier 1,4G,2,1007.25,med,1,1
TXN_012881,Netbanking,Android,Tier 1,Wifi,13,471.75,low,0,1
TXN_012882,UPI,Android,Tier 2,Wifi,22,2345.94,high,1,1
TXN_012883,UPI,Android,Tier 1,4G,22,1919.21,med,0,1
TXN_012884,UPI,Android,Tier 2,4G,12,799.9,med,0,0
TXN_012885,Wallet,iOS,Tier 2,5G,16,967.57,med,0,1
TXN_012886,UPI,Android,Tier 1,3G,8,745.3,med,0,1
TXN_012887,UPI,Android,Tier 2,Wifi,6,9201.35,high,0,1
TXN_012888,Netbanking,Desktop,Tier 2,4G,17,1833.04,med,1,1
TXN_012889,Netbanking,Desktop,Tier 1,4G,20,169.05,low,0,0
TXN_012890,UPI,Android,Tier 2,4G,10,901.98,med,0,1
TXN_012891,Card,Android,Tier 3,5G,15,583.28,med,0,1
TXN_012892,Netbanking,Android,Tier 2,4G,17,985.15,med,0,1
TXN_012893,Card,iOS,Tier 2,4G,6,477.77,low,0,1
TXN_012894,UPI,Android,Tier 1,5G,3,2823.69,high,0,0
TXN_012895,Wallet,Android,Tier 1,4G,18,793.16,med,1,1
TXN_012896,UPI,Android,Tier 1,4G,21,998.06,med,0,1
TXN_012897,UPI,Android,Tier 2,Wifi,23,1244.29,med,0,1
TXN_012898,UPI,Android,Tier 1,5G,23,1013.82,med,1,1
TXN_012899,UPI,Android,Tier 1,4G,23,177.16,low,0,1
TXN_012900,UPI,Android,Tier 2,5G,20,307.51,low,0,1
TXN_012901,Netbanking,Android,Tier 1,5G,10,327.43,low,0,1
TXN_012902,UPI,Android,Tier 1,5G,12,1236.32,med,0,1
TXN_012903,UPI,Android,Tier 2,Wifi,5,442.93,low,3,1
TXN_012904,UPI,Android,Tier 1,5G,12,373.86,low,0,1
TXN_012905,UPI,iOS,Tier 2,5G,1,674.32,med,0,1
TXN_012906,PayLater,Android,Tier 1,5G,21,1720.67,med,0,1
TXN_012907,UPI,Android,Tier 1,5G,13,681.42,med,0,0
TXN_012908,UPI,Android,Tier 3,4G,12,976.14,med,1,1
TXN_012909,UPI,Android,Tier 3,4G,4,713.38,med,0,1
TXN_012910,UPI,Android,Tier 3,5G,2,19282.98,ultra_high,0,1
TXN_012911,UPI,Android,Tier 3,4G,23,926.67,med,0,1
TXN_012912,Card,iOS,Tier 2,4G,3,546.72,med,0,1
TXN_012913,PayLater,Android,Tier 2,5G,13,48.81,low,1,1
TXN_012914,UPI,Android,Tier 2,4G,17,791.79,med,2,1
TXN_012915,Card,Android,Tier 3,5G,10,6232.91,high,0,1
TXN_012916,Card,iOS,Tier 2,4G,18,160.96,low,1,1
TXN_012917,Netbanking,Android,Tier 1,4G,1,347.85,low,0,0
TXN_012918,UPI,iOS,Tier 3,4G,1,12414.82,ultra_high,0,1
TXN_012919,UPI,Android,Tier 2,4G,2,161.24,low,2,0
TXN_012920,UPI,iOS,Tier 3,4G,22,2333.78,high,0,1
TXN_012921,Card,Desktop,Tier 1,4G,15,665.8,med,0,1
TXN_012922,Netbanking,Desktop,Tier 1,4G,0,220.94,low,0,1
TXN_012923,UPI,Android,Tier 1,5G,9,1787.13,med,0,1
TXN_012924,UPI,Android,Tier 2,4G,5,59.09,low,2,1
TXN_012925,Wallet,Android,Tier 1,Wifi,16,2557.38,high,1,0
TXN_012926,Netbanking,Desktop,Tier 1,5G,18,363.07,low,1,1
TXN_012927,PayLater,Android,Tier 1,4G,11,208.59,low,0,0
TXN_012928,Netbanking,Android,Tier 1,4G,19,4394.71,high,1,1
TXN_012929,UPI,Android,Tier 2,4G,15,698.37,med,0,1
TXN_012930,Card,Android,Tier 3,Wifi,23,2550.03,high,0,0
TXN_012931,Card,Android,Tier 1,Wifi,1,6652.22,high,1,1
TXN_012932,UPI,Android,Tier 2,4G,14,277.74,low,0,1
TXN_012933,UPI,Android,Tier 1,5G,22,46.25,low,1,1
TXN_012934,Card,Android,Tier 1,3G,18,1747.66,med,1,0
TXN_012935,UPI,Desktop,Tier 2,5G,0,662.52,med,0,1
TXN_012936,Netbanking,iOS,Tier 2,4G,5,1617.74,med,0,1
TXN_012937,Card,iOS,Tier 3,4G,17,7065.11,high,0,0
TXN_012938,PayLater,Android,Tier 2,4G,18,91.45,low,0,0
TXN_012939,UPI,iOS,Tier 3,5G,21,442.8,low,1,1
TXN_012940,UPI,Android,Tier 1,Wifi,2,1242.5,med,0,1
TXN_012941,Card,Android,Tier 1,5G,4,987.87,med,0,0
TXN_012942,UPI,Android,Tier 1,4G,2,526.38,med,0,0
TXN_012943,Card,Android,Tier 3,Wifi,6,3994.3,high,0,1
TXN_012944,Netbanking,Android,Tier 1,Wifi,6,30.41,low,0,0
TXN_012945,UPI,Desktop,Tier 1,4G,0,132.57,low,0,1
TXN_012946,UPI,Android,Tier 2,4G,21,2018.89,high,2,0
TXN_012947,UPI,Android,Tier 1,5G,12,512.33,med,1,1
TXN_012948,UPI,Android,Tier 1,4G,12,2421.48,high,0,1
TXN_012949,Wallet,Android,Tier 1,4G,14,6383.92,high,0,0
TXN_012950,Netbanking,Android,Tier 1,4G,18,144.22,low,0,0
TXN_012951,Card,Android,Tier 2,Wifi,6,562.67,med,0,1
TXN_012952,Card,iOS,Tier 2,Wifi,16,195.48,low,0,1
TXN_012953,UPI,Android,Tier 1,4G,9,2017.64,high,0,1
TXN_012954,Wallet,Android,Tier 1,Wifi,18,289.85,low,0,1
TXN_012955,Card,Android,Tier 3,5G,17,5384.91,high,3,0
TXN_012956,Card,iOS,Tier 2,4G,7,410.78,low,1,0
TXN_012957,Netbanking,iOS,Tier 2,Wifi,7,373.99,low,0,1
TXN_012958,UPI,Android,Tier 2,5G,8,2693.17,high,0,1
TXN_012959,Netbanking,Android,Tier 1,Wifi,12,884.49,med,2,1
TXN_012960,UPI,Android,Tier 3,4G,12,2500.06,high,0,1
TXN_012961,UPI,iOS,Tier 2,5G,1,195.77,low,0,1
TXN_012962,UPI,iOS,Tier 1,4G,6,850.17,med,0,1
TXN_012963,PayLater,Android,Tier 2,4G,6,4314.97,high,0,1
TXN_012964,Netbanking,Android,Tier 1,5G,19,874.56,med,0,1
TXN_012965,Card,iOS,Tier 1,Wifi,21,143.48,low,0,1
TXN_012966,Card,Android,Tier 3,5G,0,7252.3,high,2,1
TXN_012967,Card,Android,Tier 3,4G,13,209.33,low,2,0
TXN_012968,Wallet,Android,Tier 1,4G,5,346.48,low,1,1
TXN_012969,UPI,Android,Tier 1,Wifi,12,176.69,low,0,1
TXN_012970,UPI,Desktop,Tier 2,4G,0,3058.68,high,0,1
TXN_012971,UPI,Android,Tier 1,4G,20,28309.34,ultra_high,0,1
TXN_012972,Netbanking,Android,Tier 2,Wifi,19,711.34,med,0,0
TXN_012973,Card,Android,Tier 2,Wifi,21,9841.49,high,0,0
TXN_012974,UPI,Android,Tier 2,5G,20,12419.4,ultra_high,0,1
TXN_012975,UPI,Android,Tier 2,4G,20,1024.97,med,0,1
TXN_012976,Netbanking,Android,Tier 2,4G,2,706.54,med,0,1
TXN_012977,UPI,Android,Tier 3,5G,14,582.44,med,0,1
TXN_012978,Card,Android,Tier 1,Wifi,17,1086.66,med,1,1
TXN_012979,PayLater,iOS,Tier 3,3G,22,9174.8,high,1,1
TXN_012980,UPI,Android,Tier 1,5G,9,1106.82,med,0,0
TXN_012981,UPI,Android,Tier 1,Wifi,14,660.41,med,0,1
TXN_012982,Card,Desktop,Tier 1,4G,7,868.35,med,0,1
TXN_012983,Netbanking,Android,Tier 2,4G,4,1609.34,med,0,1
TXN_012984,UPI,iOS,Tier 1,4G,8,516.19,med,0,1
TXN_012985,PayLater,Android,Tier 3,3G,0,634.24,med,0,0
TXN_012986,UPI,iOS,Tier 2,4G,18,414.52,low,0,1
TXN_012987,UPI,iOS,Tier 1,4G,7,268.58,low,3,1
TXN_012988,Card,Android,Tier 2,Wifi,4,1794.87,med,0,0
TXN_012989,Netbanking,iOS,Tier 3,4G,17,278.21,low,1,1
TXN_012990,UPI,Desktop,Tier 2,4G,8,831.57,med,0,1
TXN_012991,Netbanking,Android,Tier 1,5G,0,600.37,med,0,1
TXN_012992,Card,Android,Tier 3,5G,18,2657.86,high,0,1
TXN_012993,UPI,Android,Tier 2,4G,13,625.56,med,0,1
TXN_012994,UPI,iOS,Tier 1,Wifi,13,1803.77,med,2,1
TXN_012995,Netbanking,Android,Tier 1,4G,3,131.16,low,0,1
TXN_012996,UPI,Android,Tier 2,Wifi,6,3766.27,high,0,0
TXN_012997,UPI,Android,Tier 3,5G,19,1749.95,med,0,1
TXN_012998,UPI,Android,Tier 1,4G,10,4226.62,high,0,1
TXN_012999,Wallet,Android,Tier 1,Wifi,1,1262.05,med,1,1
TXN_013000,Card,Android,Tier 3,4G,17,1197.88,med,0,0
TXN_013001,Netbanking,iOS,Tier 1,4G,9,508.13,med,0,0
TXN_013002,UPI,Android,Tier 3,Wifi,0,1204.02,med,1,1
TXN_013003,Card,Android,Tier 1,4G,22,233.38,low,1,1
TXN_013004,Card,Android,Tier 2,4G,13,340.27,low,0,0
TXN_013005,Netbanking,Android,Tier 1,4G,9,395.64,low,1,1
TXN_013006,Wallet,Android,Tier 3,4G,17,596.57,med,3,1
TXN_013007,UPI,Android,Tier 2,Wifi,6,39.2,low,0,1
TXN_013008,Card,Android,Tier 3,Wifi,23,225.47,low,1,0
TXN_013009,UPI,Android,Tier 2,4G,18,140.46,low,0,1
TXN_013010,UPI,Android,Tier 1,4G,3,5774.68,high,1,1
TXN_013011,UPI,Android,Tier 1,5G,13,239.47,low,2,0
TXN_013012,UPI,Desktop,Tier 2,4G,8,283.6,low,1,1
TXN_013013,UPI,Android,Tier 2,4G,3,772.3,med,0,0
TXN_013014,Card,iOS,Tier 3,4G,5,1119.88,med,0,0
TXN_013015,UPI,iOS,Tier 1,4G,23,1445.37,med,1,1
TXN_013016,Card,Android,Tier 2,5G,1,415.0,low,0,1
TXN_013017,UPI,Android,Tier 3,Wifi,0,724.95,med,1,1
TXN_013018,UPI,Android,Tier 1,5G,22,5313.16,high,0,1
TXN_013019,Netbanking,Android,Tier 3,5G,16,805.59,med,2,1
TXN_013020,UPI,Android,Tier 2,4G,3,1013.86,med,1,1
TXN_013021,UPI,iOS,Tier 2,Wifi,4,2656.98,high,2,1
TXN_013022,Card,Android,Tier 1,Wifi,17,2284.57,high,0,1
TXN_013023,UPI,iOS,Tier 1,Wifi,12,102.25,low,1,1
TXN_013024,UPI,Android,Tier 1,4G,19,1404.75,med,0,1
TXN_013025,UPI,iOS,Tier 3,5G,10,915.25,med,0,1
TXN_013026,Wallet,Android,Tier 3,5G,22,6793.29,high,2,0
TXN_013027,Card,Android,Tier 1,4G,19,243.43,low,0,1
TXN_013028,Card,Android,Tier 3,3G,0,297.09,low,0,0
TXN_013029,Card,Android,Tier 2,4G,11,543.24,med,1,0
TXN_013030,UPI,Android,Tier 3,4G,12,2293.31,high,0,1
TXN_013031,UPI,Desktop,Tier 1,4G,3,3587.23,high,2,1
TXN_013032,Netbanking,Android,Tier 1,4G,11,614.76,med,0,1
TXN_013033,UPI,Desktop,Tier 2,Wifi,5,1907.31,med,0,1
TXN_013034,UPI,Android,Tier 1,4G,12,427.84,low,4,0
TXN_013035,UPI,iOS,Tier 2,4G,13,852.7,med,0,1
TXN_013036,UPI,Android,Tier 2,5G,11,1591.94,med,0,1
TXN_013037,PayLater,Android,Tier 1,4G,20,8876.11,high,4,1
TXN_013038,UPI,iOS,Tier 1,5G,19,3045.92,high,0,1
TXN_013039,UPI,Android,Tier 3,5G,1,3634.37,high,0,1
TXN_013040,UPI,Android,Tier 1,4G,21,629.84,med,1,1
TXN_013041,PayLater,Android,Tier 1,Wifi,11,112.54,low,2,1
TXN_013042,UPI,Android,Tier 2,5G,5,14043.14,ultra_high,2,1
TXN_013043,UPI,Android,Tier 2,5G,21,125.36,low,0,1
TXN_013044,Card,Android,Tier 2,Wifi,3,539.95,med,0,0
TXN_013045,Card,Android,Tier 2,5G,23,727.63,med,0,1
TXN_013046,UPI,Android,Tier 1,4G,0,4106.6,high,0,1
TXN_013047,UPI,Android,Tier 1,4G,7,3586.06,high,0,1
TXN_013048,UPI,Android,Tier 2,5G,7,428.68,low,1,1
TXN_013049,UPI,Android,Tier 3,3G,20,1134.32,med,0,1
TXN_013050,UPI,iOS,Tier 2,4G,11,376.07,low,0,1
TXN_013051,UPI,iOS,Tier 1,4G,3,345.67,low,4,1
TXN_013052,UPI,Android,Tier 1,5G,15,2099.38,high,0,1
TXN_013053,UPI,iOS,Tier 1,5G,13,160.51,low,0,1
TXN_013054,Card,Android,Tier 2,4G,13,1172.44,med,0,1
TXN_013055,PayLater,iOS,Tier 1,Wifi,1,414.47,low,0,1
TXN_013056,Card,Android,Tier 1,Wifi,16,66.3,low,1,1
TXN_013057,UPI,Android,Tier 2,5G,23,690.95,med,0,1
TXN_013058,UPI,Android,Tier 2,4G,7,2880.49,high,0,1
TXN_013059,PayLater,Android,Tier 2,5G,6,1242.89,med,1,1
TXN_013060,UPI,Android,Tier 2,4G,12,212.59,low,0,1
TXN_013061,UPI,Android,Tier 2,5G,10,1079.41,med,1,1
TXN_013062,Card,Android,Tier 1,4G,18,112.69,low,1,1
TXN_013063,Card,Android,Tier 2,5G,18,11934.43,ultra_high,0,1
TXN_013064,Card,Android,Tier 1,4G,9,1054.59,med,1,0
TXN_013065,UPI,Android,Tier 1,Wifi,23,1918.35,med,0,1
TXN_013066,UPI,Android,Tier 2,Wifi,10,5023.47,high,0,1
TXN_013067,PayLater,Android,Tier 2,3G,15,1084.68,med,0,1
TXN_013068,UPI,Android,Tier 2,4G,7,1065.45,med,0,1
TXN_013069,Card,Desktop,Tier 2,4G,1,311.79,low,0,1
TXN_013070,Card,Desktop,Tier 3,4G,13,72.0,low,0,1
TXN_013071,Card,Android,Tier 2,4G,16,375.42,low,0,1
TXN_013072,UPI,Android,Tier 2,4G,16,1066.91,med,2,1
TXN_013073,UPI,Android,Tier 2,5G,10,1000.13,med,0,1
TXN_013074,Card,Desktop,Tier 1,5G,0,1233.11,med,0,0
TXN_013075,Netbanking,Android,Tier 1,4G,18,209.47,low,2,0
TXN_013076,Wallet,Android,Tier 2,4G,0,395.72,low,1,1
TXN_013077,UPI,Android,Tier 1,5G,23,2728.64,high,0,1
TXN_013078,UPI,Android,Tier 2,4G,23,1133.06,med,0,1
TXN_013079,Wallet,Android,Tier 2,Wifi,3,169.46,low,2,1
TXN_013080,Card,Android,Tier 3,4G,23,3512.21,high,0,1
TXN_013081,Wallet,Android,Tier 3,4G,6,6134.95,high,0,1
TXN_013082,UPI,Android,Tier 1,4G,19,284.48,low,1,1
TXN_013083,Card,Android,Tier 2,4G,0,856.53,med,0,1
TXN_013084,Card,Android,Tier 1,Wifi,10,686.89,med,0,1
TXN_013085,Card,Android,Tier 1,4G,12,230.36,low,4,0
TXN_013086,UPI,iOS,Tier 2,5G,2,860.4,med,0,1
TXN_013087,UPI,Android,Tier 1,4G,23,1412.29,med,0,1
TXN_013088,Card,Android,Tier 1,5G,7,1160.98,med,0,1
TXN_013089,UPI,Android,Tier 3,Wifi,11,9966.71,high,0,1
TXN_013090,UPI,Android,Tier 3,Wifi,1,275.05,low,3,1
TXN_013091,PayLater,Android,Tier 3,4G,22,230.72,low,0,1
TXN_013092,UPI,Android,Tier 3,Wifi,0,3325.24,high,0,1
TXN_013093,Netbanking,Android,Tier 2,4G,19,2851.47,high,1,1
TXN_013094,UPI,Android,Tier 1,4G,13,68.52,low,0,1
TXN_013095,Card,Android,Tier 2,5G,14,313.48,low,0,0
TXN_013096,PayLater,Android,Tier 2,Wifi,22,104.77,low,0,0
TXN_013097,UPI,Android,Tier 1,4G,3,2999.6,high,3,0
TXN_013098,UPI,Android,Tier 3,5G,19,2757.78,high,0,1
TXN_013099,UPI,Android,Tier 2,4G,6,841.23,med,1,1
TXN_013100,UPI,Android,Tier 1,4G,0,3457.51,high,0,1
TXN_013101,Card,Android,Tier 1,Wifi,4,2020.38,high,0,0
TXN_013102,Wallet,Android,Tier 1,5G,13,1406.02,med,4,1
TXN_013103,UPI,Android,Tier 3,4G,5,487.77,low,3,1
TXN_013104,UPI,iOS,Tier 2,5G,22,159.24,low,1,1
TXN_013105,UPI,iOS,Tier 2,Wifi,6,639.33,med,2,1
TXN_013106,Card,Android,Tier 2,5G,11,880.6,med,0,1
TXN_013107,UPI,Android,Tier 2,4G,6,1761.41,med,0,1
TXN_013108,Card,Android,Tier 2,4G,17,1137.04,med,0,0
TXN_013109,Card,Android,Tier 2,Wifi,21,841.45,med,2,1
TXN_013110,Card,iOS,Tier 3,5G,15,1249.02,med,3,0
TXN_013111,UPI,iOS,Tier 3,5G,8,266.39,low,0,1
TXN_013112,Card,Desktop,Tier 3,Wifi,6,482.04,low,0,1
TXN_013113,UPI,Android,Tier 2,4G,22,2407.81,high,1,1
TXN_013114,UPI,Android,Tier 3,5G,13,529.54,med,1,1
TXN_013115,Wallet,iOS,Tier 2,4G,1,655.61,med,1,0
TXN_013116,Card,Android,Tier 3,4G,12,1684.06,med,0,1
TXN_013117,UPI,iOS,Tier 3,4G,6,361.72,low,0,1
TXN_013118,UPI,Android,Tier 3,Wifi,18,502.53,med,0,1
TXN_013119,UPI,Android,Tier 3,4G,1,109.47,low,0,1
TXN_013120,UPI,Android,Tier 2,4G,5,3299.96,high,0,1
TXN_013121,UPI,Android,Tier 1,4G,11,4031.41,high,0,1
TXN_013122,UPI,Android,Tier 1,4G,1,2759.21,high,0,1
TXN_013123,UPI,Android,Tier 2,4G,16,1103.74,med,0,1
TXN_013124,Card,Android,Tier 1,5G,11,218.76,low,0,0
TXN_013125,Card,Android,Tier 2,4G,19,502.35,med,0,0
TXN_013126,Card,Android,Tier 2,4G,8,310.45,low,0,1
TXN_013127,UPI,Android,Tier 2,5G,13,339.98,low,0,1
TXN_013128,PayLater,iOS,Tier 3,5G,2,563.67,med,0,1
TXN_013129,Netbanking,Android,Tier 2,5G,2,533.45,med,0,0
TXN_013130,Netbanking,Android,Tier 3,4G,21,3235.14,high,0,1
TXN_013131,Netbanking,Desktop,Tier 2,Wifi,15,941.97,med,0,0
TXN_013132,Wallet,Desktop,Tier 3,4G,5,4506.23,high,0,1
TXN_013133,UPI,Android,Tier 1,5G,7,376.04,low,0,1
TXN_013134,UPI,iOS,Tier 1,4G,12,1396.34,med,0,1
TXN_013135,Card,Android,Tier 3,4G,21,680.72,med,0,1
TXN_013136,Card,Android,Tier 2,5G,7,1633.31,med,0,1
TXN_013137,Card,Android,Tier 2,4G,7,2450.8,high,1,0
TXN_013138,UPI,Android,Tier 2,4G,6,3497.09,high,0,1
TXN_013139,UPI,iOS,Tier 1,5G,4,583.38,med,0,1
TXN_013140,UPI,Android,Tier 2,5G,19,888.93,med,1,1
TXN_013141,Wallet,Desktop,Tier 1,5G,0,2728.0,high,0,0
TXN_013142,Card,Android,Tier 2,5G,12,8668.0,high,0,1
TXN_013143,UPI,Android,Tier 2,5G,21,989.92,med,0,1
TXN_013144,UPI,Android,Tier 2,4G,7,723.39,med,0,1
TXN_013145,UPI,Desktop,Tier 2,Wifi,10,787.94,med,0,1
TXN_013146,Wallet,Android,Tier 3,5G,19,82.82,low,0,1
TXN_013147,Card,iOS,Tier 2,5G,6,1313.71,med,0,0
TXN_013148,Netbanking,Desktop,Tier 3,4G,18,418.97,low,1,0
TXN_013149,UPI,Android,Tier 2,Wifi,20,233.12,low,0,1
TXN_013150,Card,Android,Tier 2,4G,6,1769.13,med,0,1
TXN_013151,UPI,iOS,Tier 1,5G,15,817.44,med,0,1
TXN_013152,Card,Desktop,Tier 1,4G,11,2550.92,high,2,1
TXN_013153,UPI,Android,Tier 2,5G,10,864.98,med,0,1
TXN_013154,UPI,Android,Tier 1,4G,8,210.9,low,0,1
TXN_013155,Card,Android,Tier 3,5G,6,1092.21,med,0,1
TXN_013156,Wallet,Android,Tier 2,4G,19,89.24,low,0,0
TXN_013157,UPI,Android,Tier 3,4G,21,2276.14,high,0,1
TXN_013158,Netbanking,Android,Tier 3,Wifi,13,4715.8,high,1,1
TXN_013159,UPI,Android,Tier 1,4G,3,636.26,med,1,1
TXN_013160,UPI,Android,Tier 1,4G,2,1134.63,med,0,1
TXN_013161,UPI,Android,Tier 2,4G,8,4487.48,high,3,1
TXN_013162,UPI,Android,Tier 1,3G,4,880.99,med,3,0
TXN_013163,UPI,Android,Tier 1,4G,23,116.03,low,3,1
TXN_013164,UPI,Android,Tier 3,4G,2,4859.05,high,0,1
TXN_013165,UPI,Android,Tier 3,5G,0,487.79,low,0,1
TXN_013166,Wallet,Android,Tier 2,4G,17,680.71,med,0,1
TXN_013167,UPI,Android,Tier 2,4G,12,6159.08,high,1,1
TXN_013168,Netbanking,Android,Tier 2,Wifi,3,17173.93,ultra_high,0,0
TXN_013169,UPI,iOS,Tier 2,4G,17,374.46,low,0,1
TXN_013170,Card,Android,Tier 2,5G,8,2958.42,high,0,1
TXN_013171,UPI,Android,Tier 2,5G,6,1263.61,med,0,1
TXN_013172,UPI,iOS,Tier 1,Wifi,14,7588.34,high,0,1
TXN_013173,UPI,Android,Tier 3,3G,12,654.95,med,0,0
TXN_013174,UPI,Desktop,Tier 2,4G,1,1362.22,med,4,0
TXN_013175,UPI,Android,Tier 2,5G,10,498.36,low,0,1
TXN_013176,Card,Android,Tier 3,5G,3,8096.7,high,0,1
TXN_013177,Wallet,Android,Tier 1,4G,21,482.72,low,0,1
TXN_013178,Netbanking,Android,Tier 1,4G,17,487.83,low,0,0
TXN_013179,Card,Android,Tier 3,3G,2,2061.23,high,0,1
TXN_013180,UPI,Android,Tier 3,4G,1,341.7,low,0,1
TXN_013181,UPI,Android,Tier 2,4G,11,1376.38,med,0,1
TXN_013182,UPI,iOS,Tier 1,Wifi,3,601.61,med,0,1
TXN_013183,UPI,Android,Tier 3,5G,13,437.68,low,0,1
TXN_013184,UPI,Android,Tier 1,4G,15,761.21,med,0,1
TXN_013185,UPI,Android,Tier 2,4G,20,246.1,low,2,0
TXN_013186,UPI,Android,Tier 1,4G,3,212.87,low,0,1
TXN_013187,UPI,Android,Tier 3,Wifi,11,458.07,low,2,1
TXN_013188,Netbanking,Android,Tier 2,Wifi,18,11909.34,ultra_high,0,1
TXN_013189,Netbanking,Android,Tier 3,4G,18,405.86,low,0,1
TXN_013190,UPI,Desktop,Tier 1,Wifi,11,7722.53,high,1,1
TXN_013191,Wallet,Android,Tier 1,4G,14,1944.32,med,0,1
TXN_013192,PayLater,Android,Tier 3,5G,2,673.69,med,0,1
TXN_013193,UPI,Android,Tier 1,4G,18,459.7,low,0,1
TXN_013194,UPI,Android,Tier 2,5G,21,1021.68,med,0,1
TXN_013195,UPI,Android,Tier 1,4G,14,8882.28,high,0,1
TXN_013196,Wallet,iOS,Tier 2,4G,19,178.28,low,0,1
TXN_013197,Wallet,Desktop,Tier 1,4G,22,606.69,med,0,1
TXN_013198,UPI,Android,Tier 2,4G,6,2667.41,high,1,1
TXN_013199,UPI,Android,Tier 2,3G,3,768.89,med,2,0
TXN_013200,Card,Android,Tier 2,3G,0,1054.87,med,0,1
TXN_013201,UPI,Android,Tier 1,Wifi,8,62.5,low,0,1
TXN_013202,UPI,Android,Tier 2,4G,6,1147.96,med,0,1
TXN_013203,Netbanking,Android,Tier 2,4G,21,1557.57,med,0,0
TXN_013204,Card,Android,Tier 1,4G,4,788.9,med,0,1
TXN_013205,Netbanking,Android,Tier 2,4G,8,630.46,med,1,0
TXN_013206,Netbanking,iOS,Tier 3,4G,5,4006.16,high,0,1
TXN_013207,Card,iOS,Tier 1,5G,23,1831.02,med,0,0
TXN_013208,UPI,Android,Tier 2,4G,22,1437.93,med,0,1
TXN_013209,Card,Android,Tier 2,Wifi,11,11454.54,ultra_high,0,1
TXN_013210,UPI,Desktop,Tier 1,5G,12,612.41,med,1,1
TXN_013211,Card,Android,Tier 1,4G,0,911.95,med,0,1
TXN_013212,UPI,iOS,Tier 2,5G,14,7186.88,high,0,1
TXN_013213,Card,Android,Tier 3,4G,15,559.9,med,0,1
TXN_013214,UPI,Android,Tier 1,4G,1,8905.74,high,0,1
TXN_013215,UPI,Android,Tier 3,4G,8,806.87,med,0,1
TXN_013216,UPI,iOS,Tier 2,Wifi,9,3700.06,high,0,1
TXN_013217,UPI,Android,Tier 1,4G,19,2289.96,high,0,0
TXN_013218,Card,Android,Tier 2,5G,15,332.47,low,0,1
TXN_013219,Card,Android,Tier 3,4G,14,1466.7,med,0,1
TXN_013220,UPI,iOS,Tier 1,4G,2,1566.34,med,0,1
TXN_013221,UPI,Desktop,Tier 2,4G,1,1683.46,med,0,1
TXN_013222,UPI,Desktop,Tier 2,5G,7,12099.22,ultra_high,1,1
TXN_013223,UPI,Desktop,Tier 1,5G,15,1937.05,med,4,1
TXN_013224,UPI,Android,Tier 1,5G,22,777.49,med,1,1
TXN_013225,Wallet,Android,Tier 1,4G,8,249.79,low,0,1
TXN_013226,UPI,Android,Tier 1,4G,2,996.3,med,0,1
TXN_013227,UPI,Android,Tier 1,5G,16,482.92,low,1,1
TXN_013228,UPI,iOS,Tier 3,4G,12,325.73,low,1,1
TXN_013229,UPI,iOS,Tier 3,4G,15,797.85,med,1,1
TXN_013230,UPI,Android,Tier 1,4G,4,161.9,low,0,1
TXN_013231,Card,Android,Tier 2,5G,4,79.08,low,0,1
TXN_013232,UPI,Desktop,Tier 1,5G,2,1245.22,med,0,1
TXN_013233,UPI,Android,Tier 1,4G,12,16221.16,ultra_high,0,1
TXN_013234,UPI,Android,Tier 1,5G,7,2775.49,high,0,1
TXN_013235,UPI,Android,Tier 1,5G,7,317.56,low,2,1
TXN_013236,UPI,Android,Tier 3,4G,16,2563.26,high,0,1
TXN_013237,PayLater,Android,Tier 1,4G,14,23109.35,ultra_high,0,1
TXN_013238,Card,Android,Tier 2,5G,3,501.1,med,0,1
TXN_013239,Card,Android,Tier 1,5G,21,194.76,low,1,0
TXN_013240,UPI,Desktop,Tier 1,4G,17,1866.57,med,0,1
TXN_013241,UPI,Android,Tier 3,5G,6,9700.71,high,1,1
TXN_013242,UPI,Android,Tier 1,4G,9,1334.07,med,0,1
TXN_013243,Card,Desktop,Tier 3,5G,0,848.09,med,1,1
TXN_013244,Card,Android,Tier 1,4G,3,507.56,med,1,1
TXN_013245,UPI,Android,Tier 2,4G,10,275.83,low,0,1
TXN_013246,UPI,iOS,Tier 3,5G,14,401.53,low,2,1
TXN_013247,UPI,Android,Tier 1,4G,14,739.93,med,0,1
TXN_013248,Wallet,iOS,Tier 2,4G,22,9109.63,high,0,1
TXN_013249,Card,Android,Tier 3,5G,2,43.8,low,0,1
TXN_013250,UPI,Android,Tier 1,5G,18,16214.82,ultra_high,1,1
TXN_013251,UPI,Android,Tier 2,5G,19,3134.27,high,3,0
TXN_013252,Card,Android,Tier 1,4G,23,619.52,med,0,1
TXN_013253,UPI,iOS,Tier 1,5G,13,1715.21,med,0,1
TXN_013254,UPI,Android,Tier 1,4G,2,347.67,low,0,1
TXN_013255,UPI,Desktop,Tier 3,4G,7,11028.14,ultra_high,0,1
TXN_013256,Card,iOS,Tier 1,4G,9,166.4,low,1,0
TXN_013257,UPI,Android,Tier 1,4G,8,153.66,low,0,1
TXN_013258,UPI,iOS,Tier 2,4G,23,2066.9,high,0,1
TXN_013259,Wallet,Android,Tier 1,4G,14,1058.97,med,1,1
TXN_013260,UPI,Android,Tier 2,3G,23,999.82,med,0,1
TXN_013261,UPI,iOS,Tier 1,Wifi,8,640.39,med,0,1
TXN_013262,UPI,Android,Tier 2,Wifi,3,382.41,low,2,0
TXN_013263,UPI,Android,Tier 2,5G,11,600.34,med,1,1
TXN_013264,Netbanking,Android,Tier 1,Wifi,18,3809.17,high,0,1
TXN_013265,UPI,Android,Tier 1,4G,23,4168.63,high,0,1
TXN_013266,UPI,Android,Tier 2,5G,0,2674.23,high,0,1
TXN_013267,Card,Android,Tier 2,4G,13,427.67,low,0,1
TXN_013268,Card,Android,Tier 1,4G,9,221.43,low,1,0
TXN_013269,Card,Android,Tier 1,4G,0,7854.51,high,1,1
TXN_013270,UPI,Android,Tier 1,5G,3,127.25,low,0,1
TXN_013271,UPI,Android,Tier 2,4G,9,688.85,med,0,1
TXN_013272,Card,Android,Tier 3,5G,2,1101.45,med,0,1
TXN_013273,UPI,iOS,Tier 1,Wifi,15,41530.36,ultra_high,0,1
TXN_013274,Netbanking,Android,Tier 1,4G,17,913.68,med,0,1
TXN_013275,Netbanking,Android,Tier 1,4G,11,2062.79,high,0,1
TXN_013276,Netbanking,Android,Tier 1,5G,20,1724.49,med,0,1
TXN_013277,UPI,Android,Tier 2,4G,18,4384.54,high,0,1
TXN_013278,UPI,Android,Tier 3,Wifi,8,2769.82,high,2,1
TXN_013279,Netbanking,Desktop,Tier 1,Wifi,23,1905.28,med,1,0
TXN_013280,UPI,Desktop,Tier 2,4G,19,1406.0,med,0,1
TXN_013281,UPI,iOS,Tier 1,4G,4,2242.13,high,0,1
TXN_013282,Netbanking,Desktop,Tier 3,3G,4,611.51,med,0,0
TXN_013283,Wallet,Android,Tier 2,Wifi,7,30.21,low,0,1
TXN_013284,UPI,Android,Tier 1,4G,6,399.13,low,0,1
TXN_013285,UPI,iOS,Tier 3,4G,18,1729.76,med,1,1
TXN_013286,UPI,Android,Tier 1,5G,21,408.96,low,0,1
TXN_013287,Netbanking,iOS,Tier 2,4G,21,826.02,med,0,1
TXN_013288,Wallet,Android,Tier 3,Wifi,17,672.99,med,1,1
TXN_013289,UPI,Desktop,Tier 1,Wifi,14,588.35,med,1,1
TXN_013290,UPI,Android,Tier 2,5G,0,2041.46,high,0,1
TXN_013291,Wallet,iOS,Tier 3,4G,6,1157.8,med,1,1
TXN_013292,UPI,Android,Tier 3,5G,18,904.22,med,0,1
TXN_013293,UPI,Android,Tier 2,4G,4,57.65,low,2,0
TXN_013294,PayLater,Android,Tier 1,4G,7,118.07,low,0,0
TXN_013295,UPI,iOS,Tier 2,5G,4,1744.27,med,0,1
TXN_013296,Card,Desktop,Tier 2,4G,4,264.47,low,0,0
TXN_013297,UPI,Android,Tier 2,5G,4,2011.31,high,0,1
TXN_013298,UPI,Android,Tier 3,Wifi,10,468.09,low,0,1
TXN_013299,Netbanking,Android,Tier 1,4G,6,451.3,low,0,0
TXN_013300,UPI,Desktop,Tier 1,4G,1,123.03,low,1,1
TXN_013301,PayLater,Android,Tier 2,4G,16,761.39,med,0,1
TXN_013302,Card,Android,Tier 3,4G,10,83.14,low,3,0
TXN_013303,UPI,Android,Tier 2,5G,19,246.84,low,0,1
TXN_013304,UPI,Android,Tier 3,5G,4,500.89,med,0,1
TXN_013305,UPI,Android,Tier 3,Wifi,6,1785.78,med,1,1
TXN_013306,UPI,Android,Tier 3,5G,0,1184.21,med,0,1
TXN_013307,UPI,Desktop,Tier 3,4G,8,797.39,med,0,1
TXN_013308,UPI,iOS,Tier 3,4G,10,2207.05,high,1,1
TXN_013309,UPI,Android,Tier 3,4G,11,414.22,low,0,1
TXN_013310,Card,Desktop,Tier 2,4G,9,1225.88,med,1,1
TXN_013311,Card,Android,Tier 1,4G,19,247.87,low,0,1
TXN_013312,Card,Android,Tier 1,4G,21,721.21,med,2,0
TXN_013313,UPI,Android,Tier 1,3G,10,332.59,low,0,1
TXN_013314,UPI,Android,Tier 1,4G,0,1047.41,med,1,1
TXN_013315,Card,iOS,Tier 1,5G,19,1468.78,med,1,1
TXN_013316,UPI,Android,Tier 3,4G,4,1810.42,med,0,1
TXN_013317,UPI,Android,Tier 2,4G,14,462.28,low,0,1
TXN_013318,Netbanking,iOS,Tier 1,4G,23,1799.26,med,0,0
TXN_013319,Netbanking,Android,Tier 3,4G,21,1154.1,med,0,1
TXN_013320,UPI,iOS,Tier 2,4G,9,534.3,med,0,1
TXN_013321,UPI,iOS,Tier 1,5G,11,619.1,med,0,1
TXN_013322,Netbanking,Android,Tier 3,5G,13,2103.18,high,2,1
TXN_013323,Card,iOS,Tier 1,5G,18,1185.19,med,0,0
TXN_013324,Netbanking,Android,Tier 2,Wifi,9,524.77,med,0,0
TXN_013325,Netbanking,Android,Tier 1,Wifi,23,4809.48,high,1,1
TXN_013326,Netbanking,Android,Tier 2,5G,21,95.46,low,0,1
TXN_013327,UPI,Android,Tier 3,4G,11,359.84,low,1,1
TXN_013328,UPI,Desktop,Tier 1,3G,17,308.33,low,0,0
TXN_013329,Card,Android,Tier 3,Wifi,20,224.41,low,1,1
TXN_013330,Card,Android,Tier 1,5G,18,492.75,low,0,1
TXN_013331,Card,Desktop,Tier 2,5G,3,5984.39,high,1,0
TXN_013332,UPI,Android,Tier 3,4G,18,244.22,low,0,0
TXN_013333,UPI,Android,Tier 3,5G,20,1359.14,med,1,1
TXN_013334,Wallet,Android,Tier 1,Wifi,13,1166.46,med,2,1
TXN_013335,Card,iOS,Tier 1,5G,7,4091.2,high,1,0
TXN_013336,Wallet,Android,Tier 2,5G,22,1733.62,med,1,1
TXN_013337,Netbanking,Android,Tier 1,4G,3,2434.58,high,0,0
TXN_013338,Card,Android,Tier 2,4G,15,7888.28,high,0,1
TXN_013339,Card,Android,Tier 3,5G,11,382.04,low,0,0
TXN_013340,Wallet,Android,Tier 2,4G,17,798.01,med,0,1
TXN_013341,Card,Android,Tier 1,5G,11,398.33,low,0,1
TXN_013342,Card,Android,Tier 2,5G,17,85.4,low,0,1
TXN_013343,UPI,Android,Tier 3,4G,3,133.99,low,0,1
TXN_013344,UPI,Android,Tier 2,4G,15,860.69,med,2,0
TXN_013345,Card,iOS,Tier 2,Wifi,17,259.67,low,0,1
TXN_013346,UPI,Android,Tier 1,4G,18,361.07,low,0,1
TXN_013347,UPI,Android,Tier 1,4G,15,3453.45,high,0,1
TXN_013348,UPI,Android,Tier 1,5G,20,1340.88,med,0,1
TXN_013349,UPI,Android,Tier 2,Wifi,2,4003.88,high,1,1
TXN_013350,UPI,Android,Tier 1,Wifi,16,1687.07,med,0,1
TXN_013351,UPI,Android,Tier 2,5G,2,1281.09,med,1,1
TXN_013352,Wallet,Android,Tier 2,4G,12,3857.81,high,0,1
TXN_013353,UPI,Desktop,Tier 2,Wifi,5,832.91,med,1,1
TXN_013354,UPI,Android,Tier 1,5G,18,1411.27,med,2,1
TXN_013355,UPI,iOS,Tier 2,5G,8,500.61,med,0,1
TXN_013356,Card,Android,Tier 2,4G,18,903.49,med,2,0
TXN_013357,UPI,Desktop,Tier 1,4G,10,535.95,med,1,1
TXN_013358,Netbanking,Android,Tier 1,4G,2,1276.78,med,0,1
TXN_013359,Card,Android,Tier 2,4G,14,182.07,low,3,1
TXN_013360,Netbanking,iOS,Tier 1,4G,15,614.17,med,0,1
TXN_013361,UPI,Android,Tier 1,3G,2,2124.26,high,0,1
TXN_013362,Card,Android,Tier 1,4G,4,206.08,low,0,1
TXN_013363,UPI,Android,Tier 1,4G,6,1637.53,med,0,1
TXN_013364,Wallet,iOS,Tier 3,4G,20,2948.51,high,1,1
TXN_013365,Card,Android,Tier 2,5G,8,5024.5,high,0,1
TXN_013366,UPI,iOS,Tier 2,Wifi,21,195.89,low,0,1
TXN_013367,UPI,Android,Tier 3,Wifi,0,476.27,low,0,1
TXN_013368,UPI,Android,Tier 2,Wifi,18,2145.13,high,2,0
TXN_013369,Card,Android,Tier 2,Wifi,23,444.73,low,0,1
TXN_013370,UPI,Android,Tier 1,Wifi,13,382.96,low,0,1
TXN_013371,Card,Android,Tier 2,4G,14,854.82,med,0,1
TXN_013372,UPI,Android,Tier 1,4G,2,555.41,med,1,1
TXN_013373,Card,Android,Tier 2,4G,23,1523.3,med,0,0
TXN_013374,Netbanking,Android,Tier 1,4G,3,353.56,low,0,0
TXN_013375,Netbanking,Android,Tier 1,5G,16,593.91,med,1,0
TXN_013376,Netbanking,iOS,Tier 1,4G,13,900.43,med,0,1
TXN_013377,UPI,iOS,Tier 1,5G,21,632.27,med,2,1
TXN_013378,UPI,iOS,Tier 3,4G,6,306.38,low,0,1
TXN_013379,Card,Android,Tier 1,4G,7,173.2,low,1,1
TXN_013380,UPI,iOS,Tier 3,4G,15,1514.98,med,1,1
TXN_013381,UPI,Android,Tier 2,Wifi,21,510.26,med,0,1
TXN_013382,UPI,Android,Tier 2,5G,15,975.3,med,0,1
TXN_013383,UPI,iOS,Tier 1,3G,13,188.31,low,0,1
TXN_013384,UPI,Desktop,Tier 3,Wifi,16,2425.34,high,0,1
TXN_013385,Wallet,Android,Tier 1,4G,4,835.07,med,0,1
TXN_013386,UPI,Android,Tier 2,4G,8,503.2,med,1,1
TXN_013387,Card,Android,Tier 2,5G,2,6317.61,high,0,1
TXN_013388,UPI,Android,Tier 2,5G,20,394.62,low,1,1
TXN_013389,Card,iOS,Tier 1,4G,21,1455.09,med,0,1
TXN_013390,UPI,Android,Tier 2,4G,4,1226.64,med,1,1
TXN_013391,Wallet,iOS,Tier 3,5G,19,429.44,low,0,1
TXN_013392,Wallet,Android,Tier 3,4G,17,801.49,med,2,0
TXN_013393,UPI,iOS,Tier 3,Wifi,20,1054.73,med,0,1
TXN_013394,Wallet,Desktop,Tier 1,5G,9,1569.85,med,0,1
TXN_013395,PayLater,Android,Tier 1,4G,0,807.65,med,0,0
TXN_013396,Netbanking,Android,Tier 1,4G,16,1043.82,med,0,0
TXN_013397,Netbanking,iOS,Tier 3,5G,7,1259.05,med,0,1
TXN_013398,UPI,Android,Tier 1,5G,19,58.48,low,0,1
TXN_013399,Card,Android,Tier 2,5G,16,514.18,med,0,1
TXN_013400,UPI,Android,Tier 3,5G,17,1025.1,med,2,1
TXN_013401,UPI,Android,Tier 2,5G,4,46.59,low,0,1
TXN_013402,PayLater,iOS,Tier 2,4G,6,1030.29,med,0,1
TXN_013403,UPI,Android,Tier 1,Wifi,4,9601.18,high,1,1
TXN_013404,Card,Desktop,Tier 2,4G,9,2206.19,high,0,1
TXN_013405,Netbanking,Android,Tier 3,4G,5,343.77,low,0,0
TXN_013406,Netbanking,iOS,Tier 2,4G,6,12943.86,ultra_high,0,1
TXN_013407,PayLater,Android,Tier 1,4G,2,160.97,low,0,0
TXN_013408,UPI,Android,Tier 1,4G,9,461.41,low,0,1
TXN_013409,UPI,Android,Tier 1,5G,20,4378.1,high,2,0
TXN_013410,UPI,iOS,Tier 2,4G,23,917.7,med,3,0
TXN_013411,UPI,Android,Tier 1,Wifi,5,2280.34,high,0,1
TXN_013412,UPI,iOS,Tier 2,5G,1,3054.22,high,0,1
TXN_013413,UPI,Android,Tier 2,4G,1,2386.79,high,0,1
TXN_013414,Netbanking,Android,Tier 3,4G,5,180.09,low,0,1
TXN_013415,Card,iOS,Tier 1,4G,17,364.43,low,0,0
TXN_013416,UPI,Android,Tier 3,4G,9,685.59,med,0,1
TXN_013417,Card,Android,Tier 2,4G,6,1656.1,med,0,0
TXN_013418,UPI,Android,Tier 1,4G,16,886.28,med,0,1
TXN_013419,UPI,Android,Tier 3,4G,3,272.28,low,0,1
TXN_013420,Netbanking,Android,Tier 1,4G,11,462.6,low,0,1
TXN_013421,Card,Android,Tier 2,4G,7,2410.95,high,0,1
TXN_013422,Netbanking,Android,Tier 1,Wifi,8,59.4,low,0,1
TXN_013423,UPI,Android,Tier 2,4G,9,794.4,med,0,1
TXN_013424,Netbanking,Desktop,Tier 2,5G,18,2770.2,high,1,1
TXN_013425,Card,Android,Tier 1,4G,8,3513.54,high,0,1
TXN_013426,Card,Android,Tier 2,4G,23,96.95,low,3,1
TXN_013427,Card,Android,Tier 2,5G,3,356.15,low,2,0
TXN_013428,Netbanking,iOS,Tier 2,4G,15,7042.13,high,0,1
TXN_013429,Card,Android,Tier 1,4G,0,146.35,low,1,1
TXN_013430,Card,Android,Tier 1,5G,9,1518.58,med,0,1
TXN_013431,PayLater,Desktop,Tier 2,4G,15,2794.73,high,0,1
TXN_013432,Netbanking,Android,Tier 1,4G,20,2095.66,high,1,0
TXN_013433,UPI,iOS,Tier 2,4G,22,1679.75,med,0,1
TXN_013434,Card,Android,Tier 1,4G,20,895.68,med,0,1
TXN_013435,UPI,Android,Tier 1,4G,4,1121.66,med,0,1
TXN_013436,UPI,iOS,Tier 3,3G,20,284.0,low,0,1
TXN_013437,Card,Android,Tier 2,5G,2,1014.7,med,0,0
TXN_013438,Wallet,Android,Tier 2,5G,21,3442.67,high,0,1
TXN_013439,Wallet,Android,Tier 3,5G,3,134.0,low,0,1
TXN_013440,UPI,iOS,Tier 2,Wifi,9,592.21,med,1,1
TXN_013441,UPI,Android,Tier 2,5G,1,347.57,low,2,1
TXN_013442,UPI,Android,Tier 3,5G,19,3294.35,high,0,1
TXN_013443,PayLater,Android,Tier 2,4G,21,477.27,low,0,1
TXN_013444,PayLater,Android,Tier 2,4G,5,14867.67,ultra_high,0,1
TXN_013445,Card,Android,Tier 2,Wifi,13,6254.12,high,0,0
TXN_013446,Netbanking,Android,Tier 3,Wifi,23,280.17,low,0,0
TXN_013447,Card,Android,Tier 1,4G,4,230.68,low,0,1
TXN_013448,Card,Android,Tier 1,5G,18,4363.9,high,1,0
TXN_013449,UPI,Android,Tier 1,5G,19,703.82,med,4,1
TXN_013450,UPI,Android,Tier 1,4G,20,227.66,low,0,1
TXN_013451,Card,Android,Tier 1,Wifi,14,219.82,low,0,1
TXN_013452,Card,Desktop,Tier 3,5G,16,3725.75,high,0,1
TXN_013453,UPI,Android,Tier 2,5G,11,1198.91,med,0,1
TXN_013454,Wallet,Android,Tier 1,4G,12,242.94,low,4,1
TXN_013455,UPI,Android,Tier 3,4G,19,910.21,med,0,0
TXN_013456,UPI,iOS,Tier 2,4G,23,836.05,med,0,0
TXN_013457,Card,Android,Tier 2,4G,20,2501.06,high,0,1
TXN_013458,Card,Android,Tier 1,4G,15,316.41,low,1,1
TXN_013459,Card,Android,Tier 3,Wifi,14,372.21,low,1,1
TXN_013460,UPI,Android,Tier 1,5G,10,487.67,low,1,1
TXN_013461,UPI,iOS,Tier 1,4G,4,1475.09,med,1,1
TXN_013462,Card,Android,Tier 1,4G,17,195.05,low,1,0
TXN_013463,Card,Android,Tier 2,5G,23,2356.04,high,0,0
TXN_013464,UPI,iOS,Tier 2,4G,12,568.61,med,0,1
TXN_013465,Card,Android,Tier 1,3G,10,3206.43,high,1,1
TXN_013466,UPI,iOS,Tier 1,5G,9,233.47,low,1,1
TXN_013467,Card,Android,Tier 2,Wifi,14,695.21,med,0,1
TXN_013468,Netbanking,iOS,Tier 2,4G,6,477.59,low,0,0
TXN_013469,UPI,iOS,Tier 1,5G,11,13577.72,ultra_high,0,1
TXN_013470,UPI,Android,Tier 3,4G,17,983.53,med,0,1
TXN_013471,Netbanking,iOS,Tier 3,5G,5,245.46,low,0,0
TXN_013472,Card,Android,Tier 1,4G,8,96.73,low,0,1
TXN_013473,Card,Android,Tier 2,5G,15,1385.81,med,2,0
TXN_013474,Netbanking,Android,Tier 1,4G,7,371.86,low,0,1
TXN_013475,Netbanking,Android,Tier 2,4G,11,252.66,low,0,0
TXN_013476,PayLater,iOS,Tier 2,4G,18,1976.67,med,0,1
TXN_013477,UPI,Android,Tier 1,4G,22,745.95,med,0,1
TXN_013478,UPI,Desktop,Tier 2,5G,15,1119.86,med,0,1
TXN_013479,UPI,Android,Tier 3,Wifi,3,972.94,med,0,1
TXN_013480,UPI,Android,Tier 1,5G,19,684.26,med,0,1
TXN_013481,Card,Android,Tier 1,4G,15,3887.14,high,1,1
TXN_013482,UPI,Android,Tier 1,4G,6,90.37,low,1,1
TXN_013483,Wallet,iOS,Tier 2,4G,12,116.55,low,0,1
TXN_013484,Card,iOS,Tier 3,4G,22,445.57,low,0,0
TXN_013485,Card,iOS,Tier 2,3G,11,1329.06,med,0,1
TXN_013486,UPI,iOS,Tier 2,4G,0,1890.21,med,0,1
TXN_013487,UPI,Android,Tier 3,Wifi,10,147.68,low,2,1
TXN_013488,UPI,Android,Tier 2,5G,16,3697.39,high,0,1
TXN_013489,UPI,Android,Tier 2,5G,5,11824.11,ultra_high,1,1
TXN_013490,UPI,Android,Tier 2,Wifi,1,1359.8,med,1,1
TXN_013491,Card,Android,Tier 3,4G,2,486.09,low,0,1
TXN_013492,Wallet,Android,Tier 1,4G,1,2970.21,high,0,1
TXN_013493,Wallet,Android,Tier 1,Wifi,17,3626.22,high,0,1
TXN_013494,Card,Android,Tier 1,5G,23,605.17,med,0,1
TXN_013495,UPI,iOS,Tier 3,4G,23,531.73,med,0,0
TXN_013496,Netbanking,Android,Tier 2,4G,12,858.46,med,0,1
TXN_013497,Wallet,Android,Tier 1,5G,21,2593.58,high,0,1
TXN_013498,UPI,Android,Tier 3,4G,18,3038.75,high,0,1
TXN_013499,Card,iOS,Tier 3,Wifi,20,686.41,med,0,0
TXN_013500,UPI,Desktop,Tier 3,4G,6,2533.3,high,0,1
TXN_013501,Netbanking,Android,Tier 1,5G,20,467.54,low,1,1
TXN_013502,PayLater,Android,Tier 3,5G,15,10671.51,ultra_high,0,0
TXN_013503,UPI,Desktop,Tier 1,5G,22,272.63,low,1,1
TXN_013504,Wallet,Android,Tier 1,4G,15,2063.86,high,0,1
TXN_013505,Card,iOS,Tier 1,Wifi,9,685.25,med,1,0
TXN_013506,PayLater,iOS,Tier 2,5G,6,702.28,med,0,1
TXN_013507,UPI,Android,Tier 1,Wifi,19,637.76,med,0,1
TXN_013508,Netbanking,Android,Tier 2,4G,15,410.94,low,0,1
TXN_013509,UPI,Android,Tier 3,4G,9,340.53,low,0,1
TXN_013510,UPI,Android,Tier 1,4G,13,266.9,low,0,1
TXN_013511,UPI,iOS,Tier 1,4G,21,777.16,med,0,1
TXN_013512,PayLater,iOS,Tier 1,5G,8,982.77,med,1,0
TXN_013513,Netbanking,iOS,Tier 3,4G,3,477.21,low,0,1
TXN_013514,Netbanking,Android,Tier 1,5G,11,68.98,low,1,1
TXN_013515,Wallet,Android,Tier 2,4G,16,928.98,med,0,1
TXN_013516,UPI,Android,Tier 1,4G,7,739.51,med,0,1
TXN_013517,UPI,Android,Tier 3,Wifi,3,2841.63,high,0,1
TXN_013518,UPI,Android,Tier 1,Wifi,7,772.28,med,2,1
TXN_013519,UPI,Android,Tier 2,Wifi,8,1326.34,med,0,1
TXN_013520,UPI,Android,Tier 2,Wifi,11,3736.79,high,0,1
TXN_013521,UPI,Desktop,Tier 3,5G,15,9705.95,high,0,0
TXN_013522,UPI,Android,Tier 1,Wifi,7,873.39,med,1,0
TXN_013523,UPI,iOS,Tier 2,5G,14,199.46,low,0,1
TXN_013524,UPI,Android,Tier 1,Wifi,16,4953.54,high,0,1
TXN_013525,UPI,Android,Tier 3,4G,12,20.0,low,1,1
TXN_013526,PayLater,iOS,Tier 2,Wifi,13,257.25,low,0,0
TXN_013527,Netbanking,Android,Tier 2,5G,14,342.79,low,4,0
TXN_013528,PayLater,Android,Tier 2,4G,8,2201.32,high,0,1
TXN_013529,UPI,Android,Tier 1,4G,20,742.58,med,0,1
TXN_013530,UPI,Android,Tier 1,Wifi,23,231.23,low,0,1
TXN_013531,Netbanking,Android,Tier 2,5G,11,18030.71,ultra_high,0,0
TXN_013532,UPI,Desktop,Tier 3,3G,21,571.08,med,1,1
TXN_013533,UPI,Android,Tier 1,4G,22,228.87,low,0,1
TXN_013534,UPI,Android,Tier 3,4G,18,206.72,low,1,1
TXN_013535,UPI,Desktop,Tier 1,4G,8,207.63,low,1,1
TXN_013536,UPI,Android,Tier 3,5G,12,943.46,med,2,1
TXN_013537,UPI,Android,Tier 1,5G,17,488.47,low,0,1
TXN_013538,Card,Android,Tier 1,5G,3,482.1,low,0,1
TXN_013539,UPI,Android,Tier 2,4G,19,1042.55,med,0,1
TXN_013540,UPI,Android,Tier 2,4G,0,682.21,med,0,1
TXN_013541,Netbanking,Android,Tier 2,4G,19,1273.31,med,2,1
TXN_013542,UPI,Android,Tier 2,Wifi,2,627.11,med,1,1
TXN_013543,UPI,iOS,Tier 2,4G,10,604.59,med,0,1
TXN_013544,Netbanking,iOS,Tier 1,4G,1,346.67,low,0,0
TXN_013545,UPI,Android,Tier 1,4G,5,751.11,med,1,1
TXN_013546,UPI,Android,Tier 1,Wifi,2,1699.86,med,1,1
TXN_013547,UPI,Android,Tier 2,4G,9,2831.26,high,0,1
TXN_013548,UPI,Android,Tier 2,4G,8,982.92,med,1,1
TXN_013549,Card,iOS,Tier 2,5G,13,20.0,low,0,1
TXN_013550,Netbanking,Android,Tier 2,3G,15,6066.83,high,0,1
TXN_013551,UPI,Android,Tier 1,5G,23,390.42,low,0,0
TXN_013552,Card,Android,Tier 2,4G,23,977.55,med,1,1
TXN_013553,UPI,Android,Tier 1,5G,17,1845.46,med,0,1
TXN_013554,UPI,Android,Tier 2,3G,21,2774.21,high,0,0
TXN_013555,Card,iOS,Tier 1,5G,3,22187.3,ultra_high,0,0
TXN_013556,UPI,Desktop,Tier 2,4G,17,1198.02,med,0,1
TXN_013557,UPI,iOS,Tier 2,4G,1,2145.03,high,0,1
TXN_013558,UPI,Desktop,Tier 2,3G,9,1177.74,med,1,1
TXN_013559,UPI,Desktop,Tier 2,5G,11,2991.53,high,0,1
TXN_013560,UPI,Android,Tier 1,5G,6,3062.01,high,2,1
TXN_013561,Netbanking,Android,Tier 1,4G,15,4282.85,high,0,1
TXN_013562,UPI,iOS,Tier 2,5G,16,241.33,low,0,1
TXN_013563,UPI,Android,Tier 3,4G,13,724.34,med,0,1
TXN_013564,UPI,Android,Tier 1,4G,23,3070.95,high,0,1
TXN_013565,Card,Android,Tier 1,Wifi,20,693.55,med,2,1
TXN_013566,Card,Android,Tier 2,4G,23,1574.88,med,0,1
TXN_013567,Card,Android,Tier 2,4G,17,1093.87,med,0,1
TXN_013568,Netbanking,Android,Tier 2,Wifi,0,683.57,med,0,1
TXN_013569,Netbanking,Android,Tier 3,4G,1,105.76,low,0,0
TXN_013570,UPI,iOS,Tier 2,5G,13,441.2,low,0,1
TXN_013571,UPI,Android,Tier 1,5G,5,1437.08,med,0,1
TXN_013572,Netbanking,iOS,Tier 1,Wifi,14,1202.71,med,0,0
TXN_013573,PayLater,Android,Tier 2,Wifi,3,564.3,med,0,1
TXN_013574,Wallet,Android,Tier 2,5G,23,672.42,med,0,1
TXN_013575,UPI,Android,Tier 1,4G,8,10948.44,ultra_high,0,0
TXN_013576,UPI,Android,Tier 3,4G,14,1114.58,med,0,1
TXN_013577,UPI,Android,Tier 1,Wifi,4,430.88,low,0,0
TXN_013578,Card,iOS,Tier 2,4G,5,204.82,low,1,0
TXN_013579,UPI,iOS,Tier 1,Wifi,10,3128.02,high,1,1
TXN_013580,UPI,Desktop,Tier 3,4G,12,907.62,med,0,1
TXN_013581,Netbanking,Android,Tier 3,4G,11,308.61,low,2,1
TXN_013582,UPI,Android,Tier 1,4G,6,93.82,low,1,1
TXN_013583,Netbanking,Android,Tier 3,4G,19,772.05,med,0,1
TXN_013584,UPI,Android,Tier 1,3G,11,10196.67,ultra_high,0,0
TXN_013585,UPI,Android,Tier 2,Wifi,9,3743.94,high,1,1
TXN_013586,UPI,Android,Tier 3,5G,2,489.32,low,0,1
TXN_013587,Netbanking,Android,Tier 2,5G,1,1631.0,med,0,1
TXN_013588,UPI,Android,Tier 3,5G,19,160.05,low,0,1
TXN_013589,UPI,Android,Tier 3,Wifi,20,701.38,med,0,1
TXN_013590,PayLater,Android,Tier 3,Wifi,0,923.89,med,0,0
TXN_013591,UPI,Android,Tier 1,4G,20,173.71,low,0,1
TXN_013592,Card,Android,Tier 1,4G,5,302.4,low,0,1
TXN_013593,Card,Android,Tier 2,5G,12,388.21,low,1,0
TXN_013594,UPI,Android,Tier 2,3G,9,1465.1,med,0,1
TXN_013595,Card,Android,Tier 2,5G,12,1223.76,med,0,1
TXN_013596,UPI,Android,Tier 1,Wifi,21,298.63,low,0,1
TXN_013597,Card,iOS,Tier 3,Wifi,4,1871.47,med,0,1
TXN_013598,UPI,iOS,Tier 3,5G,7,913.93,med,0,1
TXN_013599,Card,Android,Tier 2,Wifi,20,7185.71,high,1,1
TXN_013600,UPI,Android,Tier 1,4G,10,198.24,low,1,1
TXN_013601,Card,Desktop,Tier 1,4G,18,6261.99,high,2,1
TXN_013602,UPI,Android,Tier 1,Wifi,18,503.83,med,1,1
TXN_013603,UPI,iOS,Tier 2,4G,3,6004.5,high,4,1
TXN_013604,UPI,Android,Tier 3,4G,9,1944.1,med,0,1
TXN_013605,UPI,Android,Tier 1,5G,23,177.51,low,0,1
TXN_013606,Netbanking,iOS,Tier 2,4G,8,1065.88,med,1,1
TXN_013607,UPI,Android,Tier 2,Wifi,6,5118.71,high,3,1
TXN_013608,Wallet,Android,Tier 1,Wifi,17,372.34,low,0,1
TXN_013609,PayLater,Android,Tier 2,5G,8,3733.7,high,0,1
TXN_013610,Card,Android,Tier 2,5G,5,3709.05,high,0,1
TXN_013611,UPI,iOS,Tier 3,5G,5,5827.87,high,0,1
TXN_013612,UPI,Android,Tier 2,4G,12,1722.54,med,0,1
TXN_013613,Netbanking,Android,Tier 2,4G,21,367.68,low,0,1
TXN_013614,UPI,iOS,Tier 1,5G,16,2151.62,high,2,1
TXN_013615,UPI,Android,Tier 1,5G,14,3833.3,high,0,1
TXN_013616,Card,Android,Tier 1,4G,8,2440.4,high,0,1
TXN_013617,Netbanking,Android,Tier 1,Wifi,5,66.14,low,0,1
TXN_013618,Netbanking,Desktop,Tier 1,5G,22,1182.12,med,0,1
TXN_013619,UPI,Android,Tier 1,4G,16,2131.61,high,2,1
TXN_013620,Card,Android,Tier 2,5G,4,5528.08,high,0,1
TXN_013621,UPI,iOS,Tier 2,4G,2,138.49,low,1,1
TXN_013622,UPI,iOS,Tier 1,4G,15,237.78,low,0,1
TXN_013623,Wallet,iOS,Tier 1,Wifi,1,843.34,med,0,1
TXN_013624,UPI,Android,Tier 2,Wifi,19,19033.95,ultra_high,0,1
TXN_013625,UPI,Android,Tier 1,4G,2,2287.52,high,0,1
TXN_013626,UPI,Android,Tier 2,Wifi,8,379.25,low,1,1
TXN_013627,Wallet,iOS,Tier 2,4G,18,864.32,med,1,1
TXN_013628,Netbanking,iOS,Tier 1,4G,13,2107.29,high,1,0
TXN_013629,Card,Android,Tier 1,4G,13,1352.92,med,1,0
TXN_013630,Netbanking,Android,Tier 1,4G,16,1205.38,med,1,0
TXN_013631,UPI,Android,Tier 1,4G,7,528.75,med,0,1
TXN_013632,UPI,Desktop,Tier 3,Wifi,16,563.73,med,2,1
TXN_013633,UPI,Android,Tier 1,4G,16,1399.4,med,0,1
TXN_013634,UPI,Android,Tier 2,4G,6,1925.95,med,0,1
TXN_013635,UPI,Android,Tier 2,5G,8,104.05,low,0,1
TXN_013636,Wallet,Android,Tier 1,4G,3,731.62,med,0,1
TXN_013637,UPI,Android,Tier 1,5G,9,4361.05,high,0,1
TXN_013638,UPI,iOS,Tier 3,4G,3,12407.6,ultra_high,0,1
TXN_013639,UPI,iOS,Tier 3,4G,20,2513.17,high,1,1
TXN_013640,UPI,Android,Tier 1,5G,4,1808.78,med,0,1
TXN_013641,Wallet,Android,Tier 1,4G,1,3627.59,high,0,1
TXN_013642,UPI,iOS,Tier 2,4G,14,1369.76,med,2,1
TXN_013643,UPI,Android,Tier 1,4G,8,222.4,low,3,1
TXN_013644,Netbanking,Android,Tier 1,4G,8,613.73,med,0,1
TXN_013645,UPI,Desktop,Tier 1,5G,0,163.06,low,0,1
TXN_013646,UPI,iOS,Tier 1,4G,23,2614.37,high,0,1
TXN_013647,UPI,iOS,Tier 1,5G,23,81.68,low,0,1
TXN_013648,Card,Android,Tier 2,5G,11,1332.43,med,0,0
TXN_013649,PayLater,Android,Tier 2,4G,12,1517.25,med,0,1
TXN_013650,Netbanking,Android,Tier 2,Wifi,19,871.29,med,0,1
TXN_013651,UPI,Android,Tier 1,Wifi,12,33.32,low,1,1
TXN_013652,Netbanking,iOS,Tier 2,5G,13,164.8,low,0,0
TXN_013653,UPI,Android,Tier 2,4G,9,1054.62,med,0,1
TXN_013654,UPI,iOS,Tier 1,4G,16,2332.76,high,1,1
TXN_013655,UPI,Android,Tier 1,4G,16,894.12,med,2,0
TXN_013656,UPI,Android,Tier 1,4G,13,4524.27,high,0,1
TXN_013657,UPI,Desktop,Tier 1,4G,16,1727.85,med,0,1
TXN_013658,Card,Android,Tier 3,5G,18,912.18,med,0,0
TXN_013659,Wallet,Android,Tier 2,4G,2,848.33,med,0,1
TXN_013660,UPI,Android,Tier 1,Wifi,3,393.28,low,0,1
TXN_013661,UPI,Android,Tier 2,4G,10,16441.05,ultra_high,0,1
TXN_013662,UPI,Android,Tier 1,5G,15,2410.82,high,0,1
TXN_013663,UPI,Android,Tier 1,Wifi,12,1460.85,med,1,0
TXN_013664,Card,Android,Tier 1,4G,17,782.94,med,0,1
TXN_013665,UPI,iOS,Tier 2,Wifi,10,1143.32,med,2,1
TXN_013666,Netbanking,Android,Tier 1,4G,10,89.52,low,0,1
TXN_013667,UPI,Android,Tier 1,3G,8,949.56,med,0,1
TXN_013668,UPI,Android,Tier 1,3G,22,856.82,med,0,1
TXN_013669,UPI,Android,Tier 1,4G,1,35.4,low,0,1
TXN_013670,UPI,Android,Tier 2,Wifi,2,4454.72,high,0,0
TXN_013671,UPI,Android,Tier 3,4G,13,1273.94,med,0,1
TXN_013672,Card,Android,Tier 2,4G,15,1119.0,med,2,0
TXN_013673,UPI,iOS,Tier 2,4G,7,391.73,low,2,0
TXN_013674,Card,Desktop,Tier 3,4G,15,4938.15,high,1,0
TXN_013675,UPI,iOS,Tier 1,5G,3,1427.0,med,0,1
TXN_013676,UPI,Android,Tier 1,4G,8,249.41,low,0,1
TXN_013677,UPI,Android,Tier 2,Wifi,3,176.22,low,0,1
TXN_013678,Netbanking,Desktop,Tier 1,4G,12,258.67,low,1,1
TXN_013679,UPI,Android,Tier 2,3G,1,517.84,med,0,1
TXN_013680,Netbanking,iOS,Tier 1,4G,22,437.68,low,0,1
TXN_013681,UPI,Android,Tier 1,4G,17,448.55,low,0,1
TXN_013682,Netbanking,Android,Tier 2,5G,23,1469.94,med,3,0
TXN_013683,UPI,iOS,Tier 3,Wifi,21,471.33,low,1,1
TXN_013684,Card,iOS,Tier 1,Wifi,4,3968.62,high,2,1
TXN_013685,Card,iOS,Tier 1,4G,16,9480.3,high,1,0
TXN_013686,Wallet,Desktop,Tier 2,4G,20,226.73,low,1,1
TXN_013687,UPI,Android,Tier 1,4G,9,4300.35,high,1,1
TXN_013688,UPI,Android,Tier 1,5G,22,294.92,low,0,1
TXN_013689,UPI,Desktop,Tier 1,4G,22,2782.84,high,0,1
TXN_013690,Netbanking,Android,Tier 2,4G,3,1499.72,med,1,1
TXN_013691,UPI,Android,Tier 3,5G,5,3682.07,high,0,0
TXN_013692,Netbanking,Android,Tier 2,5G,21,229.87,low,0,0
TXN_013693,UPI,Android,Tier 1,5G,9,2088.88,high,3,1
TXN_013694,UPI,Android,Tier 1,4G,16,250.43,low,1,1
TXN_013695,UPI,Android,Tier 1,5G,4,634.79,med,2,1
TXN_013696,PayLater,iOS,Tier 3,4G,6,331.82,low,3,1
TXN_013697,Card,Android,Tier 2,4G,4,233.84,low,0,0
TXN_013698,Wallet,Android,Tier 1,Wifi,7,1001.07,med,0,1
TXN_013699,UPI,Android,Tier 2,5G,0,2307.36,high,1,1
TXN_013700,Card,Android,Tier 2,5G,1,1031.06,med,0,0
TXN_013701,Card,Android,Tier 3,4G,15,914.87,med,0,1
TXN_013702,UPI,Android,Tier 3,Wifi,7,683.01,med,0,1
TXN_013703,Netbanking,Android,Tier 1,4G,20,2790.36,high,0,1
TXN_013704,Wallet,Android,Tier 2,Wifi,14,342.13,low,0,1
TXN_013705,Wallet,Android,Tier 2,4G,22,2602.33,high,1,0
TXN_013706,Card,Android,Tier 1,4G,10,873.24,med,1,0
TXN_013707,UPI,Android,Tier 2,4G,15,41533.65,ultra_high,0,1
TXN_013708,UPI,Android,Tier 2,4G,6,1031.25,med,1,1
TXN_013709,PayLater,Android,Tier 1,4G,16,782.89,med,1,1
TXN_013710,UPI,Android,Tier 2,Wifi,23,100.48,low,0,1
TXN_013711,Card,Desktop,Tier 2,4G,2,4157.9,high,0,1
TXN_013712,Card,Android,Tier 1,5G,14,293.88,low,0,1
TXN_013713,Card,iOS,Tier 1,Wifi,3,912.6,med,0,1
TXN_013714,PayLater,Android,Tier 2,5G,2,628.88,med,2,1
TXN_013715,UPI,iOS,Tier 1,4G,10,1771.84,med,0,1
TXN_013716,UPI,Android,Tier 3,3G,1,639.96,med,0,1
TXN_013717,UPI,iOS,Tier 1,4G,6,202.75,low,0,1
TXN_013718,UPI,Android,Tier 1,5G,14,280.21,low,0,1
TXN_013719,UPI,iOS,Tier 1,Wifi,13,238.72,low,3,1
TXN_013720,UPI,Android,Tier 2,4G,20,1122.8,med,0,1
TXN_013721,Netbanking,Android,Tier 2,5G,6,4200.8,high,2,1
TXN_013722,Wallet,iOS,Tier 2,4G,16,620.29,med,0,1
TXN_013723,UPI,Android,Tier 1,4G,9,1834.48,med,0,1
TXN_013724,UPI,Desktop,Tier 3,4G,17,2635.23,high,0,0
TXN_013725,Wallet,Android,Tier 1,3G,13,1297.68,med,2,1
TXN_013726,UPI,Android,Tier 1,Wifi,5,328.1,low,1,1
TXN_013727,UPI,iOS,Tier 1,4G,21,4154.01,high,0,1
TXN_013728,UPI,Android,Tier 1,4G,18,345.4,low,0,1
TXN_013729,Card,Android,Tier 1,4G,9,1317.79,med,0,1
TXN_013730,UPI,iOS,Tier 1,5G,16,899.21,med,0,1
TXN_013731,PayLater,iOS,Tier 1,Wifi,18,1590.66,med,0,1
TXN_013732,UPI,Desktop,Tier 3,3G,19,1418.18,med,1,1
TXN_013733,UPI,Android,Tier 1,5G,16,2364.11,high,4,0
TXN_013734,UPI,Android,Tier 3,5G,13,1002.95,med,1,1
TXN_013735,UPI,Android,Tier 2,4G,6,1824.95,med,0,1
TXN_013736,Card,Android,Tier 1,4G,18,2660.9,high,2,1
TXN_013737,Netbanking,iOS,Tier 2,5G,23,140.76,low,0,0
TXN_013738,Netbanking,Android,Tier 2,5G,6,4398.14,high,0,1
TXN_013739,Card,Android,Tier 1,Wifi,11,716.16,med,0,1
TXN_013740,Wallet,Android,Tier 3,4G,5,1340.83,med,0,1
TXN_013741,Netbanking,Android,Tier 2,4G,7,1080.75,med,0,1
TXN_013742,Netbanking,Desktop,Tier 3,4G,8,557.86,med,0,1
TXN_013743,UPI,Android,Tier 3,3G,17,780.56,med,0,1
TXN_013744,UPI,Android,Tier 1,Wifi,9,1053.87,med,0,1
TXN_013745,UPI,iOS,Tier 1,4G,20,700.78,med,1,1
TXN_013746,Card,Android,Tier 1,Wifi,15,3358.15,high,0,1
TXN_013747,UPI,Android,Tier 3,4G,16,2646.86,high,0,1
TXN_013748,UPI,Android,Tier 3,4G,0,486.66,low,0,1
TXN_013749,Wallet,Android,Tier 2,4G,6,9844.74,high,0,1
TXN_013750,Wallet,Android,Tier 1,5G,21,148.65,low,0,1
TXN_013751,Wallet,iOS,Tier 1,5G,8,249.11,low,3,1
TXN_013752,UPI,Android,Tier 3,5G,11,828.58,med,1,1
TXN_013753,Card,Android,Tier 3,5G,0,1290.67,med,0,1
TXN_013754,UPI,Desktop,Tier 1,4G,9,371.62,low,0,1
TXN_013755,UPI,iOS,Tier 1,4G,9,589.3,med,0,1
TXN_013756,UPI,Android,Tier 1,Wifi,9,259.25,low,0,1
TXN_013757,UPI,Android,Tier 1,5G,6,630.83,med,1,1
TXN_013758,UPI,Android,Tier 3,4G,23,141.85,low,0,1
TXN_013759,Netbanking,Android,Tier 2,4G,14,580.78,med,1,0
TXN_013760,UPI,Android,Tier 2,4G,9,551.29,med,0,1
TXN_013761,Card,Android,Tier 2,4G,15,231.16,low,0,1
TXN_013762,UPI,Android,Tier 1,4G,15,5338.46,high,4,0
TXN_013763,UPI,Android,Tier 1,4G,19,1852.19,med,1,1
TXN_013764,UPI,Android,Tier 2,Wifi,0,3908.66,high,0,1
TXN_013765,UPI,Android,Tier 2,4G,10,963.17,med,0,1
TXN_013766,Card,Android,Tier 1,Wifi,18,1606.27,med,0,1
TXN_013767,UPI,Android,Tier 1,5G,17,758.35,med,0,1
TXN_013768,UPI,Android,Tier 1,4G,2,744.51,med,0,1
TXN_013769,UPI,Android,Tier 1,5G,14,2201.35,high,0,1
TXN_013770,UPI,Android,Tier 2,4G,5,357.21,low,0,1
TXN_013771,Wallet,Android,Tier 2,5G,9,756.06,med,1,0
TXN_013772,UPI,Android,Tier 2,4G,2,7811.04,high,0,0
TXN_013773,Card,iOS,Tier 3,4G,9,823.41,med,0,1
TXN_013774,Card,Desktop,Tier 2,5G,15,1123.43,med,0,0
TXN_013775,Wallet,Android,Tier 1,4G,3,2976.75,high,0,1
TXN_013776,Netbanking,Desktop,Tier 1,4G,0,3591.9,high,1,0
TXN_013777,Card,Android,Tier 3,4G,21,2994.85,high,0,1
TXN_013778,Card,Android,Tier 2,4G,17,243.16,low,0,1
TXN_013779,Wallet,Desktop,Tier 1,Wifi,3,509.06,med,1,1
TXN_013780,UPI,Android,Tier 2,4G,4,7129.0,high,0,1
TXN_013781,UPI,Android,Tier 2,4G,20,708.67,med,0,1
TXN_013782,UPI,Android,Tier 3,4G,3,1723.36,med,0,1
TXN_013783,Netbanking,Android,Tier 3,4G,18,2372.92,high,0,1
TXN_013784,Netbanking,Android,Tier 2,5G,19,6461.9,high,0,0
TXN_013785,UPI,Android,Tier 2,4G,18,303.19,low,0,1
TXN_013786,Card,Android,Tier 1,5G,2,1223.16,med,2,0
TXN_013787,UPI,Android,Tier 2,5G,19,859.83,med,0,1
TXN_013788,UPI,Android,Tier 2,4G,12,21870.31,ultra_high,0,1
TXN_013789,PayLater,Desktop,Tier 2,5G,23,447.78,low,0,0
TXN_013790,UPI,iOS,Tier 2,5G,19,285.8,low,0,1
TXN_013791,UPI,Android,Tier 3,4G,17,9510.52,high,0,1
TXN_013792,Card,Android,Tier 1,4G,5,21948.76,ultra_high,0,1
TXN_013793,Card,iOS,Tier 1,4G,23,3755.7,high,0,1
TXN_013794,UPI,Android,Tier 2,4G,19,135.94,low,0,1
TXN_013795,Card,Android,Tier 3,4G,23,276.42,low,2,0
TXN_013796,UPI,Android,Tier 3,5G,5,313.76,low,0,1
TXN_013797,UPI,iOS,Tier 2,5G,5,10320.71,ultra_high,1,1
TXN_013798,UPI,Android,Tier 3,Wifi,21,817.07,med,0,1
TXN_013799,Card,Android,Tier 2,5G,16,1284.41,med,1,1
TXN_013800,UPI,Android,Tier 1,5G,16,610.76,med,1,1
TXN_013801,Wallet,Android,Tier 2,5G,4,181.74,low,1,1
TXN_013802,Netbanking,Android,Tier 1,3G,16,375.03,low,0,0
TXN_013803,PayLater,Android,Tier 1,4G,8,9452.96,high,3,0
TXN_013804,UPI,Android,Tier 1,4G,19,854.82,med,2,1
TXN_013805,PayLater,Android,Tier 1,4G,1,98.68,low,0,1
TXN_013806,UPI,Android,Tier 1,4G,18,1989.03,med,0,1
TXN_013807,UPI,iOS,Tier 1,4G,8,816.54,med,0,1
TXN_013808,UPI,iOS,Tier 1,4G,7,842.86,med,0,1
TXN_013809,UPI,Android,Tier 1,4G,18,672.19,med,0,1
TXN_013810,Card,Android,Tier 2,Wifi,12,222.57,low,0,0
TXN_013811,UPI,Android,Tier 2,3G,23,402.64,low,0,1
TXN_013812,UPI,Android,Tier 3,5G,3,12497.96,ultra_high,1,0
TXN_013813,Card,Android,Tier 3,4G,5,2611.44,high,1,0
TXN_013814,UPI,Android,Tier 2,Wifi,3,2067.76,high,1,1
TXN_013815,Card,Android,Tier 2,Wifi,10,712.38,med,2,1
TXN_013816,UPI,Android,Tier 1,Wifi,20,1007.38,med,0,1
TXN_013817,Netbanking,Desktop,Tier 1,5G,9,6837.18,high,1,1
TXN_013818,Netbanking,Android,Tier 2,4G,15,1030.86,med,0,1
TXN_013819,UPI,Android,Tier 2,4G,17,1252.42,med,0,1
TXN_013820,UPI,Android,Tier 3,Wifi,18,1737.77,med,0,1
TXN_013821,UPI,iOS,Tier 2,4G,20,205.04,low,0,1
TXN_013822,Netbanking,iOS,Tier 1,4G,22,770.01,med,0,1
TXN_013823,UPI,Android,Tier 3,4G,11,204.94,low,0,1
TXN_013824,UPI,Android,Tier 2,4G,13,32.16,low,0,1
TXN_013825,UPI,Android,Tier 3,Wifi,17,150.21,low,1,1
TXN_013826,UPI,Android,Tier 2,4G,19,852.39,med,0,1
TXN_013827,UPI,Android,Tier 1,4G,0,4391.57,high,1,1
TXN_013828,Netbanking,Android,Tier 1,3G,12,1363.32,med,1,1
TXN_013829,UPI,Android,Tier 1,4G,2,1576.41,med,0,1
TXN_013830,UPI,iOS,Tier 1,Wifi,13,3048.12,high,0,1
TXN_013831,Netbanking,Android,Tier 1,4G,21,8369.03,high,1,1
TXN_013832,Netbanking,Android,Tier 2,5G,17,2195.74,high,0,1
TXN_013833,UPI,Android,Tier 3,4G,23,367.5,low,1,1
TXN_013834,UPI,iOS,Tier 3,5G,22,846.53,med,0,1
TXN_013835,UPI,Android,Tier 2,4G,18,4858.09,high,0,1
TXN_013836,Wallet,Desktop,Tier 1,Wifi,0,2097.55,high,0,0
TXN_013837,UPI,Android,Tier 1,4G,14,360.61,low,0,1
TXN_013838,Wallet,Desktop,Tier 2,4G,15,1293.58,med,0,0
TXN_013839,Card,iOS,Tier 1,Wifi,9,4595.26,high,0,1
TXN_013840,UPI,Android,Tier 3,4G,19,3046.55,high,0,0
TXN_013841,UPI,Desktop,Tier 3,5G,3,2165.03,high,0,1
TXN_013842,UPI,Android,Tier 1,5G,10,261.51,low,0,1
TXN_013843,UPI,Android,Tier 2,4G,15,275.0,low,1,1
TXN_013844,UPI,Android,Tier 1,4G,4,1026.3,med,0,1
TXN_013845,Card,Android,Tier 2,Wifi,18,8446.02,high,4,0
TXN_013846,PayLater,iOS,Tier 1,4G,10,1813.06,med,0,1
TXN_013847,Card,iOS,Tier 1,4G,17,914.95,med,0,1
TXN_013848,Card,Android,Tier 2,5G,14,415.45,low,0,1
TXN_013849,UPI,Android,Tier 2,4G,1,2311.32,high,0,1
TXN_013850,UPI,Android,Tier 2,5G,23,3704.06,high,0,1
TXN_013851,UPI,Android,Tier 2,4G,12,600.62,med,0,1
TXN_013852,Card,Android,Tier 2,Wifi,22,693.59,med,0,1
TXN_013853,Wallet,Desktop,Tier 2,4G,11,485.14,low,0,1
TXN_013854,Card,Android,Tier 3,4G,13,240.23,low,0,1
TXN_013855,UPI,Android,Tier 3,Wifi,0,130.92,low,0,0
TXN_013856,UPI,iOS,Tier 3,4G,11,2273.1,high,0,1
TXN_013857,Card,Android,Tier 2,4G,12,185.54,low,2,0
TXN_013858,UPI,Android,Tier 2,Wifi,2,2677.71,high,0,1
TXN_013859,Netbanking,Android,Tier 1,5G,2,59.5,low,1,1
TXN_013860,Netbanking,Android,Tier 1,4G,0,2013.05,high,0,0
TXN_013861,Card,Desktop,Tier 3,4G,10,540.14,med,1,0
TXN_013862,UPI,Android,Tier 3,5G,3,1335.44,med,2,1
TXN_013863,UPI,Android,Tier 2,4G,10,658.79,med,0,1
TXN_013864,UPI,Android,Tier 2,Wifi,1,520.15,med,1,1
TXN_013865,UPI,Android,Tier 1,4G,18,233.02,low,4,1
TXN_013866,UPI,iOS,Tier 1,Wifi,11,855.62,med,0,1
TXN_013867,Card,Desktop,Tier 2,4G,12,5602.9,high,0,1
TXN_013868,Card,iOS,Tier 2,4G,16,2159.92,high,0,1
TXN_013869,UPI,Android,Tier 3,4G,18,218.85,low,0,1
TXN_013870,UPI,Android,Tier 1,4G,3,619.78,med,0,1
TXN_013871,UPI,Android,Tier 2,4G,5,552.96,med,0,1
TXN_013872,UPI,Android,Tier 1,4G,2,1704.75,med,0,1
TXN_013873,Netbanking,Android,Tier 3,Wifi,10,141.62,low,0,1
TXN_013874,UPI,Android,Tier 3,4G,21,3119.14,high,0,1
TXN_013875,UPI,Desktop,Tier 2,3G,11,25060.64,ultra_high,2,1
TXN_013876,UPI,Android,Tier 3,4G,11,1086.08,med,0,1
TXN_013877,Wallet,Android,Tier 2,5G,17,682.97,med,0,1
TXN_013878,Card,Android,Tier 1,Wifi,13,3189.19,high,1,1
TXN_013879,UPI,Android,Tier 2,Wifi,10,248.96,low,2,1
TXN_013880,UPI,Android,Tier 1,4G,23,3920.32,high,0,1
TXN_013881,Card,Android,Tier 2,5G,20,293.74,low,0,0
TXN_013882,PayLater,Android,Tier 3,4G,16,22923.42,ultra_high,0,1
TXN_013883,UPI,Android,Tier 3,4G,21,91.73,low,2,1
TXN_013884,Wallet,iOS,Tier 1,5G,15,391.67,low,4,1
TXN_013885,Wallet,Android,Tier 1,4G,2,1465.57,med,1,1
TXN_013886,Wallet,Android,Tier 1,4G,3,2131.38,high,0,1
TXN_013887,Card,Android,Tier 1,4G,7,496.3,low,0,0
TXN_013888,Card,Android,Tier 1,4G,23,4093.21,high,0,1
TXN_013889,UPI,Desktop,Tier 2,4G,10,250.6,low,1,1
TXN_013890,Netbanking,Android,Tier 2,Wifi,12,240.63,low,0,1
TXN_013891,UPI,Android,Tier 2,4G,23,185.53,low,0,1
TXN_013892,Card,iOS,Tier 1,5G,11,1157.33,med,0,1
TXN_013893,UPI,Android,Tier 1,5G,4,758.29,med,0,1
TXN_013894,Card,Android,Tier 1,5G,15,209.42,low,0,1
TXN_013895,Netbanking,Android,Tier 1,5G,0,1100.38,med,0,0
TXN_013896,UPI,Android,Tier 1,5G,8,223.24,low,0,1
TXN_013897,Netbanking,iOS,Tier 1,4G,13,1256.43,med,1,1
TXN_013898,UPI,Android,Tier 2,4G,7,2738.1,high,0,1
TXN_013899,Netbanking,Android,Tier 3,Wifi,2,245.37,low,3,0
TXN_013900,UPI,Android,Tier 2,3G,21,557.05,med,0,1
TXN_013901,UPI,Android,Tier 2,5G,6,5663.16,high,0,1
TXN_013902,Wallet,Android,Tier 1,4G,3,512.96,med,0,1
TXN_013903,UPI,Android,Tier 3,4G,14,470.65,low,1,1
TXN_013904,Netbanking,Android,Tier 1,4G,11,14830.33,ultra_high,0,1
TXN_013905,UPI,Android,Tier 1,5G,22,3130.14,high,1,1
TXN_013906,UPI,Desktop,Tier 1,5G,8,558.41,med,1,1
TXN_013907,UPI,Android,Tier 1,5G,21,1910.38,med,2,1
TXN_013908,Card,Android,Tier 2,5G,17,50.51,low,0,1
TXN_013909,UPI,Android,Tier 3,4G,21,398.56,low,0,1
TXN_013910,UPI,Desktop,Tier 3,5G,12,619.78,med,0,1
TXN_013911,UPI,iOS,Tier 1,4G,2,483.3,low,4,1
TXN_013912,UPI,iOS,Tier 2,5G,6,352.26,low,2,0
TXN_013913,PayLater,Android,Tier 2,4G,18,1782.42,med,0,1
TXN_013914,PayLater,iOS,Tier 3,4G,7,617.79,med,0,1
TXN_013915,UPI,Android,Tier 2,4G,10,753.18,med,0,1
TXN_013916,Card,Android,Tier 2,Wifi,4,568.28,med,0,0
TXN_013917,UPI,Android,Tier 2,5G,15,496.92,low,1,1
TXN_013918,Card,iOS,Tier 2,4G,2,1918.56,med,0,1
TXN_013919,Netbanking,iOS,Tier 1,Wifi,0,1981.15,med,0,1
TXN_013920,Wallet,iOS,Tier 1,5G,20,2232.89,high,0,1
TXN_013921,UPI,Desktop,Tier 2,5G,9,897.15,med,0,1
TXN_013922,Netbanking,Android,Tier 3,4G,9,894.35,med,0,1
TXN_013923,UPI,Android,Tier 2,4G,15,604.44,med,0,1
TXN_013924,PayLater,Android,Tier 3,4G,10,2447.69,high,0,0
TXN_013925,UPI,iOS,Tier 1,4G,18,349.33,low,0,1
TXN_013926,Card,Android,Tier 2,5G,19,1022.02,med,0,0
TXN_013927,Card,iOS,Tier 1,4G,12,802.03,med,0,1
TXN_013928,Card,Android,Tier 3,4G,14,260.08,low,1,0
TXN_013929,UPI,Android,Tier 1,4G,9,650.91,med,0,1
TXN_013930,Wallet,Android,Tier 2,4G,3,640.28,med,0,1
TXN_013931,UPI,Android,Tier 1,Wifi,18,2823.35,high,0,0
TXN_013932,Card,iOS,Tier 2,Wifi,14,1223.84,med,1,1
TXN_013933,UPI,Android,Tier 3,4G,5,2153.75,high,0,1
TXN_013934,UPI,Android,Tier 1,Wifi,21,142.14,low,0,1
TXN_013935,UPI,Android,Tier 3,4G,16,300.94,low,0,0
TXN_013936,UPI,Android,Tier 3,5G,12,3897.73,high,1,0
TXN_013937,UPI,Android,Tier 1,4G,19,322.14,low,0,1
TXN_013938,UPI,Android,Tier 2,4G,16,1069.14,med,0,1
TXN_013939,UPI,iOS,Tier 1,Wifi,14,433.5,low,0,1
TXN_013940,Netbanking,Android,Tier 1,Wifi,6,2315.83,high,0,0
TXN_013941,Wallet,Android,Tier 2,4G,22,598.98,med,2,0
TXN_013942,UPI,Android,Tier 2,Wifi,21,772.5,med,0,1
TXN_013943,UPI,Android,Tier 1,5G,10,343.2,low,0,1
TXN_013944,UPI,Android,Tier 1,4G,17,539.8,med,2,1
TXN_013945,UPI,Android,Tier 3,4G,19,2490.07,high,0,1
TXN_013946,Card,Android,Tier 2,4G,18,831.74,med,0,0
TXN_013947,Card,Android,Tier 1,5G,7,252.81,low,0,1
TXN_013948,UPI,Android,Tier 2,3G,17,2183.96,high,4,1
TXN_013949,UPI,iOS,Tier 1,5G,9,366.45,low,0,1
TXN_013950,UPI,Desktop,Tier 1,5G,17,1196.74,med,0,1
TXN_013951,Netbanking,Android,Tier 2,5G,16,595.85,med,0,1
TXN_013952,PayLater,Android,Tier 2,4G,8,3315.77,high,0,1
TXN_013953,UPI,Android,Tier 1,4G,2,5140.35,high,2,1
TXN_013954,UPI,Android,Tier 2,4G,14,974.55,med,0,1
TXN_013955,Netbanking,iOS,Tier 1,5G,23,29.43,low,0,0
TXN_013956,Wallet,iOS,Tier 2,Wifi,22,638.55,med,3,0
TXN_013957,UPI,Android,Tier 1,4G,11,496.81,low,1,1
TXN_013958,UPI,Android,Tier 2,4G,16,779.21,med,4,1
TXN_013959,UPI,Android,Tier 1,5G,5,2464.25,high,1,1
TXN_013960,Card,Android,Tier 2,4G,23,468.29,low,1,0
TXN_013961,UPI,iOS,Tier 2,5G,21,780.8,med,0,1
TXN_013962,UPI,Android,Tier 1,4G,8,1312.64,med,0,1
TXN_013963,Card,Android,Tier 1,5G,9,1597.17,med,0,1
TXN_013964,UPI,Android,Tier 2,5G,2,1355.8,med,0,1
TXN_013965,Netbanking,Android,Tier 1,4G,5,326.21,low,0,0
TXN_013966,UPI,Android,Tier 2,Wifi,12,3128.98,high,1,1
TXN_013967,UPI,Android,Tier 2,4G,13,1151.07,med,4,1
TXN_013968,Card,Android,Tier 2,4G,3,96.53,low,0,1
TXN_013969,UPI,Android,Tier 3,4G,9,251.87,low,1,1
TXN_013970,PayLater,iOS,Tier 2,Wifi,18,763.31,med,0,1
TXN_013971,UPI,Android,Tier 3,4G,15,1413.94,med,1,1
TXN_013972,UPI,Desktop,Tier 2,4G,23,2366.42,high,2,1
TXN_013973,Card,Android,Tier 3,5G,6,6836.63,high,1,1
TXN_013974,UPI,Android,Tier 1,4G,22,798.99,med,0,1
TXN_013975,Wallet,iOS,Tier 3,4G,4,956.15,med,2,1
TXN_013976,UPI,Android,Tier 3,4G,11,206.23,low,3,1
TXN_013977,UPI,iOS,Tier 1,Wifi,14,1139.39,med,1,1
TXN_013978,UPI,Android,Tier 1,3G,0,1373.69,med,0,0
TXN_013979,UPI,Android,Tier 3,4G,21,2608.25,high,1,1
TXN_013980,Netbanking,Android,Tier 2,5G,5,2572.23,high,0,0
TXN_013981,Netbanking,iOS,Tier 1,4G,18,1260.04,med,0,1
TXN_013982,UPI,iOS,Tier 3,5G,4,1382.34,med,0,1
TXN_013983,UPI,Android,Tier 1,4G,8,1139.06,med,0,1
TXN_013984,Netbanking,Android,Tier 1,4G,6,778.51,med,0,1
TXN_013985,Wallet,Android,Tier 2,5G,23,1367.43,med,0,1
TXN_013986,UPI,Desktop,Tier 2,4G,8,511.66,med,1,1
TXN_013987,UPI,Android,Tier 3,4G,21,203.77,low,0,1
TXN_013988,UPI,iOS,Tier 2,Wifi,15,350.41,low,1,1
TXN_013989,Wallet,Android,Tier 3,3G,4,1103.44,med,0,1
TXN_013990,UPI,Android,Tier 1,4G,9,1615.69,med,0,1
TXN_013991,UPI,Android,Tier 2,5G,20,2867.85,high,0,1
TXN_013992,Netbanking,Desktop,Tier 1,5G,20,13788.34,ultra_high,3,0
TXN_013993,UPI,Android,Tier 1,4G,14,1428.83,med,0,1
TXN_013994,UPI,Desktop,Tier 3,Wifi,14,270.63,low,0,1
TXN_013995,UPI,Android,Tier 1,5G,12,503.01,med,1,1
TXN_013996,UPI,Android,Tier 3,5G,19,3814.75,high,0,1
TXN_013997,UPI,Android,Tier 1,4G,17,2797.78,high,0,1
TXN_013998,UPI,iOS,Tier 1,4G,22,1319.87,med,0,1
TXN_013999,UPI,Desktop,Tier 1,4G,6,249.71,low,1,1
TXN_014000,Card,Android,Tier 2,4G,7,2156.42,high,1,1
TXN_014001,Netbanking,Android,Tier 1,4G,7,867.8,med,0,0
TXN_014002,Netbanking,Android,Tier 2,4G,10,1221.02,med,0,1
TXN_014003,UPI,Android,Tier 2,4G,23,10918.33,ultra_high,0,1
TXN_014004,UPI,Desktop,Tier 1,4G,8,614.73,med,2,0
TXN_014005,UPI,Android,Tier 2,4G,5,105.22,low,0,1
TXN_014006,UPI,Android,Tier 2,4G,19,2340.54,high,0,1
TXN_014007,UPI,Android,Tier 3,4G,1,230.83,low,1,1
TXN_014008,Card,Android,Tier 1,5G,4,127.7,low,0,0
TXN_014009,UPI,Android,Tier 1,4G,21,2209.87,high,0,1
TXN_014010,UPI,Android,Tier 1,Wifi,22,974.51,med,1,1
TXN_014011,UPI,Android,Tier 2,5G,21,411.98,low,1,1
TXN_014012,Card,Android,Tier 2,Wifi,3,1371.95,med,1,1
TXN_014013,UPI,Desktop,Tier 3,Wifi,19,3080.07,high,2,1
TXN_014014,Card,Android,Tier 3,4G,14,6309.78,high,0,1
TXN_014015,UPI,Android,Tier 1,4G,6,1974.39,med,0,1
TXN_014016,Wallet,Desktop,Tier 2,4G,0,304.86,low,4,1
TXN_014017,Wallet,iOS,Tier 2,4G,18,137.28,low,0,1
TXN_014018,UPI,Desktop,Tier 3,4G,17,2308.22,high,0,1
TXN_014019,UPI,Desktop,Tier 1,Wifi,1,442.53,low,2,1
TXN_014020,UPI,Android,Tier 2,4G,22,266.22,low,0,1
TXN_014021,UPI,Android,Tier 3,3G,20,1308.0,med,0,1
TXN_014022,Card,Android,Tier 1,5G,12,602.53,med,0,0
TXN_014023,Netbanking,Android,Tier 2,5G,13,844.68,med,0,0
TXN_014024,Card,iOS,Tier 3,4G,2,723.59,med,0,1
TXN_014025,Netbanking,Android,Tier 3,5G,15,4792.7,high,1,1
TXN_014026,UPI,Android,Tier 1,4G,13,2716.27,high,0,1
TXN_014027,UPI,iOS,Tier 1,4G,14,357.41,low,0,1
TXN_014028,Card,Android,Tier 1,Wifi,2,814.67,med,0,0
TXN_014029,UPI,iOS,Tier 3,4G,1,1440.1,med,0,1
TXN_014030,Card,Android,Tier 3,4G,2,366.69,low,1,1
TXN_014031,UPI,Android,Tier 2,Wifi,8,3394.51,high,0,1
TXN_014032,UPI,iOS,Tier 2,4G,7,204.32,low,0,1
TXN_014033,PayLater,Android,Tier 1,5G,18,2106.07,high,0,1
TXN_014034,UPI,iOS,Tier 2,5G,19,2509.95,high,0,1
TXN_014035,PayLater,Android,Tier 1,4G,20,1583.16,med,3,0
TXN_014036,PayLater,Android,Tier 2,Wifi,19,6880.75,high,1,1
TXN_014037,Netbanking,iOS,Tier 2,Wifi,14,179.98,low,0,1
TXN_014038,Card,Android,Tier 2,4G,11,626.91,med,0,1
TXN_014039,Card,Android,Tier 3,4G,13,126.94,low,0,1
TXN_014040,Netbanking,Android,Tier 1,5G,17,1334.69,med,1,0
TXN_014041,UPI,iOS,Tier 2,5G,1,604.97,med,0,1
TXN_014042,UPI,Android,Tier 2,5G,20,16426.73,ultra_high,0,1
TXN_014043,Card,iOS,Tier 2,4G,10,3017.68,high,0,1
TXN_014044,UPI,Android,Tier 2,4G,23,1911.16,med,0,1
TXN_014045,UPI,Android,Tier 1,Wifi,0,3857.55,high,0,1
TXN_014046,UPI,Desktop,Tier 1,4G,18,394.17,low,0,1
TXN_014047,Card,Android,Tier 1,5G,13,1604.85,med,0,0
TXN_014048,Netbanking,Android,Tier 1,Wifi,8,77.94,low,1,0
TXN_014049,UPI,iOS,Tier 2,4G,2,361.68,low,0,1
TXN_014050,Wallet,iOS,Tier 1,5G,13,2257.29,high,0,1
TXN_014051,Card,Android,Tier 2,4G,19,6418.35,high,0,1
TXN_014052,Netbanking,Android,Tier 1,3G,2,8986.73,high,1,1
TXN_014053,Card,iOS,Tier 2,4G,22,655.9,med,0,1
TXN_014054,Netbanking,iOS,Tier 2,4G,3,1992.22,med,0,0
TXN_014055,UPI,iOS,Tier 1,5G,1,701.26,med,0,1
TXN_014056,Netbanking,Android,Tier 2,Wifi,1,429.92,low,0,0
TXN_014057,UPI,Desktop,Tier 3,4G,14,15302.13,ultra_high,0,0
TXN_014058,Wallet,Android,Tier 1,4G,22,312.52,low,3,1
TXN_014059,PayLater,Android,Tier 2,4G,20,622.31,med,0,1
TXN_014060,UPI,Android,Tier 1,4G,20,3642.04,high,0,1
TXN_014061,UPI,Android,Tier 1,5G,12,87.04,low,0,1
TXN_014062,Netbanking,Android,Tier 2,4G,19,274.18,low,0,0
TXN_014063,UPI,Android,Tier 1,5G,10,437.33,low,0,1
TXN_014064,Netbanking,Android,Tier 3,Wifi,13,596.73,med,0,1
TXN_014065,UPI,Android,Tier 1,Wifi,16,2082.35,high,0,1
TXN_014066,UPI,Android,Tier 1,5G,21,928.8,med,0,1
TXN_014067,PayLater,Android,Tier 2,4G,14,599.18,med,0,1
TXN_014068,Card,Android,Tier 2,4G,13,370.27,low,1,1
TXN_014069,Netbanking,Android,Tier 2,3G,18,594.96,med,2,0
TXN_014070,UPI,Android,Tier 1,Wifi,1,425.49,low,3,1
TXN_014071,Card,Android,Tier 3,4G,3,3427.66,high,0,1
TXN_014072,Card,Desktop,Tier 3,Wifi,7,1425.73,med,0,1
TXN_014073,Card,iOS,Tier 2,Wifi,11,3261.73,high,0,1
TXN_014074,Card,iOS,Tier 2,Wifi,12,85.67,low,2,0
TXN_014075,Card,Android,Tier 2,5G,22,6731.03,high,0,1
TXN_014076,UPI,Android,Tier 1,Wifi,17,1143.14,med,0,1
TXN_014077,UPI,Android,Tier 1,Wifi,16,587.5,med,3,0
TXN_014078,Netbanking,iOS,Tier 1,4G,12,243.99,low,1,1
TXN_014079,UPI,Android,Tier 3,3G,11,451.27,low,0,1
TXN_014080,Card,Android,Tier 1,4G,6,4017.81,high,0,1
TXN_014081,UPI,Android,Tier 2,4G,15,804.87,med,0,1
TXN_014082,Card,Android,Tier 1,Wifi,13,945.63,med,0,1
TXN_014083,Card,Desktop,Tier 2,5G,4,243.09,low,2,0
TXN_014084,UPI,iOS,Tier 1,Wifi,10,2164.88,high,3,1
TXN_014085,UPI,iOS,Tier 3,4G,23,62.46,low,0,1
TXN_014086,UPI,Android,Tier 1,4G,20,959.05,med,0,1
TXN_014087,Card,iOS,Tier 3,4G,20,391.68,low,1,1
TXN_014088,Netbanking,Android,Tier 3,4G,7,3245.07,high,0,0
TXN_014089,UPI,Desktop,Tier 2,5G,8,1067.93,med,0,1
TXN_014090,Card,Android,Tier 1,4G,17,1714.66,med,2,0
TXN_014091,UPI,Android,Tier 1,4G,7,484.11,low,0,1
TXN_014092,UPI,Android,Tier 3,4G,6,1288.26,med,4,1
TXN_014093,Wallet,Android,Tier 1,5G,7,1117.69,med,0,1
TXN_014094,UPI,iOS,Tier 1,4G,14,1066.97,med,0,1
TXN_014095,UPI,Desktop,Tier 2,5G,18,1173.53,med,2,1
TXN_014096,UPI,Android,Tier 1,4G,3,751.47,med,0,1
TXN_014097,UPI,Android,Tier 1,4G,6,1229.03,med,0,1
TXN_014098,UPI,Android,Tier 2,Wifi,20,502.51,med,0,1
TXN_014099,UPI,iOS,Tier 1,4G,22,361.4,low,2,1
TXN_014100,Card,Android,Tier 1,5G,21,501.52,med,0,1
TXN_014101,UPI,Android,Tier 2,5G,3,2595.15,high,0,1
TXN_014102,UPI,Android,Tier 1,5G,14,518.83,med,0,1
TXN_014103,UPI,Android,Tier 2,5G,1,3515.71,high,0,1
TXN_014104,UPI,iOS,Tier 1,5G,11,1532.78,med,0,1
TXN_014105,Card,Android,Tier 2,5G,5,1424.25,med,2,0
TXN_014106,PayLater,Android,Tier 2,4G,5,301.58,low,1,1
TXN_014107,UPI,iOS,Tier 2,4G,13,2406.44,high,0,1
TXN_014108,Wallet,Android,Tier 1,Wifi,5,585.46,med,3,1
TXN_014109,Card,Android,Tier 1,3G,0,29.83,low,0,0
TXN_014110,Card,Android,Tier 3,4G,5,2249.79,high,0,1
TXN_014111,UPI,Android,Tier 1,4G,17,2357.43,high,1,1
TXN_014112,UPI,Android,Tier 2,4G,20,507.41,med,0,1
TXN_014113,UPI,Desktop,Tier 3,5G,15,1902.24,med,0,1
TXN_014114,Card,iOS,Tier 2,4G,22,152.74,low,0,1
TXN_014115,UPI,iOS,Tier 1,Wifi,0,796.5,med,0,1
TXN_014116,Wallet,Desktop,Tier 1,Wifi,20,9162.62,high,0,1
TXN_014117,UPI,Android,Tier 3,3G,18,324.28,low,0,1
TXN_014118,UPI,Android,Tier 2,4G,17,123.0,low,0,1
TXN_014119,Card,Android,Tier 2,Wifi,1,841.79,med,0,1
TXN_014120,UPI,iOS,Tier 2,5G,18,4925.54,high,0,1
TXN_014121,UPI,Android,Tier 3,4G,16,117.28,low,1,1
TXN_014122,Card,Android,Tier 2,4G,17,729.6,med,0,1
TXN_014123,Wallet,Android,Tier 1,5G,21,2648.94,high,0,1
TXN_014124,Netbanking,Android,Tier 2,Wifi,23,2445.15,high,0,1
TXN_014125,Card,Android,Tier 2,4G,3,1077.68,med,3,1
TXN_014126,Card,iOS,Tier 1,4G,17,575.58,med,0,1
TXN_014127,Wallet,Android,Tier 3,4G,4,1453.81,med,0,1
TXN_014128,UPI,Desktop,Tier 1,3G,11,3809.98,high,0,1
TXN_014129,UPI,Android,Tier 2,3G,14,449.4,low,0,1
TXN_014130,UPI,iOS,Tier 1,4G,14,2617.95,high,1,1
TXN_014131,UPI,Desktop,Tier 1,4G,2,2264.71,high,0,1
TXN_014132,Card,Desktop,Tier 2,Wifi,20,756.26,med,1,1
TXN_014133,Card,Android,Tier 3,5G,2,207.65,low,0,1
TXN_014134,Card,Android,Tier 2,3G,10,346.16,low,0,0
TXN_014135,UPI,Android,Tier 1,Wifi,19,6481.63,high,0,1
TXN_014136,Card,Android,Tier 2,4G,20,5663.81,high,0,0
TXN_014137,UPI,Android,Tier 1,5G,13,1418.59,med,0,1
TXN_014138,Card,Desktop,Tier 1,4G,6,17137.91,ultra_high,0,1
TXN_014139,Card,Android,Tier 1,Wifi,17,989.56,med,1,1
TXN_014140,UPI,Android,Tier 1,5G,5,206.43,low,0,0
TXN_014141,UPI,Android,Tier 2,Wifi,21,162.54,low,0,0
TXN_014142,UPI,iOS,Tier 2,3G,5,201.72,low,0,1
TXN_014143,Netbanking,Desktop,Tier 1,4G,22,1514.75,med,0,0
TXN_014144,Wallet,Android,Tier 3,4G,10,503.36,med,2,1
TXN_014145,Card,Android,Tier 1,4G,2,439.0,low,1,0
TXN_014146,UPI,iOS,Tier 3,Wifi,20,887.22,med,0,1
TXN_014147,UPI,Android,Tier 2,Wifi,13,8005.17,high,0,0
TXN_014148,Card,Android,Tier 1,3G,11,8647.91,high,0,1
TXN_014149,Netbanking,iOS,Tier 3,5G,13,1353.94,med,0,0
TXN_014150,UPI,Desktop,Tier 1,4G,14,2715.42,high,1,1
TXN_014151,UPI,Android,Tier 2,4G,22,2508.44,high,0,1
TXN_014152,Card,Android,Tier 1,4G,8,1545.34,med,0,1
TXN_014153,UPI,Android,Tier 2,5G,18,241.93,low,0,1
TXN_014154,UPI,Android,Tier 2,Wifi,11,1869.04,med,1,1
TXN_014155,UPI,Android,Tier 1,4G,6,484.4,low,0,1
TXN_014156,UPI,Android,Tier 1,Wifi,16,411.46,low,1,1
TXN_014157,Netbanking,Android,Tier 2,4G,13,1697.68,med,0,1
TXN_014158,PayLater,Android,Tier 1,4G,14,7172.63,high,1,1
TXN_014159,Card,Android,Tier 1,5G,13,1438.34,med,0,0
TXN_014160,UPI,Android,Tier 2,4G,22,655.82,med,0,1
TXN_014161,UPI,Android,Tier 3,Wifi,18,669.29,med,0,1
TXN_014162,UPI,Android,Tier 1,4G,18,2094.24,high,0,1
TXN_014163,UPI,Android,Tier 1,4G,13,698.27,med,0,1
TXN_014164,Card,Android,Tier 3,Wifi,22,713.64,med,0,1
TXN_014165,UPI,iOS,Tier 1,3G,7,444.41,low,0,1
TXN_014166,UPI,Android,Tier 2,5G,12,461.26,low,0,1
TXN_014167,UPI,Desktop,Tier 3,4G,3,3327.51,high,0,0
TXN_014168,UPI,Android,Tier 3,4G,11,1082.18,med,1,1
TXN_014169,UPI,Android,Tier 1,4G,0,479.86,low,0,0
TXN_014170,UPI,Android,Tier 1,4G,4,1003.43,med,0,1
TXN_014171,PayLater,Android,Tier 1,Wifi,3,1701.29,med,1,1
TXN_014172,UPI,iOS,Tier 3,4G,15,293.14,low,0,1
TXN_014173,UPI,Desktop,Tier 3,4G,18,1502.47,med,2,0
TXN_014174,Wallet,Desktop,Tier 1,5G,19,1887.57,med,0,1
TXN_014175,PayLater,Android,Tier 2,Wifi,18,7365.39,high,0,1
TXN_014176,Card,Android,Tier 3,4G,2,1503.87,med,2,0
TXN_014177,Netbanking,Android,Tier 1,4G,15,165.92,low,0,1
TXN_014178,UPI,Android,Tier 1,4G,6,1983.75,med,0,1
TXN_014179,UPI,Android,Tier 1,4G,4,1270.64,med,0,1
TXN_014180,UPI,iOS,Tier 2,4G,20,1069.17,med,2,1
TXN_014181,Card,Desktop,Tier 3,5G,19,3863.42,high,1,1
TXN_014182,Card,Android,Tier 3,4G,23,1572.33,med,0,0
TXN_014183,UPI,Android,Tier 1,4G,0,2165.36,high,0,1
TXN_014184,UPI,Android,Tier 1,4G,10,392.17,low,0,1
TXN_014185,Card,Android,Tier 2,3G,20,1588.34,med,0,0
TXN_014186,UPI,Android,Tier 3,5G,16,525.84,med,0,1
TXN_014187,Card,Desktop,Tier 2,Wifi,11,525.27,med,1,1
TXN_014188,Card,Android,Tier 2,4G,17,565.63,med,0,1
TXN_014189,Card,Android,Tier 2,Wifi,1,174.28,low,0,1
TXN_014190,Netbanking,Android,Tier 1,4G,21,628.1,med,0,1
TXN_014191,Wallet,Android,Tier 2,4G,9,775.67,med,0,1
TXN_014192,UPI,Desktop,Tier 3,5G,18,401.08,low,0,1
TXN_014193,Card,Android,Tier 1,5G,15,5801.88,high,0,1
TXN_014194,Card,Desktop,Tier 2,3G,7,946.93,med,1,0
TXN_014195,UPI,Android,Tier 1,Wifi,1,585.68,med,1,1
TXN_014196,UPI,Android,Tier 2,4G,4,405.95,low,0,1
TXN_014197,UPI,Android,Tier 2,4G,3,4457.06,high,0,1
TXN_014198,UPI,Android,Tier 2,4G,20,435.27,low,1,1
TXN_014199,Card,iOS,Tier 3,4G,3,1011.67,med,0,1
TXN_014200,Netbanking,iOS,Tier 1,Wifi,0,2159.16,high,0,1
TXN_014201,UPI,iOS,Tier 2,5G,14,219.1,low,0,1
TXN_014202,UPI,Android,Tier 1,Wifi,12,626.81,med,0,1
TXN_014203,PayLater,Desktop,Tier 3,5G,16,1176.8,med,0,1
TXN_014204,UPI,Desktop,Tier 1,5G,5,802.5,med,0,1
TXN_014205,UPI,Android,Tier 3,4G,23,1474.71,med,0,1
TXN_014206,Card,Desktop,Tier 1,4G,22,981.54,med,0,1
TXN_014207,UPI,Android,Tier 1,Wifi,19,2329.1,high,0,1
TXN_014208,UPI,Android,Tier 1,3G,12,248.31,low,0,1
TXN_014209,UPI,Android,Tier 3,4G,20,1589.73,med,1,1
TXN_014210,UPI,Desktop,Tier 1,Wifi,23,880.05,med,0,1
TXN_014211,Card,Android,Tier 1,5G,21,982.71,med,2,0
TXN_014212,UPI,Android,Tier 1,Wifi,23,1376.78,med,0,1
TXN_014213,UPI,Android,Tier 1,4G,21,231.17,low,2,0
TXN_014214,Card,Android,Tier 1,5G,23,638.6,med,0,1
TXN_014215,Netbanking,Android,Tier 2,4G,11,3013.46,high,4,0
TXN_014216,UPI,Android,Tier 1,5G,11,325.46,low,0,1
TXN_014217,UPI,Android,Tier 2,4G,19,1099.59,med,0,1
TXN_014218,Card,Desktop,Tier 1,4G,9,1092.41,med,0,0
TXN_014219,UPI,iOS,Tier 2,5G,1,1201.71,med,2,0
TXN_014220,UPI,iOS,Tier 2,4G,14,46.95,low,0,1
TXN_014221,Card,Android,Tier 1,5G,18,5484.5,high,0,1
TXN_014222,Wallet,Android,Tier 1,5G,20,293.33,low,0,1
TXN_014223,Netbanking,Android,Tier 1,Wifi,3,4774.47,high,0,1
TXN_014224,Card,Android,Tier 1,4G,20,287.49,low,0,1
TXN_014225,Card,Desktop,Tier 2,4G,13,1487.95,med,1,0
TXN_014226,UPI,Android,Tier 2,4G,0,535.68,med,0,1
TXN_014227,Card,Desktop,Tier 2,4G,0,337.85,low,0,1
TXN_014228,UPI,Android,Tier 1,5G,17,21427.03,ultra_high,1,1
TXN_014229,UPI,iOS,Tier 1,4G,14,669.95,med,0,1
TXN_014230,Card,Android,Tier 1,4G,10,162.31,low,0,1
TXN_014231,Card,Android,Tier 2,4G,17,5019.85,high,0,0
TXN_014232,UPI,Android,Tier 2,4G,23,2452.68,high,2,1
TXN_014233,Wallet,Android,Tier 1,3G,9,5829.94,high,0,1
TXN_014234,UPI,Android,Tier 3,3G,3,180.09,low,1,1
TXN_014235,UPI,Android,Tier 1,5G,13,304.12,low,0,1
TXN_014236,UPI,Android,Tier 3,4G,21,1405.84,med,0,1
TXN_014237,Netbanking,Desktop,Tier 1,Wifi,17,580.1,med,0,1
TXN_014238,Card,Android,Tier 2,Wifi,0,443.85,low,0,1
TXN_014239,UPI,iOS,Tier 1,Wifi,6,2076.11,high,0,1
TXN_014240,Card,Android,Tier 3,5G,3,207.14,low,0,1
TXN_014241,UPI,Android,Tier 1,4G,3,212.85,low,2,0
TXN_014242,Netbanking,Android,Tier 1,4G,17,1277.04,med,0,1
TXN_014243,UPI,Android,Tier 1,Wifi,8,277.78,low,0,1
TXN_014244,UPI,Android,Tier 3,Wifi,1,514.92,med,0,1
TXN_014245,Wallet,Android,Tier 3,4G,4,1156.11,med,0,1
TXN_014246,UPI,Android,Tier 1,4G,5,398.28,low,0,1
TXN_014247,UPI,Android,Tier 2,5G,2,320.33,low,0,1
TXN_014248,Card,Android,Tier 2,Wifi,18,4172.54,high,2,1
TXN_014249,PayLater,Android,Tier 1,5G,21,695.06,med,3,1
TXN_014250,UPI,Android,Tier 1,5G,20,1960.17,med,1,1
TXN_014251,UPI,Android,Tier 3,4G,4,445.86,low,0,1
TXN_014252,UPI,Android,Tier 2,4G,20,742.1,med,2,1
TXN_014253,UPI,Android,Tier 1,5G,8,1150.57,med,0,1
TXN_014254,UPI,Android,Tier 1,Wifi,23,906.48,med,0,1
TXN_014255,Card,Desktop,Tier 1,4G,19,1189.66,med,0,1
TXN_014256,PayLater,iOS,Tier 2,4G,5,11668.73,ultra_high,1,1
TXN_014257,UPI,Android,Tier 1,5G,4,2821.15,high,0,1
TXN_014258,UPI,Android,Tier 2,4G,5,1762.78,med,0,1
TXN_014259,UPI,Android,Tier 1,5G,14,3404.94,high,0,1
TXN_014260,UPI,Android,Tier 1,5G,10,540.4,med,0,1
TXN_014261,Wallet,iOS,Tier 1,5G,23,6487.23,high,0,1
TXN_014262,UPI,Desktop,Tier 3,Wifi,21,150.9,low,0,1
TXN_014263,UPI,Android,Tier 1,4G,21,1693.19,med,1,1
TXN_014264,Card,Android,Tier 2,5G,17,4618.36,high,0,1
TXN_014265,UPI,iOS,Tier 1,4G,22,163.66,low,0,0
TXN_014266,Card,Desktop,Tier 2,Wifi,18,1000.32,med,0,1
TXN_014267,UPI,Android,Tier 1,Wifi,11,477.79,low,2,0
TXN_014268,Netbanking,Android,Tier 2,4G,11,181.78,low,0,1
TXN_014269,Wallet,Android,Tier 3,4G,6,1162.8,med,0,1
TXN_014270,Card,Android,Tier 1,4G,15,596.85,med,0,0
TXN_014271,PayLater,iOS,Tier 1,5G,11,3426.24,high,0,1
TXN_014272,UPI,Desktop,Tier 2,4G,20,837.01,med,0,1
TXN_014273,UPI,Android,Tier 1,5G,3,249.17,low,1,1
TXN_014274,Card,iOS,Tier 2,5G,9,746.16,med,0,1
TXN_014275,Card,Android,Tier 1,5G,16,502.16,med,1,1
TXN_014276,UPI,Android,Tier 2,Wifi,14,5204.68,high,4,1
TXN_014277,UPI,Android,Tier 2,4G,7,1399.13,med,0,1
TXN_014278,UPI,Android,Tier 1,Wifi,13,904.53,med,0,1
TXN_014279,UPI,Android,Tier 2,4G,17,9415.88,high,1,1
TXN_014280,UPI,Android,Tier 2,4G,7,1296.7,med,0,1
TXN_014281,Card,iOS,Tier 1,4G,13,540.49,med,0,1
TXN_014282,UPI,iOS,Tier 1,5G,22,612.18,med,2,1
TXN_014283,UPI,Android,Tier 2,4G,15,1710.74,med,0,1
TXN_014284,Card,Android,Tier 1,5G,18,367.11,low,0,1
TXN_014285,Card,Android,Tier 3,4G,6,36084.74,ultra_high,1,1
TXN_014286,Wallet,Desktop,Tier 2,Wifi,16,1285.59,med,0,1
TXN_014287,Card,Android,Tier 1,5G,4,1092.75,med,0,1
TXN_014288,UPI,Android,Tier 3,5G,12,101.24,low,0,1
TXN_014289,Netbanking,Android,Tier 1,Wifi,17,58.64,low,0,0
TXN_014290,UPI,Android,Tier 2,5G,17,422.97,low,2,0
TXN_014291,UPI,Android,Tier 1,4G,18,472.12,low,0,1
TXN_014292,Card,iOS,Tier 2,4G,22,382.68,low,3,0
TXN_014293,Wallet,iOS,Tier 2,5G,17,738.73,med,1,0
TXN_014294,UPI,Android,Tier 2,4G,19,84.35,low,0,1
TXN_014295,UPI,Android,Tier 1,4G,19,1871.72,med,0,1
TXN_014296,UPI,Android,Tier 1,4G,16,845.05,med,0,1
TXN_014297,UPI,Desktop,Tier 1,5G,22,1552.18,med,0,1
TXN_014298,UPI,Android,Tier 1,4G,3,1246.49,med,1,1
TXN_014299,Card,Android,Tier 1,4G,16,349.79,low,0,1
TXN_014300,UPI,Android,Tier 2,4G,18,1409.98,med,4,1
TXN_014301,Wallet,Android,Tier 3,5G,7,4577.08,high,2,0
TXN_014302,Netbanking,Android,Tier 1,5G,19,373.3,low,0,1
TXN_014303,Card,Android,Tier 1,5G,0,2993.55,high,1,0
TXN_014304,Netbanking,Android,Tier 3,4G,6,4223.22,high,1,1
TXN_014305,UPI,Android,Tier 3,Wifi,7,1041.13,med,0,1
TXN_014306,UPI,Android,Tier 2,4G,4,747.94,med,0,1
TXN_014307,Card,Android,Tier 1,5G,8,650.28,med,0,1
TXN_014308,Netbanking,Android,Tier 2,Wifi,6,1026.21,med,0,1
TXN_014309,Netbanking,Android,Tier 3,3G,3,14855.13,ultra_high,0,1
TXN_014310,UPI,Android,Tier 1,5G,21,416.17,low,0,1
TXN_014311,Wallet,Desktop,Tier 2,Wifi,7,1709.86,med,0,1
TXN_014312,UPI,Android,Tier 2,5G,1,1381.75,med,0,0
TXN_014313,Wallet,Android,Tier 1,4G,4,3174.96,high,0,1
TXN_014314,PayLater,Android,Tier 2,4G,2,855.74,med,0,0
TXN_014315,UPI,Android,Tier 2,5G,4,1357.11,med,0,1
TXN_014316,Card,Android,Tier 2,5G,23,350.31,low,2,1
TXN_014317,UPI,iOS,Tier 2,4G,21,452.96,low,0,1
TXN_014318,UPI,Android,Tier 1,Wifi,0,829.88,med,0,1
TXN_014319,UPI,Android,Tier 2,4G,6,126.21,low,0,1
TXN_014320,Card,iOS,Tier 2,4G,9,570.08,med,1,1
TXN_014321,Wallet,Desktop,Tier 3,4G,15,1556.02,med,0,1
TXN_014322,Card,Desktop,Tier 1,3G,0,3785.95,high,0,1
TXN_014323,UPI,iOS,Tier 1,Wifi,16,474.36,low,0,1
TXN_014324,Netbanking,Desktop,Tier 3,5G,3,817.48,med,0,0
TXN_014325,PayLater,Android,Tier 2,Wifi,15,927.7,med,0,1
TXN_014326,UPI,Android,Tier 3,Wifi,8,465.39,low,0,1
TXN_014327,PayLater,Android,Tier 1,Wifi,7,578.04,med,0,0
TXN_014328,UPI,Android,Tier 1,4G,18,2240.28,high,0,1
TXN_014329,Netbanking,Desktop,Tier 1,5G,21,12683.52,ultra_high,1,1
TXN_014330,UPI,Android,Tier 3,4G,16,1238.98,med,0,0
TXN_014331,UPI,Android,Tier 3,3G,9,3189.78,high,0,1
TXN_014332,UPI,iOS,Tier 2,3G,16,178.35,low,0,1
TXN_014333,Card,Desktop,Tier 1,Wifi,21,1368.13,med,0,1
TXN_014334,UPI,Android,Tier 1,4G,20,5617.23,high,0,1
TXN_014335,UPI,Desktop,Tier 2,4G,15,3340.68,high,0,1
TXN_014336,Card,Android,Tier 2,4G,21,712.32,med,1,1
TXN_014337,Wallet,Android,Tier 2,4G,8,2929.04,high,0,1
TXN_014338,UPI,Android,Tier 1,5G,4,1320.28,med,1,1
TXN_014339,UPI,Android,Tier 2,4G,1,172.77,low,0,1
TXN_014340,UPI,Android,Tier 1,3G,13,338.37,low,1,1
TXN_014341,UPI,iOS,Tier 2,4G,16,2107.2,high,0,1
TXN_014342,Netbanking,iOS,Tier 2,Wifi,12,685.6,med,2,1
TXN_014343,Netbanking,iOS,Tier 3,5G,12,148.32,low,3,1
TXN_014344,Card,Android,Tier 2,4G,12,1167.1,med,2,1
TXN_014345,UPI,Android,Tier 1,4G,17,434.17,low,0,1
TXN_014346,Netbanking,Android,Tier 1,3G,23,35.26,low,0,1
TXN_014347,Card,Android,Tier 3,5G,0,783.47,med,0,1
TXN_014348,Netbanking,Android,Tier 1,4G,21,107.47,low,1,1
TXN_014349,Card,Android,Tier 1,4G,20,820.19,med,0,1
TXN_014350,Netbanking,Android,Tier 3,5G,3,785.96,med,0,1
TXN_014351,Card,iOS,Tier 2,4G,20,15026.39,ultra_high,0,1
TXN_014352,UPI,Android,Tier 2,4G,4,1819.19,med,0,1
TXN_014353,PayLater,Desktop,Tier 1,5G,10,1310.16,med,0,1
TXN_014354,UPI,Android,Tier 3,5G,1,4148.33,high,1,1
TXN_014355,Card,Desktop,Tier 1,4G,1,546.56,med,1,1
TXN_014356,UPI,Android,Tier 1,Wifi,15,546.4,med,0,1
TXN_014357,Card,Android,Tier 1,5G,2,371.38,low,0,1
TXN_014358,Card,Android,Tier 1,Wifi,5,3589.02,high,1,0
TXN_014359,UPI,iOS,Tier 3,4G,19,1127.14,med,0,1
TXN_014360,UPI,Android,Tier 2,4G,3,406.25,low,0,1
TXN_014361,Card,Android,Tier 2,4G,4,2309.41,high,1,1
TXN_014362,Netbanking,iOS,Tier 3,4G,20,212.31,low,1,1
TXN_014363,UPI,Android,Tier 1,3G,6,322.71,low,0,1
TXN_014364,UPI,Android,Tier 1,3G,6,623.73,med,0,1
TXN_014365,Card,Android,Tier 2,5G,16,1015.32,med,0,1
TXN_014366,UPI,Android,Tier 2,5G,5,1335.93,med,0,1
TXN_014367,UPI,Android,Tier 2,Wifi,3,691.78,med,0,1
TXN_014368,UPI,Android,Tier 1,5G,1,1195.67,med,0,1
TXN_014369,UPI,Android,Tier 2,4G,5,2254.94,high,2,1
TXN_014370,UPI,Android,Tier 1,5G,6,5746.35,high,0,1
TXN_014371,UPI,iOS,Tier 1,5G,1,941.27,med,1,1
TXN_014372,UPI,Android,Tier 1,4G,17,6781.27,high,0,1
TXN_014373,UPI,Android,Tier 1,4G,9,1042.42,med,3,0
TXN_014374,UPI,Android,Tier 1,4G,6,650.86,med,1,1
TXN_014375,UPI,Android,Tier 1,5G,8,487.92,low,0,1
TXN_014376,UPI,Android,Tier 3,4G,18,191.57,low,0,1
TXN_014377,Netbanking,Android,Tier 3,5G,18,516.26,med,0,1
TXN_014378,UPI,Android,Tier 2,4G,23,2194.09,high,0,1
TXN_014379,UPI,Desktop,Tier 3,4G,1,357.59,low,0,1
TXN_014380,UPI,Android,Tier 3,Wifi,22,355.36,low,0,1
TXN_014381,UPI,Android,Tier 1,5G,23,493.33,low,0,1
TXN_014382,Card,Android,Tier 2,4G,11,1876.08,med,1,1
TXN_014383,Card,Android,Tier 3,Wifi,18,414.38,low,0,1
TXN_014384,Wallet,iOS,Tier 2,4G,5,85.21,low,0,1
TXN_014385,Card,Android,Tier 1,Wifi,23,109.32,low,0,1
TXN_014386,PayLater,Android,Tier 2,5G,0,312.18,low,0,0
TXN_014387,UPI,Android,Tier 1,4G,14,957.1,med,0,1
TXN_014388,UPI,Android,Tier 1,5G,21,652.16,med,0,1
TXN_014389,UPI,Android,Tier 1,4G,18,773.19,med,1,1
TXN_014390,UPI,Android,Tier 1,4G,13,4582.36,high,0,1
TXN_014391,UPI,Android,Tier 1,4G,23,7159.14,high,0,1
TXN_014392,Card,Android,Tier 3,4G,12,246.85,low,0,1
TXN_014393,UPI,Android,Tier 1,5G,4,192.57,low,1,1
TXN_014394,Wallet,Android,Tier 1,Wifi,1,3146.57,high,0,1
TXN_014395,Netbanking,Android,Tier 1,Wifi,14,977.73,med,2,0
TXN_014396,UPI,Android,Tier 2,4G,15,925.12,med,0,1
TXN_014397,UPI,Desktop,Tier 3,5G,6,273.06,low,3,0
TXN_014398,UPI,Android,Tier 1,4G,21,185.68,low,1,1
TXN_014399,UPI,Desktop,Tier 1,5G,5,46.8,low,0,1
TXN_014400,UPI,Android,Tier 2,Wifi,16,1005.77,med,0,1
TXN_014401,UPI,iOS,Tier 2,4G,0,2562.79,high,0,1
TXN_014402,UPI,Android,Tier 1,3G,5,1729.48,med,0,1
TXN_014403,UPI,Android,Tier 1,Wifi,5,1223.74,med,1,1
TXN_014404,PayLater,iOS,Tier 2,5G,3,274.2,low,2,0
TXN_014405,Card,iOS,Tier 1,5G,7,170.94,low,0,1
TXN_014406,Wallet,Android,Tier 3,5G,8,1994.51,med,2,1
TXN_014407,UPI,Android,Tier 1,3G,21,213.34,low,0,1
TXN_014408,UPI,Android,Tier 1,5G,9,330.32,low,0,1
TXN_014409,Card,Desktop,Tier 3,4G,23,354.99,low,1,0
TXN_014410,UPI,Android,Tier 3,5G,7,881.88,med,0,1
TXN_014411,UPI,Android,Tier 1,4G,1,944.5,med,0,1
TXN_014412,Card,Android,Tier 3,3G,19,2379.94,high,1,1
TXN_014413,Card,iOS,Tier 2,Wifi,16,937.47,med,0,1
TXN_014414,UPI,Android,Tier 1,5G,0,794.08,med,0,1
TXN_014415,UPI,Android,Tier 2,Wifi,13,3545.4,high,1,1
TXN_014416,UPI,Desktop,Tier 1,Wifi,21,421.39,low,0,1
TXN_014417,UPI,Android,Tier 1,4G,22,923.62,med,3,0
TXN_014418,UPI,iOS,Tier 1,5G,4,260.4,low,0,1
TXN_014419,UPI,Android,Tier 2,4G,23,1078.34,med,0,1
TXN_014420,UPI,Android,Tier 3,5G,8,2367.25,high,3,1
TXN_014421,PayLater,Android,Tier 1,4G,19,422.95,low,1,1
TXN_014422,Card,Android,Tier 1,5G,16,6546.46,high,0,1
TXN_014423,Card,Android,Tier 2,4G,5,931.57,med,0,0
TXN_014424,UPI,Android,Tier 2,4G,0,1751.84,med,0,1
TXN_014425,UPI,Android,Tier 2,4G,17,141.46,low,2,1
TXN_014426,UPI,Android,Tier 1,4G,10,4835.86,high,0,1
TXN_014427,UPI,Android,Tier 2,4G,3,3325.08,high,0,1
TXN_014428,UPI,Android,Tier 1,5G,19,84.25,low,0,1
TXN_014429,Netbanking,Android,Tier 2,5G,5,171.41,low,0,1
TXN_014430,Card,Android,Tier 1,4G,7,2335.69,high,0,1
TXN_014431,UPI,Android,Tier 1,5G,18,2794.13,high,1,1
TXN_014432,UPI,iOS,Tier 2,5G,14,95.97,low,0,1
TXN_014433,Wallet,Android,Tier 3,4G,21,2160.36,high,0,1
TXN_014434,UPI,Android,Tier 2,4G,18,403.28,low,0,0
TXN_014435,UPI,Android,Tier 3,5G,1,794.87,med,4,1
TXN_014436,UPI,Android,Tier 1,4G,3,693.04,med,1,1
TXN_014437,Netbanking,Android,Tier 2,4G,3,357.7,low,0,1
TXN_014438,PayLater,Android,Tier 2,3G,11,668.77,med,0,1
TXN_014439,UPI,Android,Tier 2,5G,17,295.71,low,0,1
TXN_014440,Wallet,Android,Tier 3,4G,11,430.79,low,0,1
TXN_014441,Netbanking,Android,Tier 3,5G,18,220.66,low,0,1
TXN_014442,UPI,Android,Tier 2,Wifi,14,3995.99,high,0,1
TXN_014443,UPI,Android,Tier 2,Wifi,9,486.59,low,0,1
TXN_014444,UPI,Android,Tier 3,4G,6,2855.79,high,0,1
TXN_014445,PayLater,Desktop,Tier 1,4G,1,1775.96,med,0,1
TXN_014446,UPI,iOS,Tier 3,5G,12,3325.83,high,0,1
TXN_014447,Netbanking,iOS,Tier 3,4G,15,521.65,med,0,0
TXN_014448,UPI,Desktop,Tier 2,Wifi,20,702.46,med,0,1
TXN_014449,Card,Android,Tier 2,4G,7,1013.64,med,0,1
TXN_014450,UPI,iOS,Tier 1,4G,0,207.85,low,0,1
TXN_014451,Card,Android,Tier 1,Wifi,16,982.02,med,2,1
TXN_014452,Netbanking,Android,Tier 2,4G,14,622.57,med,4,0
TXN_014453,Netbanking,iOS,Tier 1,4G,21,3723.24,high,1,1
TXN_014454,Netbanking,Android,Tier 2,5G,22,4965.52,high,0,1
TXN_014455,UPI,Desktop,Tier 3,4G,13,7868.37,high,0,1
TXN_014456,Card,Android,Tier 1,5G,6,104.34,low,0,1
TXN_014457,UPI,iOS,Tier 1,4G,18,2063.37,high,0,1
TXN_014458,UPI,Android,Tier 2,4G,9,601.06,med,0,1
TXN_014459,UPI,Android,Tier 1,4G,19,395.14,low,0,1
TXN_014460,UPI,Android,Tier 2,5G,10,5573.38,high,0,1
TXN_014461,UPI,iOS,Tier 2,4G,19,266.71,low,1,1
TXN_014462,PayLater,Android,Tier 1,4G,20,1151.86,med,0,1
TXN_014463,UPI,Android,Tier 1,Wifi,21,289.52,low,0,1
TXN_014464,Card,Android,Tier 3,Wifi,22,48.87,low,0,1
TXN_014465,UPI,Android,Tier 1,5G,4,147.88,low,0,1
TXN_014466,UPI,Android,Tier 2,4G,6,56.51,low,0,1
TXN_014467,UPI,Android,Tier 3,5G,11,531.28,med,0,1
TXN_014468,Wallet,iOS,Tier 3,5G,1,191.36,low,0,1
TXN_014469,Wallet,Android,Tier 1,Wifi,6,3594.97,high,1,1
TXN_014470,Wallet,Android,Tier 2,Wifi,20,1797.65,med,0,1
TXN_014471,PayLater,Android,Tier 2,Wifi,4,297.12,low,1,0
TXN_014472,UPI,Android,Tier 2,Wifi,21,260.85,low,1,1
TXN_014473,UPI,Android,Tier 2,4G,11,450.02,low,4,1
TXN_014474,Card,iOS,Tier 2,5G,3,571.82,med,0,1
TXN_014475,UPI,Android,Tier 1,Wifi,20,3889.15,high,0,1
TXN_014476,UPI,Android,Tier 2,Wifi,20,476.92,low,0,1
TXN_014477,UPI,Android,Tier 2,Wifi,18,1009.79,med,0,1
TXN_014478,Card,Android,Tier 2,5G,2,462.49,low,4,1
TXN_014479,Card,Android,Tier 1,5G,16,1776.91,med,1,1
TXN_014480,UPI,Android,Tier 1,4G,3,2136.54,high,0,1
TXN_014481,UPI,iOS,Tier 3,5G,8,3733.45,high,0,1
TXN_014482,Card,Android,Tier 1,4G,1,2726.4,high,1,0
TXN_014483,Card,Android,Tier 1,3G,9,49.39,low,0,1
TXN_014484,UPI,Android,Tier 2,Wifi,19,144.67,low,0,0
TXN_014485,Card,Android,Tier 2,Wifi,8,1152.9,med,0,1
TXN_014486,UPI,Desktop,Tier 1,4G,7,1192.12,med,1,1
TXN_014487,UPI,Android,Tier 2,4G,17,639.73,med,1,1
TXN_014488,Netbanking,Desktop,Tier 2,5G,10,2842.28,high,4,0
TXN_014489,Card,Android,Tier 2,4G,18,5458.76,high,3,1
TXN_014490,UPI,Android,Tier 3,4G,21,393.34,low,1,1
TXN_014491,Card,Android,Tier 1,Wifi,17,138.57,low,0,1
TXN_014492,Card,Android,Tier 2,4G,18,1516.72,med,0,1
TXN_014493,Netbanking,Android,Tier 1,4G,16,434.01,low,0,0
TXN_014494,Card,Android,Tier 1,5G,19,69.49,low,1,1
TXN_014495,Card,Android,Tier 2,Wifi,21,1266.85,med,0,1
TXN_014496,UPI,Android,Tier 1,Wifi,16,1526.98,med,0,1
TXN_014497,UPI,Android,Tier 2,3G,14,384.53,low,2,0
TXN_014498,UPI,Android,Tier 1,5G,15,740.68,med,0,1
TXN_014499,UPI,iOS,Tier 1,4G,16,1311.71,med,0,1
TXN_014500,Card,Android,Tier 2,Wifi,7,5223.47,high,0,0
TXN_014501,UPI,Android,Tier 2,4G,22,1878.65,med,2,1
TXN_014502,UPI,Android,Tier 1,4G,6,148.71,low,0,1
TXN_014503,UPI,Android,Tier 3,4G,22,5319.89,high,0,1
TXN_014504,UPI,Android,Tier 1,Wifi,20,6939.11,high,0,1
TXN_014505,UPI,Android,Tier 1,Wifi,3,1489.86,med,0,1
TXN_014506,Card,Android,Tier 1,4G,6,3465.35,high,0,1
TXN_014507,UPI,Android,Tier 1,4G,10,209.87,low,1,1
TXN_014508,Card,Android,Tier 1,Wifi,2,940.75,med,1,1
TXN_014509,Wallet,Android,Tier 3,4G,1,2499.35,high,0,1
TXN_014510,UPI,iOS,Tier 2,Wifi,0,1225.49,med,0,1
TXN_014511,UPI,Android,Tier 1,4G,23,368.27,low,4,1
TXN_014512,UPI,Android,Tier 3,4G,5,268.68,low,0,1
TXN_014513,Card,Android,Tier 1,4G,13,1269.58,med,0,1
TXN_014514,Card,iOS,Tier 1,4G,3,2225.64,high,1,0
TXN_014515,UPI,Android,Tier 1,5G,15,226.97,low,1,1
TXN_014516,UPI,Android,Tier 1,Wifi,9,470.54,low,0,1
TXN_014517,Wallet,Desktop,Tier 2,4G,4,15047.02,ultra_high,0,0
TXN_014518,UPI,Android,Tier 1,Wifi,10,1939.74,med,1,1
TXN_014519,UPI,Android,Tier 2,5G,0,666.37,med,0,1
TXN_014520,Netbanking,Android,Tier 2,4G,16,2913.05,high,0,0
TXN_014521,Card,iOS,Tier 2,5G,13,2177.79,high,1,1
TXN_014522,Wallet,iOS,Tier 2,5G,6,1181.92,med,1,1
TXN_014523,Card,Android,Tier 1,4G,13,1212.0,med,1,1
TXN_014524,Netbanking,Android,Tier 1,4G,0,405.59,low,0,1
TXN_014525,UPI,Android,Tier 2,3G,5,2783.01,high,1,0
TXN_014526,Card,Android,Tier 1,5G,6,343.98,low,0,0
TXN_014527,Wallet,Android,Tier 1,4G,10,2556.01,high,0,1
TXN_014528,Card,Android,Tier 2,4G,9,2779.94,high,0,1
TXN_014529,UPI,Desktop,Tier 1,4G,20,455.82,low,2,1
TXN_014530,UPI,iOS,Tier 2,4G,2,118.5,low,2,1
TXN_014531,UPI,Android,Tier 1,4G,18,2121.16,high,4,1
TXN_014532,UPI,Android,Tier 3,4G,1,2290.0,high,0,0
TXN_014533,UPI,Android,Tier 2,4G,11,1513.99,med,0,1
TXN_014534,Card,Android,Tier 1,5G,11,155.86,low,0,0
TXN_014535,Card,Android,Tier 2,4G,0,1284.96,med,1,1
TXN_014536,UPI,Android,Tier 2,4G,13,7451.79,high,0,1
TXN_014537,Card,Android,Tier 2,4G,10,6450.98,high,4,1
TXN_014538,UPI,Android,Tier 2,4G,7,4044.0,high,0,1
TXN_014539,UPI,iOS,Tier 2,4G,8,1811.03,med,1,1
TXN_014540,UPI,Android,Tier 1,5G,17,1650.51,med,0,1
TXN_014541,UPI,Android,Tier 1,4G,12,494.67,low,0,1
TXN_014542,UPI,iOS,Tier 3,4G,3,6632.68,high,0,1
TXN_014543,UPI,Android,Tier 1,Wifi,15,1136.42,med,0,1
TXN_014544,UPI,Android,Tier 1,5G,2,3627.02,high,0,1
TXN_014545,Netbanking,Android,Tier 1,4G,3,635.16,med,0,0
TXN_014546,UPI,Desktop,Tier 3,4G,3,1877.45,med,0,1
TXN_014547,Card,Android,Tier 2,3G,7,788.25,med,0,1
TXN_014548,Card,Android,Tier 2,3G,10,145.76,low,0,1
TXN_014549,Netbanking,Android,Tier 3,4G,2,362.78,low,0,1
TXN_014550,Wallet,Android,Tier 3,4G,18,557.32,med,3,0
TXN_014551,UPI,Android,Tier 2,4G,5,5600.66,high,0,1
TXN_014552,UPI,Android,Tier 1,4G,2,237.86,low,0,1
TXN_014553,Wallet,Desktop,Tier 1,4G,20,274.83,low,0,1
TXN_014554,UPI,Desktop,Tier 2,5G,3,374.97,low,0,1
TXN_014555,Card,Android,Tier 1,4G,3,3869.63,high,0,1
TXN_014556,Card,Android,Tier 2,4G,1,754.88,med,0,1
TXN_014557,Card,Android,Tier 2,5G,15,780.66,med,1,0
TXN_014558,Wallet,iOS,Tier 2,Wifi,4,2374.16,high,0,1
TXN_014559,PayLater,Android,Tier 1,4G,14,6612.26,high,0,1
TXN_014560,Card,Android,Tier 1,5G,4,9506.42,high,0,1
TXN_014561,UPI,iOS,Tier 2,4G,22,5792.54,high,0,1
TXN_014562,Wallet,iOS,Tier 1,4G,11,720.51,med,0,1
TXN_014563,UPI,Android,Tier 2,Wifi,18,570.35,med,0,1
TXN_014564,UPI,Desktop,Tier 2,4G,14,745.45,med,0,1
TXN_014565,Wallet,Desktop,Tier 3,5G,5,112.55,low,1,1
TXN_014566,UPI,Android,Tier 3,4G,0,166.13,low,1,1
TXN_014567,UPI,Android,Tier 2,4G,4,1894.31,med,1,1
TXN_014568,UPI,Desktop,Tier 2,5G,20,142.86,low,0,1
TXN_014569,Netbanking,Android,Tier 1,4G,20,255.65,low,2,0
TXN_014570,UPI,Android,Tier 1,4G,23,1128.94,med,2,1
TXN_014571,Card,Android,Tier 2,5G,18,252.02,low,0,1
TXN_014572,UPI,iOS,Tier 2,4G,10,458.03,low,0,1
TXN_014573,Netbanking,iOS,Tier 2,4G,21,466.81,low,2,1
TXN_014574,Netbanking,Android,Tier 1,Wifi,13,49.27,low,1,1
TXN_014575,UPI,Desktop,Tier 3,4G,13,836.96,med,0,1
TXN_014576,UPI,iOS,Tier 1,5G,1,575.42,med,0,1
TXN_014577,UPI,iOS,Tier 3,Wifi,21,682.01,med,0,1
TXN_014578,PayLater,Android,Tier 2,4G,4,169.96,low,1,0
TXN_014579,Card,Android,Tier 1,4G,8,320.09,low,0,0
TXN_014580,Wallet,Android,Tier 1,5G,16,530.0,med,0,1
TXN_014581,UPI,Android,Tier 1,4G,18,241.94,low,1,1
TXN_014582,Netbanking,Android,Tier 3,5G,14,481.8,low,0,1
TXN_014583,Netbanking,iOS,Tier 3,4G,1,17488.6,ultra_high,0,1
TXN_014584,Card,Android,Tier 2,4G,8,1340.09,med,1,1
TXN_014585,PayLater,iOS,Tier 2,4G,10,526.06,med,0,1
TXN_014586,UPI,Android,Tier 2,5G,21,793.24,med,1,1
TXN_014587,UPI,Android,Tier 2,4G,5,3876.19,high,0,1
TXN_014588,Card,Android,Tier 2,Wifi,14,423.27,low,1,1
TXN_014589,Card,Android,Tier 1,5G,20,1229.42,med,0,1
TXN_014590,Card,Android,Tier 3,4G,19,4462.93,high,0,0
TXN_014591,UPI,iOS,Tier 2,4G,3,847.65,med,2,1
TXN_014592,UPI,Android,Tier 1,4G,14,684.9,med,1,1
TXN_014593,UPI,Android,Tier 3,5G,17,5459.13,high,0,1
TXN_014594,UPI,Android,Tier 2,Wifi,6,3070.53,high,2,1
TXN_014595,Card,Android,Tier 1,4G,15,1698.57,med,0,1
TXN_014596,Card,Android,Tier 1,4G,21,793.45,med,0,1
TXN_014597,UPI,Android,Tier 2,4G,2,222.81,low,1,1
TXN_014598,UPI,Android,Tier 3,4G,11,10302.03,ultra_high,0,1
TXN_014599,UPI,iOS,Tier 3,5G,6,3389.13,high,0,1
TXN_014600,UPI,Android,Tier 2,4G,8,814.24,med,0,1
TXN_014601,Netbanking,iOS,Tier 1,4G,9,3782.79,high,0,1
TXN_014602,Wallet,Android,Tier 1,5G,0,3011.72,high,3,0
TXN_014603,UPI,Desktop,Tier 1,4G,11,432.03,low,0,1
TXN_014604,Netbanking,Android,Tier 3,4G,23,643.41,med,0,1
TXN_014605,Wallet,Android,Tier 3,4G,17,2288.71,high,0,0
TXN_014606,Netbanking,Android,Tier 1,5G,0,313.44,low,1,0
TXN_014607,UPI,Desktop,Tier 2,4G,17,2052.53,high,0,1
TXN_014608,PayLater,Android,Tier 2,4G,22,683.55,med,0,1
TXN_014609,UPI,Android,Tier 1,4G,6,363.07,low,0,1
TXN_014610,UPI,Android,Tier 2,4G,16,292.86,low,0,1
TXN_014611,UPI,Android,Tier 3,4G,12,685.37,med,0,1
TXN_014612,UPI,Android,Tier 1,4G,9,1294.67,med,0,1
TXN_014613,UPI,Android,Tier 3,4G,13,443.22,low,0,1
TXN_014614,UPI,Android,Tier 1,4G,0,584.7,med,0,1
TXN_014615,UPI,Android,Tier 1,4G,22,1118.26,med,0,1
TXN_014616,Netbanking,Android,Tier 1,5G,5,28904.95,ultra_high,0,1
TXN_014617,Wallet,Android,Tier 3,5G,3,1329.92,med,0,1
TXN_014618,UPI,Android,Tier 2,4G,18,1472.64,med,0,1
TXN_014619,Netbanking,Desktop,Tier 3,4G,14,896.54,med,4,1
TXN_014620,Netbanking,Android,Tier 2,4G,20,11325.38,ultra_high,2,1
TXN_014621,Netbanking,iOS,Tier 2,4G,20,84.16,low,3,0
TXN_014622,UPI,Android,Tier 3,4G,18,242.79,low,0,1
TXN_014623,Card,Desktop,Tier 2,4G,21,329.6,low,0,1
TXN_014624,Wallet,Android,Tier 3,4G,11,2592.79,high,2,1
TXN_014625,Card,Android,Tier 1,Wifi,13,521.32,med,0,1
TXN_014626,UPI,Android,Tier 2,4G,2,2355.61,high,0,1
TXN_014627,UPI,iOS,Tier 2,Wifi,3,41.29,low,0,1
TXN_014628,Card,Android,Tier 3,Wifi,2,1324.16,med,4,0
TXN_014629,UPI,Android,Tier 1,Wifi,11,204.1,low,0,1
TXN_014630,UPI,Android,Tier 2,Wifi,21,2579.6,high,1,1
TXN_014631,UPI,Android,Tier 2,4G,8,245.65,low,0,1
TXN_014632,Netbanking,Android,Tier 1,4G,18,349.24,low,0,1
TXN_014633,Netbanking,Android,Tier 1,4G,15,171.71,low,1,0
TXN_014634,UPI,Android,Tier 1,4G,0,235.69,low,0,1
TXN_014635,PayLater,Android,Tier 3,4G,13,856.59,med,0,1
TXN_014636,UPI,iOS,Tier 2,Wifi,12,577.39,med,0,1
TXN_014637,Card,Android,Tier 1,4G,22,372.69,low,0,1
TXN_014638,Netbanking,Android,Tier 3,4G,11,134.6,low,1,1
TXN_014639,Netbanking,iOS,Tier 1,5G,4,368.72,low,1,0
TXN_014640,Wallet,Android,Tier 2,4G,19,3210.71,high,0,1
TXN_014641,UPI,Android,Tier 3,4G,2,1067.66,med,0,1
TXN_014642,Netbanking,iOS,Tier 3,4G,22,1415.47,med,2,1
TXN_014643,UPI,Android,Tier 1,Wifi,1,4725.71,high,1,1
TXN_014644,Card,Android,Tier 2,5G,10,2649.89,high,0,0
TXN_014645,Card,Desktop,Tier 2,5G,19,4000.73,high,0,1
TXN_014646,Card,Desktop,Tier 3,4G,1,1118.6,med,0,1
TXN_014647,UPI,Android,Tier 2,Wifi,15,442.14,low,0,1
TXN_014648,Wallet,Android,Tier 2,4G,7,1008.35,med,0,1
TXN_014649,UPI,Android,Tier 1,5G,2,1023.36,med,0,1
TXN_014650,UPI,Android,Tier 2,Wifi,20,80.44,low,1,1
TXN_014651,Card,Android,Tier 2,5G,3,592.87,med,1,1
TXN_014652,UPI,Android,Tier 2,5G,20,3256.52,high,0,0
TXN_014653,Netbanking,Desktop,Tier 2,4G,3,82.08,low,3,0
TXN_014654,UPI,iOS,Tier 3,4G,7,109.55,low,0,0
TXN_014655,UPI,Android,Tier 3,Wifi,5,255.99,low,0,1
TXN_014656,Netbanking,Android,Tier 1,4G,13,423.9,low,1,0
TXN_014657,UPI,Android,Tier 3,Wifi,14,705.43,med,1,1
TXN_014658,UPI,Android,Tier 1,5G,16,8234.48,high,0,0
TXN_014659,Card,Android,Tier 2,4G,4,2114.17,high,0,1
TXN_014660,UPI,iOS,Tier 3,5G,0,1216.74,med,0,1
TXN_014661,Card,Android,Tier 1,4G,11,719.96,med,0,1
TXN_014662,UPI,iOS,Tier 3,4G,18,802.97,med,2,0
TXN_014663,Netbanking,Android,Tier 3,4G,11,2628.03,high,0,1
TXN_014664,Netbanking,Android,Tier 2,4G,10,3769.69,high,2,1
TXN_014665,Card,Android,Tier 1,Wifi,21,369.56,low,0,0
TXN_014666,UPI,Android,Tier 2,4G,8,1479.94,med,2,1
TXN_014667,Netbanking,Desktop,Tier 3,5G,18,1090.92,med,0,1
TXN_014668,Card,Android,Tier 1,4G,3,3280.06,high,0,1
TXN_014669,Card,Android,Tier 2,5G,12,5106.06,high,0,0
TXN_014670,UPI,Android,Tier 1,5G,9,1381.14,med,2,1
TXN_014671,Wallet,Android,Tier 1,4G,0,735.94,med,0,0
TXN_014672,Card,Desktop,Tier 2,Wifi,9,135.0,low,0,1
TXN_014673,UPI,iOS,Tier 1,Wifi,17,231.77,low,1,1
TXN_014674,UPI,Android,Tier 3,5G,12,1162.31,med,0,1
TXN_014675,Wallet,Android,Tier 2,Wifi,6,3746.89,high,0,1
TXN_014676,UPI,Android,Tier 2,5G,7,6856.49,high,0,1
TXN_014677,PayLater,Android,Tier 1,Wifi,16,64.52,low,0,1
TXN_014678,Card,Android,Tier 3,4G,21,527.3,med,1,0
TXN_014679,Card,Android,Tier 1,4G,0,1184.58,med,0,1
TXN_014680,UPI,Desktop,Tier 2,3G,15,2556.51,high,0,0
TXN_014681,UPI,Android,Tier 1,4G,19,554.01,med,0,1
TXN_014682,Wallet,Android,Tier 2,4G,3,625.99,med,0,1
TXN_014683,UPI,iOS,Tier 2,4G,22,1093.05,med,0,1
TXN_014684,Netbanking,Android,Tier 2,4G,16,92.41,low,0,1
TXN_014685,UPI,Android,Tier 1,4G,12,560.98,med,1,1
TXN_014686,UPI,Android,Tier 2,5G,9,530.01,med,1,1
TXN_014687,UPI,Android,Tier 3,3G,8,1385.03,med,0,1
TXN_014688,UPI,Android,Tier 2,4G,13,1519.79,med,1,1
TXN_014689,PayLater,Android,Tier 1,5G,16,414.22,low,0,1
TXN_014690,UPI,Android,Tier 1,4G,2,881.68,med,0,1
TXN_014691,UPI,Android,Tier 1,4G,0,973.08,med,0,1
TXN_014692,UPI,iOS,Tier 1,5G,0,636.89,med,2,1
TXN_014693,UPI,Android,Tier 1,Wifi,19,3056.53,high,0,1
TXN_014694,UPI,iOS,Tier 2,4G,1,722.18,med,3,0
TXN_014695,Wallet,Android,Tier 1,4G,15,11748.13,ultra_high,1,1
TXN_014696,UPI,Android,Tier 2,4G,8,341.05,low,0,1
TXN_014697,UPI,Android,Tier 3,Wifi,13,2214.38,high,0,1
TXN_014698,UPI,Android,Tier 3,4G,0,3325.88,high,0,1
TXN_014699,PayLater,Android,Tier 3,4G,2,233.91,low,2,1
TXN_014700,UPI,iOS,Tier 1,Wifi,17,1645.74,med,3,1
TXN_014701,UPI,Android,Tier 1,5G,0,4731.31,high,2,1
TXN_014702,Card,Android,Tier 3,Wifi,10,1834.61,med,0,1
TXN_014703,Card,Android,Tier 1,Wifi,4,58.54,low,1,1
TXN_014704,UPI,iOS,Tier 1,4G,10,2435.34,high,0,1
TXN_014705,UPI,Android,Tier 2,5G,5,1592.22,med,1,1
TXN_014706,Netbanking,Desktop,Tier 1,4G,23,1664.43,med,0,0
TXN_014707,UPI,Desktop,Tier 3,3G,6,649.54,med,3,1
TXN_014708,Netbanking,Android,Tier 2,4G,12,279.46,low,0,1
TXN_014709,Card,Android,Tier 2,Wifi,22,6503.33,high,1,1
TXN_014710,UPI,iOS,Tier 3,4G,15,4019.13,high,0,1
TXN_014711,UPI,Android,Tier 1,4G,2,4047.36,high,0,1
TXN_014712,UPI,Android,Tier 2,4G,14,680.17,med,0,1
TXN_014713,Netbanking,Desktop,Tier 1,5G,7,1216.43,med,0,1
TXN_014714,UPI,Desktop,Tier 2,4G,21,1919.77,med,0,1
TXN_014715,UPI,Desktop,Tier 1,4G,23,1201.4,med,1,1
TXN_014716,Card,Android,Tier 2,4G,19,1045.52,med,0,1
TXN_014717,PayLater,Android,Tier 3,4G,15,2400.55,high,1,0
TXN_014718,UPI,Android,Tier 1,5G,16,379.02,low,2,1
TXN_014719,Wallet,Android,Tier 1,4G,12,5538.51,high,2,0
TXN_014720,UPI,Android,Tier 1,4G,2,956.28,med,0,1
TXN_014721,UPI,Android,Tier 2,5G,2,351.33,low,1,1
TXN_014722,UPI,Android,Tier 1,Wifi,12,319.18,low,0,1
TXN_014723,UPI,iOS,Tier 3,5G,16,118.91,low,1,1
TXN_014724,UPI,iOS,Tier 2,3G,13,1729.03,med,0,1
TXN_014725,UPI,iOS,Tier 2,4G,4,361.74,low,0,1
TXN_014726,Wallet,Android,Tier 2,Wifi,11,1023.54,med,0,1
TXN_014727,Netbanking,Android,Tier 1,5G,15,1203.0,med,0,0
TXN_014728,Card,iOS,Tier 1,5G,5,35.77,low,0,1
TXN_014729,UPI,Android,Tier 2,5G,8,659.65,med,0,1
TXN_014730,UPI,Android,Tier 3,4G,15,10199.37,ultra_high,0,1
TXN_014731,UPI,Android,Tier 1,4G,23,2036.43,high,0,1
TXN_014732,Card,Android,Tier 1,5G,3,1270.09,med,3,0
TXN_014733,Wallet,Android,Tier 1,4G,5,575.12,med,0,1
TXN_014734,UPI,iOS,Tier 1,5G,18,29.36,low,0,1
TXN_014735,UPI,Desktop,Tier 1,5G,0,1012.67,med,0,1
TXN_014736,UPI,Android,Tier 2,4G,7,1166.33,med,0,1
TXN_014737,UPI,Android,Tier 3,4G,5,276.49,low,0,1
TXN_014738,UPI,iOS,Tier 1,4G,2,310.05,low,0,1
TXN_014739,Card,Android,Tier 2,4G,20,472.48,low,0,1
TXN_014740,Card,Android,Tier 1,4G,13,1168.15,med,0,1
TXN_014741,UPI,Desktop,Tier 2,4G,22,124.61,low,0,1
TXN_014742,UPI,iOS,Tier 2,4G,1,88.03,low,0,1
TXN_014743,PayLater,Desktop,Tier 3,4G,15,2125.67,high,0,1
TXN_014744,UPI,Android,Tier 1,4G,21,473.4,low,0,1
TXN_014745,UPI,Android,Tier 1,3G,12,4072.11,high,0,0
TXN_014746,UPI,iOS,Tier 2,3G,15,252.58,low,0,1
TXN_014747,UPI,Android,Tier 1,4G,10,724.76,med,0,1
TXN_014748,UPI,iOS,Tier 1,4G,10,3465.43,high,0,1
TXN_014749,Netbanking,Android,Tier 1,4G,15,3837.7,high,0,1
TXN_014750,UPI,iOS,Tier 2,4G,9,969.89,med,0,1
TXN_014751,UPI,Android,Tier 1,5G,16,220.4,low,1,1
TXN_014752,Card,Android,Tier 3,4G,11,97.95,low,0,1
TXN_014753,UPI,Android,Tier 2,4G,4,797.65,med,0,0
TXN_014754,Netbanking,Android,Tier 1,Wifi,11,2651.15,high,0,1
TXN_014755,Netbanking,Android,Tier 2,Wifi,2,347.74,low,0,0
TXN_014756,UPI,Android,Tier 1,3G,18,2210.28,high,0,0
TXN_014757,Netbanking,iOS,Tier 2,4G,9,125.73,low,1,1
TXN_014758,UPI,Android,Tier 2,Wifi,15,928.2,med,1,0
TXN_014759,PayLater,Android,Tier 2,5G,18,2449.75,high,0,1
TXN_014760,UPI,Android,Tier 3,5G,10,2854.51,high,0,1
TXN_014761,PayLater,Desktop,Tier 1,Wifi,15,1237.07,med,0,1
TXN_014762,Netbanking,Android,Tier 3,Wifi,9,527.08,med,0,1
TXN_014763,UPI,Android,Tier 3,5G,14,395.82,low,0,1
TXN_014764,UPI,iOS,Tier 1,4G,2,122.21,low,1,1
TXN_014765,PayLater,Android,Tier 1,4G,23,483.07,low,0,1
TXN_014766,Netbanking,Android,Tier 1,5G,9,5297.6,high,0,1
TXN_014767,UPI,Android,Tier 1,Wifi,11,705.1,med,0,1
TXN_014768,Card,iOS,Tier 2,5G,8,980.93,med,0,1
TXN_014769,UPI,Android,Tier 1,4G,18,1240.96,med,0,1
TXN_014770,UPI,iOS,Tier 3,4G,0,580.24,med,1,1
TXN_014771,UPI,iOS,Tier 1,4G,12,2525.01,high,2,1
TXN_014772,UPI,Android,Tier 1,Wifi,6,1093.12,med,2,1
TXN_014773,Netbanking,iOS,Tier 1,4G,21,724.42,med,1,1
TXN_014774,UPI,Android,Tier 1,5G,19,371.88,low,1,1
TXN_014775,Netbanking,Android,Tier 3,Wifi,20,2225.47,high,0,1
TXN_014776,UPI,Android,Tier 2,4G,6,1132.18,med,1,1
TXN_014777,UPI,Desktop,Tier 1,Wifi,5,914.26,med,0,1
TXN_014778,UPI,Android,Tier 3,Wifi,11,849.29,med,0,1
TXN_014779,UPI,Android,Tier 3,4G,3,1554.2,med,0,1
TXN_014780,UPI,Android,Tier 2,4G,19,273.76,low,0,1
TXN_014781,UPI,Android,Tier 3,5G,9,258.51,low,0,1
TXN_014782,Card,Android,Tier 2,4G,18,1373.37,med,0,1
TXN_014783,UPI,Android,Tier 2,5G,1,2323.83,high,1,1
TXN_014784,UPI,Android,Tier 1,5G,3,144.9,low,0,1
TXN_014785,UPI,Android,Tier 1,4G,14,1959.96,med,0,1
TXN_014786,Wallet,Android,Tier 2,4G,5,4230.96,high,0,1
TXN_014787,Wallet,Android,Tier 3,4G,0,72.68,low,0,1
TXN_014788,UPI,iOS,Tier 2,4G,17,405.12,low,0,1
TXN_014789,UPI,Desktop,Tier 3,5G,7,932.23,med,0,1
TXN_014790,UPI,Android,Tier 1,5G,12,16660.48,ultra_high,0,0
TXN_014791,PayLater,Android,Tier 2,4G,18,633.0,med,1,1
TXN_014792,UPI,Desktop,Tier 2,5G,15,558.89,med,2,1
TXN_014793,UPI,Android,Tier 2,4G,0,1296.13,med,0,1
TXN_014794,UPI,Android,Tier 2,Wifi,1,318.93,low,1,1
TXN_014795,UPI,Android,Tier 1,4G,18,896.41,med,0,1
TXN_014796,UPI,Android,Tier 1,4G,13,748.25,med,0,1
TXN_014797,Netbanking,Android,Tier 3,5G,14,4429.62,high,0,1
TXN_014798,UPI,Android,Tier 1,5G,1,874.46,med,0,1
TXN_014799,Card,Desktop,Tier 2,4G,12,15710.26,ultra_high,0,1
TXN_014800,UPI,Android,Tier 2,4G,19,182.55,low,0,1
TXN_014801,UPI,Android,Tier 1,4G,19,738.66,med,0,0
TXN_014802,Wallet,iOS,Tier 3,4G,10,944.31,med,0,1
TXN_014803,UPI,iOS,Tier 2,4G,9,990.16,med,0,1
TXN_014804,Netbanking,iOS,Tier 3,5G,1,170.06,low,2,0
TXN_014805,UPI,Desktop,Tier 1,Wifi,16,1310.09,med,0,1
TXN_014806,UPI,Android,Tier 2,Wifi,2,119.65,low,0,1
TXN_014807,PayLater,Desktop,Tier 3,4G,3,251.55,low,0,1
TXN_014808,UPI,iOS,Tier 3,Wifi,21,374.65,low,0,1
TXN_014809,Netbanking,Android,Tier 3,4G,4,1857.85,med,0,1
TXN_014810,UPI,Android,Tier 2,4G,1,2040.33,high,2,1
TXN_014811,Netbanking,Android,Tier 1,5G,3,1262.84,med,0,0
TXN_014812,UPI,Desktop,Tier 1,4G,11,516.54,med,0,1
TXN_014813,UPI,Android,Tier 3,4G,5,2879.22,high,0,1
TXN_014814,Netbanking,Android,Tier 3,4G,19,559.05,med,2,0
TXN_014815,Wallet,Android,Tier 2,4G,14,270.21,low,0,1
TXN_014816,Wallet,Android,Tier 1,4G,6,2388.94,high,0,0
TXN_014817,Netbanking,Android,Tier 2,Wifi,5,56.38,low,0,1
TXN_014818,Wallet,Android,Tier 1,4G,21,913.68,med,2,1
TXN_014819,UPI,iOS,Tier 2,4G,13,429.35,low,0,1
TXN_014820,UPI,Android,Tier 1,4G,17,1851.23,med,0,1
TXN_014821,UPI,Android,Tier 3,Wifi,6,1066.33,med,1,0
TXN_014822,UPI,Android,Tier 1,4G,5,797.57,med,1,1
TXN_014823,UPI,Android,Tier 2,4G,23,187.45,low,1,1
TXN_014824,UPI,Android,Tier 1,5G,5,974.94,med,2,1
TXN_014825,UPI,Android,Tier 2,4G,5,1322.81,med,0,1
TXN_014826,Card,Android,Tier 2,4G,19,567.65,med,3,1
TXN_014827,UPI,Android,Tier 3,5G,21,845.28,med,4,0
TXN_014828,UPI,Android,Tier 1,4G,9,2164.62,high,0,1
TXN_014829,UPI,Android,Tier 1,4G,3,440.79,low,0,1
TXN_014830,Netbanking,Android,Tier 2,4G,9,157.02,low,0,1
TXN_014831,Card,Android,Tier 1,4G,21,2386.67,high,0,1
TXN_014832,Card,Android,Tier 1,3G,0,1614.78,med,1,0
TXN_014833,UPI,iOS,Tier 2,4G,22,2108.06,high,0,1
TXN_014834,UPI,iOS,Tier 2,4G,13,432.51,low,1,1
TXN_014835,UPI,Android,Tier 1,Wifi,17,900.32,med,4,0
TXN_014836,UPI,Android,Tier 1,4G,21,1248.04,med,2,0
TXN_014837,UPI,Android,Tier 3,4G,8,1981.17,med,0,1
TXN_014838,UPI,Android,Tier 2,5G,9,1459.82,med,0,1
TXN_014839,UPI,iOS,Tier 1,5G,18,447.97,low,1,1
TXN_014840,PayLater,Desktop,Tier 1,5G,3,959.01,med,0,0
TXN_014841,PayLater,iOS,Tier 2,4G,20,209.36,low,0,1
TXN_014842,UPI,iOS,Tier 1,Wifi,23,1085.84,med,2,1
TXN_014843,UPI,iOS,Tier 3,4G,12,7470.52,high,0,1
TXN_014844,UPI,Android,Tier 2,4G,9,102.82,low,0,1
TXN_014845,UPI,Android,Tier 2,4G,12,682.26,med,1,1
TXN_014846,Wallet,iOS,Tier 3,5G,21,678.15,med,0,1
TXN_014847,UPI,Android,Tier 1,5G,11,1078.35,med,0,1
TXN_014848,Netbanking,Android,Tier 1,5G,23,592.11,med,0,1
TXN_014849,UPI,Android,Tier 2,5G,2,209.43,low,0,1
TXN_014850,PayLater,iOS,Tier 2,4G,18,1336.05,med,0,1
TXN_014851,UPI,Android,Tier 1,4G,8,1960.21,med,0,1
TXN_014852,Netbanking,Android,Tier 1,5G,12,4348.66,high,0,1
TXN_014853,UPI,Desktop,Tier 1,4G,21,1486.2,med,0,0
TXN_014854,Card,Android,Tier 1,4G,7,2877.02,high,0,0
TXN_014855,UPI,Desktop,Tier 2,Wifi,3,313.7,low,0,1
TXN_014856,UPI,Android,Tier 2,5G,20,413.83,low,0,1
TXN_014857,Wallet,Android,Tier 2,4G,8,89.59,low,1,1
TXN_014858,Wallet,iOS,Tier 1,5G,6,2509.88,high,2,0
TXN_014859,Wallet,Android,Tier 1,5G,20,730.37,med,0,1
TXN_014860,Card,Android,Tier 1,4G,22,1290.86,med,0,1
TXN_014861,Netbanking,Android,Tier 1,4G,10,2351.54,high,0,1
TXN_014862,UPI,Android,Tier 1,4G,14,2902.63,high,0,1
TXN_014863,UPI,Android,Tier 1,4G,12,474.17,low,0,0
TXN_014864,UPI,Android,Tier 2,4G,2,395.1,low,0,1
TXN_014865,Card,Android,Tier 2,Wifi,2,532.37,med,0,1
TXN_014866,UPI,iOS,Tier 1,4G,19,250.39,low,0,1
TXN_014867,UPI,Android,Tier 3,Wifi,10,1070.76,med,1,1
TXN_014868,Card,Android,Tier 3,4G,22,3099.11,high,2,1
TXN_014869,Netbanking,Android,Tier 3,4G,20,97.99,low,0,1
TXN_014870,UPI,Android,Tier 3,Wifi,4,557.05,med,2,1
TXN_014871,UPI,Desktop,Tier 2,4G,19,177.85,low,0,0
TXN_014872,UPI,Android,Tier 2,Wifi,23,324.75,low,1,1
TXN_014873,UPI,iOS,Tier 1,4G,18,510.5,med,0,1
TXN_014874,UPI,Android,Tier 2,Wifi,11,4045.69,high,0,0
TXN_014875,Card,Android,Tier 2,4G,17,6706.7,high,0,1
TXN_014876,Card,Android,Tier 2,4G,3,2177.38,high,0,1
TXN_014877,Card,Android,Tier 2,5G,7,1013.57,med,0,0
TXN_014878,UPI,Android,Tier 2,Wifi,13,1046.02,med,1,1
TXN_014879,Netbanking,Android,Tier 2,4G,15,2208.82,high,0,1
TXN_014880,UPI,Android,Tier 1,3G,19,2333.8,high,0,1
TXN_014881,UPI,iOS,Tier 2,5G,7,1896.52,med,0,1
TXN_014882,Netbanking,iOS,Tier 3,4G,4,3004.51,high,1,0
TXN_014883,UPI,Android,Tier 3,4G,8,410.73,low,1,1
TXN_014884,UPI,Android,Tier 3,4G,1,726.88,med,0,1
TXN_014885,Wallet,Android,Tier 1,4G,7,2171.64,high,0,0
TXN_014886,UPI,Desktop,Tier 3,4G,6,510.43,med,3,0
TXN_014887,Card,Android,Tier 1,Wifi,17,13315.25,ultra_high,0,1
TXN_014888,UPI,Android,Tier 3,5G,20,2013.29,high,0,1
TXN_014889,Card,Android,Tier 1,4G,21,553.49,med,0,1
TXN_014890,UPI,Android,Tier 2,4G,8,6909.16,high,1,0
TXN_014891,UPI,Android,Tier 2,Wifi,10,2291.27,high,0,1
TXN_014892,Card,Android,Tier 2,4G,11,371.62,low,0,1
TXN_014893,UPI,iOS,Tier 2,4G,7,1151.11,med,0,1
TXN_014894,UPI,Android,Tier 2,5G,22,341.91,low,0,1
TXN_014895,UPI,Android,Tier 2,5G,16,1500.39,med,0,1
TXN_014896,UPI,Android,Tier 1,3G,18,251.3,low,4,0
TXN_014897,UPI,Android,Tier 2,3G,0,1055.69,med,0,1
TXN_014898,UPI,Desktop,Tier 1,Wifi,21,830.05,med,0,1
TXN_014899,Wallet,iOS,Tier 2,4G,2,1549.76,med,0,1
TXN_014900,UPI,Android,Tier 1,4G,13,1856.57,med,0,1
TXN_014901,UPI,Android,Tier 2,5G,17,1841.73,med,0,1
TXN_014902,UPI,Android,Tier 2,4G,1,1110.0,med,0,1
TXN_014903,UPI,Android,Tier 1,4G,7,267.12,low,0,1
TXN_014904,Wallet,Android,Tier 2,4G,16,1144.59,med,0,1
TXN_014905,UPI,Desktop,Tier 2,4G,8,619.29,med,0,1
TXN_014906,PayLater,Android,Tier 3,4G,11,6086.94,high,0,0
TXN_014907,UPI,Android,Tier 3,4G,6,2081.0,high,2,1
TXN_014908,Card,iOS,Tier 2,4G,0,112.57,low,1,1
TXN_014909,UPI,Android,Tier 2,Wifi,20,1197.75,med,1,1
TXN_014910,Wallet,Desktop,Tier 1,5G,20,16839.71,ultra_high,1,0
TXN_014911,Card,Android,Tier 1,Wifi,13,300.93,low,0,0
TXN_014912,UPI,Desktop,Tier 1,4G,1,1780.75,med,0,1
TXN_014913,UPI,Android,Tier 3,4G,16,540.45,med,4,0
TXN_014914,UPI,Android,Tier 1,4G,6,6254.07,high,0,1
TXN_014915,Wallet,Android,Tier 2,5G,14,404.0,low,2,1
TXN_014916,UPI,Android,Tier 1,Wifi,8,778.65,med,0,1
TXN_014917,UPI,Android,Tier 1,4G,7,1898.1,med,0,1
TXN_014918,Netbanking,Desktop,Tier 1,Wifi,6,181.54,low,0,1
TXN_014919,UPI,iOS,Tier 2,5G,3,738.57,med,0,1
TXN_014920,PayLater,Android,Tier 2,4G,9,1706.84,med,0,1
TXN_014921,Card,Android,Tier 2,5G,6,58.39,low,0,1
TXN_014922,Card,iOS,Tier 2,5G,14,2493.25,high,1,1
TXN_014923,Wallet,iOS,Tier 3,4G,12,231.61,low,0,1
TXN_014924,UPI,Android,Tier 2,4G,7,216.46,low,0,1
TXN_014925,UPI,Desktop,Tier 2,Wifi,8,4134.45,high,0,1
TXN_014926,UPI,Android,Tier 2,5G,8,438.6,low,0,1
TXN_014927,UPI,Android,Tier 1,4G,4,108.04,low,2,1
TXN_014928,Card,Android,Tier 3,Wifi,20,1173.82,med,0,1
TXN_014929,Wallet,iOS,Tier 1,4G,5,3079.06,high,2,0
TXN_014930,UPI,Android,Tier 1,4G,15,329.61,low,2,0
TXN_014931,UPI,Android,Tier 2,4G,15,1294.25,med,3,0
TXN_014932,PayLater,Android,Tier 2,Wifi,23,904.84,med,0,0
TXN_014933,UPI,Android,Tier 1,5G,13,254.37,low,0,1
TXN_014934,UPI,Android,Tier 2,5G,18,314.89,low,0,1
TXN_014935,UPI,Android,Tier 2,3G,18,1903.31,med,2,1
TXN_014936,Wallet,Android,Tier 2,Wifi,15,2443.62,high,1,0
TXN_014937,Card,Android,Tier 2,4G,4,1007.2,med,0,0
TXN_014938,Netbanking,iOS,Tier 2,Wifi,0,26.81,low,0,0
TXN_014939,Netbanking,Android,Tier 1,5G,4,9129.49,high,0,0
TXN_014940,UPI,iOS,Tier 1,4G,8,6911.01,high,0,1
TXN_014941,UPI,Android,Tier 1,4G,20,2218.05,high,0,1
TXN_014942,Netbanking,Android,Tier 2,5G,6,256.68,low,1,1
TXN_014943,UPI,Android,Tier 2,4G,9,200.68,low,0,1
TXN_014944,Netbanking,Android,Tier 2,4G,23,841.94,med,1,1
TXN_014945,Wallet,Android,Tier 2,5G,14,427.84,low,0,1
TXN_014946,Card,iOS,Tier 2,Wifi,20,3569.62,high,0,1
TXN_014947,Card,Desktop,Tier 1,4G,11,2987.02,high,0,1
TXN_014948,Netbanking,Android,Tier 1,4G,12,150.8,low,1,1
TXN_014949,Netbanking,Android,Tier 3,5G,17,3690.15,high,0,0
TXN_014950,UPI,Desktop,Tier 2,5G,20,680.84,med,0,1
TXN_014951,UPI,Android,Tier 2,3G,9,397.95,low,0,1
TXN_014952,UPI,Android,Tier 2,5G,23,834.94,med,0,1
TXN_014953,Card,Desktop,Tier 2,5G,0,212.66,low,0,1
TXN_014954,UPI,Desktop,Tier 2,3G,3,3944.05,high,0,0
TXN_014955,Card,Android,Tier 1,4G,16,732.68,med,0,0
TXN_014956,UPI,Android,Tier 3,4G,20,3314.57,high,0,1
TXN_014957,Card,Android,Tier 1,5G,12,3257.37,high,0,1
TXN_014958,UPI,iOS,Tier 1,4G,1,461.6,low,0,1
TXN_014959,Card,Desktop,Tier 1,4G,14,1025.93,med,0,1
TXN_014960,UPI,Android,Tier 2,4G,11,367.26,low,0,1
TXN_014961,UPI,iOS,Tier 2,5G,1,4283.74,high,0,1
TXN_014962,UPI,iOS,Tier 2,Wifi,6,493.18,low,0,1
TXN_014963,Card,Android,Tier 3,4G,3,1988.1,med,0,1
TXN_014964,UPI,iOS,Tier 1,5G,13,2976.98,high,1,1
TXN_014965,UPI,Android,Tier 2,4G,17,6408.3,high,0,1
TXN_014966,PayLater,Android,Tier 2,5G,10,3261.01,high,0,1
TXN_014967,Card,Android,Tier 3,5G,2,641.82,med,1,1
TXN_014968,PayLater,iOS,Tier 1,Wifi,2,5144.72,high,1,0
TXN_014969,UPI,Android,Tier 3,4G,17,3219.08,high,1,1
TXN_014970,UPI,Android,Tier 1,4G,22,163.11,low,0,0
TXN_014971,Wallet,iOS,Tier 2,4G,0,3354.31,high,0,1
TXN_014972,UPI,Android,Tier 2,5G,12,1537.72,med,0,1
TXN_014973,Card,Desktop,Tier 3,Wifi,4,767.47,med,1,1
TXN_014974,UPI,Android,Tier 1,Wifi,3,782.04,med,0,1
TXN_014975,UPI,Android,Tier 1,4G,2,867.22,med,1,1
TXN_014976,UPI,Android,Tier 1,Wifi,18,581.25,med,0,1
TXN_014977,UPI,Desktop,Tier 2,4G,12,1478.15,med,0,1
TXN_014978,UPI,Android,Tier 2,4G,15,3268.49,high,0,1
TXN_014979,UPI,Android,Tier 3,Wifi,18,252.66,low,0,1
TXN_014980,PayLater,iOS,Tier 2,4G,0,95.2,low,2,1
TXN_014981,UPI,Android,Tier 1,4G,17,950.11,med,0,1
TXN_014982,Card,Desktop,Tier 1,4G,6,3029.89,high,2,1
TXN_014983,Netbanking,iOS,Tier 1,4G,2,2100.37,high,1,1
TXN_014984,Card,Android,Tier 2,4G,21,512.07,med,0,1
TXN_014985,UPI,Android,Tier 3,Wifi,19,671.2,med,0,1
TXN_014986,Card,Android,Tier 3,4G,9,91.95,low,1,1
TXN_014987,Card,Android,Tier 2,4G,20,4617.19,high,0,1
TXN_014988,Card,iOS,Tier 1,4G,7,523.1,med,0,1
TXN_014989,Netbanking,Desktop,Tier 1,5G,1,1058.53,med,2,0
TXN_014990,PayLater,Android,Tier 2,5G,9,634.62,med,0,1
TXN_014991,Card,Android,Tier 3,Wifi,20,323.04,low,0,1
TXN_014992,UPI,Android,Tier 1,3G,17,443.0,low,0,1
TXN_014993,Card,Android,Tier 1,4G,11,509.37,med,1,1
TXN_014994,UPI,Android,Tier 2,3G,13,412.66,low,0,1
TXN_014995,Wallet,Android,Tier 2,4G,1,2102.87,high,0,0
TXN_014996,UPI,Android,Tier 1,4G,16,2178.41,high,0,1
TXN_014997,UPI,Android,Tier 3,5G,19,669.09,med,1,1
TXN_014998,Netbanking,Android,Tier 1,4G,11,1043.38,med,2,1
TXN_014999,Card,Android,Tier 3,4G,6,5347.93,high,0,1
TXN_015000,UPI,iOS,Tier 1,Wifi,14,134.19,low,2,1
TXN_015001,UPI,Android,Tier 1,Wifi,1,5681.88,high,0,1
TXN_015002,Netbanking,iOS,Tier 1,4G,11,6182.35,high,1,0
TXN_015003,UPI,Android,Tier 1,5G,16,2315.98,high,1,1
TXN_015004,Netbanking,iOS,Tier 2,Wifi,0,1520.16,med,0,0
TXN_015005,UPI,iOS,Tier 2,Wifi,7,1523.46,med,0,1
TXN_015006,Netbanking,Android,Tier 2,5G,4,153.94,low,2,0
TXN_015007,Netbanking,Android,Tier 2,5G,7,1815.15,med,0,1
TXN_015008,UPI,Desktop,Tier 1,5G,21,3373.26,high,0,1
TXN_015009,UPI,Android,Tier 1,5G,19,201.03,low,0,1
TXN_015010,UPI,Desktop,Tier 3,5G,13,269.81,low,0,1
TXN_015011,Card,iOS,Tier 3,5G,5,5203.57,high,4,0
TXN_015012,UPI,Android,Tier 1,4G,17,677.06,med,0,1
TXN_015013,Card,Android,Tier 2,3G,4,2684.27,high,0,1
TXN_015014,UPI,Android,Tier 2,4G,9,277.43,low,0,1
TXN_015015,UPI,Desktop,Tier 1,4G,14,2002.61,high,1,1
TXN_015016,UPI,Android,Tier 2,5G,2,1957.41,med,1,1
TXN_015017,UPI,Android,Tier 2,4G,2,74.79,low,0,1
TXN_015018,Card,Android,Tier 1,5G,16,2264.5,high,3,0
TXN_015019,Netbanking,iOS,Tier 1,4G,13,468.88,low,0,1
TXN_015020,Card,Android,Tier 2,5G,23,1342.55,med,1,1
TXN_015021,UPI,Android,Tier 1,Wifi,9,668.09,med,0,1
TXN_015022,PayLater,Android,Tier 1,5G,18,2913.22,high,0,1
TXN_015023,Card,Android,Tier 2,4G,15,3449.91,high,0,1
TXN_015024,Wallet,iOS,Tier 2,3G,16,4962.18,high,0,0
TXN_015025,UPI,Android,Tier 1,4G,19,4150.62,high,0,1
TXN_015026,UPI,iOS,Tier 3,4G,12,3216.48,high,0,1
TXN_015027,UPI,iOS,Tier 2,4G,0,765.31,med,0,1
TXN_015028,Card,Android,Tier 1,3G,0,734.45,med,1,0
TXN_015029,UPI,Android,Tier 2,4G,16,507.23,med,2,1
TXN_015030,UPI,Android,Tier 2,5G,17,366.47,low,0,1
TXN_015031,UPI,Android,Tier 1,4G,16,137.91,low,0,1
TXN_015032,Card,Android,Tier 2,4G,11,1850.3,med,0,1
TXN_015033,Card,iOS,Tier 2,Wifi,5,869.7,med,1,0
TXN_015034,UPI,Android,Tier 2,5G,6,1118.6,med,0,1
TXN_015035,UPI,iOS,Tier 2,5G,16,2077.0,high,1,0
TXN_015036,Card,Android,Tier 2,4G,15,944.69,med,0,0
TXN_015037,PayLater,Android,Tier 1,5G,0,578.91,med,0,1
TXN_015038,Card,Desktop,Tier 2,Wifi,10,712.53,med,0,1
TXN_015039,Wallet,Android,Tier 2,4G,9,440.9,low,0,1
TXN_015040,Netbanking,Android,Tier 3,5G,0,3049.99,high,0,0
TXN_015041,Card,Android,Tier 2,3G,10,178.63,low,0,1
TXN_015042,UPI,Android,Tier 2,Wifi,23,1525.3,med,0,1
TXN_015043,Card,Android,Tier 3,4G,2,1026.1,med,0,1
TXN_015044,Card,Android,Tier 1,5G,22,175.66,low,0,1
TXN_015045,Card,Android,Tier 1,Wifi,15,717.94,med,1,1
TXN_015046,UPI,Android,Tier 1,4G,0,1919.14,med,0,1
TXN_015047,UPI,Desktop,Tier 1,5G,6,713.45,med,1,1
TXN_015048,UPI,Android,Tier 2,3G,10,356.8,low,0,1
TXN_015049,UPI,Android,Tier 1,Wifi,16,957.04,med,1,1
TXN_015050,UPI,Android,Tier 1,Wifi,18,159.92,low,0,1
TXN_015051,Netbanking,Android,Tier 1,4G,13,457.79,low,0,1
TXN_015052,UPI,Android,Tier 2,3G,22,228.32,low,0,1
TXN_015053,UPI,Android,Tier 3,5G,15,1207.84,med,0,1
TXN_015054,UPI,Android,Tier 3,4G,16,3272.05,high,0,1
TXN_015055,Card,Android,Tier 1,5G,13,1508.59,med,1,1
TXN_015056,UPI,Android,Tier 2,Wifi,8,6971.94,high,3,1
TXN_015057,UPI,Desktop,Tier 1,4G,20,3176.38,high,2,1
TXN_015058,Card,Android,Tier 1,Wifi,12,313.26,low,0,1
TXN_015059,UPI,Android,Tier 3,Wifi,1,706.41,med,0,1
TXN_015060,Wallet,Android,Tier 2,4G,19,1451.44,med,1,1
TXN_015061,Wallet,Android,Tier 1,Wifi,7,373.93,low,2,1
TXN_015062,UPI,iOS,Tier 2,Wifi,3,1583.15,med,0,1
TXN_015063,UPI,Android,Tier 1,4G,4,1469.27,med,0,1
TXN_015064,Card,iOS,Tier 1,4G,14,1275.15,med,1,1
TXN_015065,UPI,Android,Tier 2,4G,1,810.21,med,0,1
TXN_015066,UPI,Android,Tier 1,4G,20,271.62,low,1,1
TXN_015067,UPI,Desktop,Tier 3,5G,22,1463.73,med,0,1
TXN_015068,Wallet,iOS,Tier 2,4G,8,984.82,med,1,1
TXN_015069,UPI,iOS,Tier 3,Wifi,7,368.36,low,0,1
TXN_015070,Card,Android,Tier 2,3G,10,963.39,med,0,0
TXN_015071,Card,Android,Tier 2,4G,21,584.25,med,0,1
TXN_015072,UPI,Android,Tier 2,5G,12,1628.13,med,0,1
TXN_015073,UPI,Android,Tier 1,5G,6,1642.45,med,1,1
TXN_015074,PayLater,Android,Tier 2,5G,18,477.4,low,0,1
TXN_015075,UPI,Android,Tier 1,4G,14,846.64,med,3,1
TXN_015076,Card,Android,Tier 1,4G,11,506.22,med,0,1
TXN_015077,UPI,Android,Tier 2,4G,12,5078.36,high,0,1
TXN_015078,UPI,iOS,Tier 2,4G,0,604.19,med,2,1
TXN_015079,UPI,Desktop,Tier 3,Wifi,20,1276.85,med,1,1
TXN_015080,UPI,Android,Tier 1,4G,7,7862.93,high,0,1
TXN_015081,UPI,Android,Tier 2,4G,14,43.74,low,2,1
TXN_015082,Netbanking,Android,Tier 3,5G,21,1945.04,med,0,0
TXN_015083,UPI,Desktop,Tier 1,4G,13,1661.64,med,0,1
TXN_015084,UPI,Android,Tier 1,4G,7,430.24,low,4,1
TXN_015085,UPI,iOS,Tier 1,5G,23,172.15,low,4,1
TXN_015086,Netbanking,iOS,Tier 3,5G,2,526.2,med,0,1
TXN_015087,UPI,Android,Tier 1,4G,11,649.2,med,0,1
TXN_015088,Card,Android,Tier 1,4G,14,1339.74,med,0,0
TXN_015089,UPI,Desktop,Tier 2,4G,21,172.65,low,2,1
TXN_015090,UPI,Android,Tier 3,5G,15,281.07,low,2,1
TXN_015091,UPI,Android,Tier 3,5G,6,508.8,med,0,1
TXN_015092,Netbanking,Desktop,Tier 2,4G,17,10181.33,ultra_high,2,1
TXN_015093,UPI,Android,Tier 3,4G,12,571.77,med,0,1
TXN_015094,UPI,iOS,Tier 1,Wifi,22,342.4,low,0,1
TXN_015095,UPI,Desktop,Tier 1,Wifi,5,2324.53,high,0,1
TXN_015096,Netbanking,iOS,Tier 3,Wifi,1,127.18,low,0,1
TXN_015097,UPI,Android,Tier 2,4G,1,315.3,low,4,1
TXN_015098,UPI,Android,Tier 1,5G,21,83.09,low,0,1
TXN_015099,UPI,Android,Tier 2,5G,18,804.14,med,0,1
TXN_015100,UPI,iOS,Tier 3,Wifi,5,448.64,low,0,1
TXN_015101,Card,iOS,Tier 3,Wifi,9,4422.3,high,1,1
TXN_015102,Card,Android,Tier 3,4G,16,1142.08,med,0,1
TXN_015103,UPI,Android,Tier 2,4G,18,831.71,med,0,1
TXN_015104,UPI,Android,Tier 3,4G,15,269.68,low,0,1
TXN_015105,UPI,iOS,Tier 2,4G,17,655.98,med,0,1
TXN_015106,UPI,iOS,Tier 2,Wifi,18,2708.22,high,0,1
TXN_015107,UPI,Desktop,Tier 2,4G,1,285.31,low,0,1
TXN_015108,Netbanking,iOS,Tier 2,4G,2,2540.49,high,0,0
TXN_015109,PayLater,iOS,Tier 1,Wifi,14,227.61,low,0,1
TXN_015110,PayLater,iOS,Tier 1,4G,14,690.02,med,0,0
TXN_015111,Netbanking,Android,Tier 2,4G,11,2137.77,high,0,1
TXN_015112,Card,Android,Tier 1,4G,19,1878.31,med,0,1
TXN_015113,Card,Desktop,Tier 1,5G,12,315.31,low,0,1
TXN_015114,UPI,Android,Tier 1,4G,22,444.31,low,2,1
TXN_015115,Card,Android,Tier 1,4G,1,815.31,med,0,0
TXN_015116,UPI,Android,Tier 2,4G,17,7328.42,high,0,1
TXN_015117,UPI,Android,Tier 1,5G,14,6952.81,high,0,1
TXN_015118,Netbanking,Android,Tier 1,4G,17,3532.2,high,1,0
TXN_015119,UPI,Android,Tier 2,Wifi,12,2585.99,high,1,1
TXN_015120,UPI,Android,Tier 3,4G,5,176.51,low,1,1
TXN_015121,Wallet,Android,Tier 1,4G,7,3885.23,high,1,1
TXN_015122,UPI,Android,Tier 1,5G,15,246.39,low,0,1
TXN_015123,UPI,iOS,Tier 3,4G,19,277.84,low,0,1
TXN_015124,Wallet,Android,Tier 1,4G,2,1346.37,med,0,1
TXN_015125,Card,Android,Tier 3,Wifi,16,907.64,med,0,1
TXN_015126,UPI,Android,Tier 1,4G,17,877.75,med,0,1
TXN_015127,UPI,Android,Tier 1,5G,11,198.51,low,1,1
TXN_015128,UPI,Android,Tier 1,4G,6,569.57,med,1,1
TXN_015129,Netbanking,iOS,Tier 1,Wifi,11,191.62,low,4,1
TXN_015130,Card,iOS,Tier 3,3G,2,3520.22,high,0,1
TXN_015131,UPI,Android,Tier 3,4G,11,86.94,low,1,1
TXN_015132,UPI,Android,Tier 3,5G,14,1817.33,med,1,1
TXN_015133,UPI,Android,Tier 3,4G,16,562.12,med,1,1
TXN_015134,PayLater,Desktop,Tier 3,Wifi,11,175.07,low,0,1
TXN_015135,UPI,Desktop,Tier 2,4G,8,1755.71,med,0,1
TXN_015136,Card,Android,Tier 3,5G,21,2153.25,high,0,1
TXN_015137,UPI,Android,Tier 1,5G,0,637.37,med,0,1
TXN_015138,Card,iOS,Tier 1,4G,15,4860.06,high,0,1
TXN_015139,Wallet,iOS,Tier 2,4G,14,386.01,low,1,1
TXN_015140,Card,Android,Tier 3,4G,10,4181.59,high,0,1
TXN_015141,UPI,Desktop,Tier 2,Wifi,4,3692.84,high,0,1
TXN_015142,Card,Android,Tier 3,4G,6,112.73,low,1,0
TXN_015143,Netbanking,Android,Tier 2,5G,2,14918.15,ultra_high,1,1
TXN_015144,UPI,iOS,Tier 2,4G,12,1155.3,med,0,1
TXN_015145,Wallet,Android,Tier 3,4G,23,1635.56,med,0,0
TXN_015146,Card,iOS,Tier 1,5G,12,186.97,low,4,0
TXN_015147,Wallet,Android,Tier 3,Wifi,18,8099.88,high,1,1
TXN_015148,Card,Android,Tier 2,5G,9,823.11,med,1,0
TXN_015149,UPI,Android,Tier 2,Wifi,6,442.99,low,1,1
TXN_015150,UPI,Android,Tier 3,5G,19,1137.27,med,4,1
TXN_015151,UPI,Android,Tier 2,5G,20,664.69,med,0,1
TXN_015152,Wallet,Desktop,Tier 2,4G,22,1702.05,med,1,1
TXN_015153,Netbanking,Android,Tier 2,Wifi,14,251.17,low,1,1
TXN_015154,Card,iOS,Tier 1,5G,17,3904.21,high,0,1
TXN_015155,UPI,Android,Tier 2,5G,19,4807.23,high,3,1
TXN_015156,UPI,iOS,Tier 1,5G,6,1390.45,med,0,1
TXN_015157,Netbanking,Android,Tier 3,4G,2,1868.8,med,0,1
TXN_015158,UPI,Android,Tier 1,4G,19,210.81,low,0,1
TXN_015159,UPI,Android,Tier 2,4G,9,232.83,low,0,1
TXN_015160,Card,Android,Tier 3,5G,14,845.07,med,0,0
TXN_015161,UPI,Android,Tier 3,4G,11,284.11,low,3,1
TXN_015162,UPI,Android,Tier 2,4G,15,25.77,low,0,1
TXN_015163,UPI,Desktop,Tier 2,Wifi,23,1601.51,med,0,1
TXN_015164,UPI,iOS,Tier 1,5G,18,6314.04,high,0,1
TXN_015165,PayLater,Desktop,Tier 1,4G,11,1689.2,med,1,1
TXN_015166,UPI,Android,Tier 1,Wifi,20,879.81,med,0,1
TXN_015167,UPI,Desktop,Tier 3,4G,1,3605.35,high,0,1
TXN_015168,UPI,iOS,Tier 1,5G,7,1403.84,med,0,1
TXN_015169,Netbanking,Android,Tier 2,5G,23,341.06,low,0,0
TXN_015170,UPI,Android,Tier 1,4G,12,275.79,low,3,1
TXN_015171,Card,Android,Tier 2,4G,0,253.77,low,1,1
TXN_015172,UPI,Android,Tier 2,4G,1,556.87,med,1,1
TXN_015173,UPI,Android,Tier 3,4G,13,2238.39,high,1,1
TXN_015174,UPI,Android,Tier 1,4G,3,1435.88,med,0,1
TXN_015175,Netbanking,Android,Tier 1,3G,5,4933.7,high,0,0
TXN_015176,Wallet,Android,Tier 1,4G,12,727.21,med,0,1
TXN_015177,UPI,Android,Tier 1,Wifi,8,365.62,low,0,1
TXN_015178,UPI,iOS,Tier 2,5G,15,3133.67,high,0,1
TXN_015179,Wallet,iOS,Tier 1,5G,0,484.56,low,3,1
TXN_015180,UPI,Desktop,Tier 1,4G,8,1396.17,med,0,0
TXN_015181,Netbanking,Android,Tier 3,4G,23,1816.85,med,2,0
TXN_015182,UPI,Android,Tier 2,5G,6,11542.83,ultra_high,4,0
TXN_015183,Wallet,Android,Tier 1,Wifi,17,510.49,med,1,1
TXN_015184,Netbanking,Android,Tier 1,4G,15,3664.5,high,0,0
TXN_015185,Wallet,Android,Tier 1,5G,6,733.94,med,1,1
TXN_015186,Card,Android,Tier 2,4G,17,3970.22,high,0,1
TXN_015187,UPI,Desktop,Tier 2,4G,8,588.98,med,0,1
TXN_015188,Wallet,Android,Tier 2,5G,19,1920.72,med,0,1
TXN_015189,UPI,Android,Tier 1,5G,1,19297.04,ultra_high,0,1
TXN_015190,UPI,Android,Tier 2,4G,4,190.63,low,0,1
TXN_015191,Card,Android,Tier 2,4G,8,2882.84,high,0,1
TXN_015192,Netbanking,Android,Tier 2,4G,3,3995.27,high,2,1
TXN_015193,Wallet,Android,Tier 3,3G,15,529.67,med,0,0
TXN_015194,UPI,Android,Tier 1,4G,20,5831.6,high,0,1
TXN_015195,Netbanking,Android,Tier 1,4G,23,218.47,low,0,1
TXN_015196,Card,Android,Tier 3,4G,2,2469.32,high,0,1
TXN_015197,UPI,Android,Tier 1,4G,5,1404.6,med,1,1
TXN_015198,UPI,Android,Tier 1,5G,16,2648.57,high,0,1
TXN_015199,UPI,iOS,Tier 2,4G,18,771.72,med,2,0
TXN_015200,UPI,Android,Tier 2,5G,7,2948.66,high,1,1
TXN_015201,PayLater,iOS,Tier 3,4G,9,3266.13,high,0,0
TXN_015202,Card,Android,Tier 1,5G,9,95.99,low,0,1
TXN_015203,Card,Android,Tier 1,4G,15,544.68,med,0,1
TXN_015204,PayLater,Android,Tier 1,Wifi,5,976.95,med,0,0
TXN_015205,UPI,Android,Tier 2,4G,19,669.79,med,0,1
TXN_015206,Netbanking,Android,Tier 1,5G,7,1703.74,med,1,1
TXN_015207,UPI,Android,Tier 2,Wifi,2,93.51,low,0,1
TXN_015208,Netbanking,iOS,Tier 1,5G,1,636.05,med,0,1
TXN_015209,UPI,iOS,Tier 1,4G,9,1183.76,med,0,1
TXN_015210,Wallet,iOS,Tier 2,3G,7,1155.48,med,0,1
TXN_015211,UPI,Android,Tier 3,4G,11,245.68,low,3,1
TXN_015212,UPI,Android,Tier 3,Wifi,19,10444.9,ultra_high,1,1
TXN_015213,Netbanking,Android,Tier 3,4G,11,304.28,low,0,1
TXN_015214,UPI,Android,Tier 2,4G,8,1145.54,med,1,1
TXN_015215,Card,Android,Tier 1,4G,18,499.53,low,0,1
TXN_015216,UPI,Android,Tier 1,4G,21,2702.35,high,0,1
TXN_015217,Card,iOS,Tier 2,4G,14,5066.07,high,0,1
TXN_015218,UPI,Android,Tier 1,4G,13,1383.1,med,0,1
TXN_015219,UPI,Android,Tier 1,3G,4,1721.2,med,0,1
TXN_015220,UPI,Android,Tier 1,5G,17,496.1,low,0,1
TXN_015221,UPI,Android,Tier 2,4G,11,402.09,low,0,1
TXN_015222,UPI,Desktop,Tier 1,4G,5,55.81,low,0,1
TXN_015223,UPI,Android,Tier 1,5G,19,341.71,low,0,1
TXN_015224,UPI,Desktop,Tier 2,4G,20,316.22,low,0,1
TXN_015225,UPI,Android,Tier 1,Wifi,10,1433.41,med,0,1
TXN_015226,Card,Android,Tier 2,5G,14,197.56,low,0,1
TXN_015227,Wallet,iOS,Tier 2,5G,21,380.84,low,0,1
TXN_015228,UPI,Android,Tier 1,5G,22,3120.56,high,1,1
TXN_015229,Card,Android,Tier 3,5G,3,265.25,low,0,1
TXN_015230,Card,Android,Tier 1,4G,23,235.99,low,2,1
TXN_015231,UPI,Android,Tier 2,4G,13,7580.0,high,0,1
TXN_015232,Card,iOS,Tier 2,4G,4,8951.64,high,0,1
TXN_015233,UPI,iOS,Tier 3,5G,22,761.21,med,0,1
TXN_015234,UPI,iOS,Tier 2,4G,21,2420.18,high,0,1
TXN_015235,UPI,Android,Tier 1,5G,20,1902.53,med,1,1
TXN_015236,Card,Android,Tier 2,4G,22,1967.6,med,3,1
TXN_015237,Card,Android,Tier 1,4G,10,534.77,med,1,1
TXN_015238,UPI,iOS,Tier 2,4G,19,1217.92,med,0,1
TXN_015239,UPI,Desktop,Tier 1,5G,6,1192.58,med,0,1
TXN_015240,PayLater,Android,Tier 2,Wifi,12,1598.68,med,0,1
TXN_015241,UPI,Android,Tier 1,5G,18,1052.47,med,0,1
TXN_015242,UPI,Android,Tier 2,Wifi,23,1305.05,med,0,1
TXN_015243,Wallet,Android,Tier 2,3G,3,487.47,low,0,1
TXN_015244,Card,Android,Tier 1,5G,19,416.4,low,1,1
TXN_015245,Card,Android,Tier 3,4G,11,2669.4,high,0,1
TXN_015246,Netbanking,Android,Tier 2,4G,13,812.38,med,1,1
TXN_015247,Netbanking,iOS,Tier 1,4G,0,439.51,low,0,1
TXN_015248,UPI,iOS,Tier 1,3G,7,15410.57,ultra_high,0,1
TXN_015249,UPI,Desktop,Tier 2,4G,15,12490.57,ultra_high,0,1
TXN_015250,UPI,Android,Tier 1,4G,20,211.9,low,0,1
TXN_015251,PayLater,Android,Tier 3,Wifi,18,670.22,med,3,1
TXN_015252,Card,Android,Tier 1,4G,4,5178.86,high,0,1
TXN_015253,UPI,Android,Tier 1,5G,13,324.95,low,1,1
TXN_015254,Netbanking,Android,Tier 3,Wifi,11,339.86,low,0,1
TXN_015255,UPI,iOS,Tier 3,Wifi,11,1093.02,med,1,1
TXN_015256,UPI,Android,Tier 1,Wifi,19,1997.55,med,1,1
TXN_015257,UPI,Desktop,Tier 2,Wifi,11,270.81,low,0,1
TXN_015258,UPI,iOS,Tier 1,5G,10,2517.38,high,0,1
TXN_015259,Wallet,iOS,Tier 2,4G,14,5843.51,high,1,1
TXN_015260,UPI,iOS,Tier 3,5G,6,331.81,low,4,1
TXN_015261,Netbanking,Android,Tier 1,Wifi,9,488.41,low,1,1
TXN_015262,Card,iOS,Tier 1,4G,4,2001.67,high,3,1
TXN_015263,UPI,Android,Tier 1,4G,14,442.78,low,1,1
TXN_015264,PayLater,iOS,Tier 1,4G,1,64.64,low,1,0
TXN_015265,UPI,Android,Tier 1,5G,21,733.49,med,2,0
TXN_015266,UPI,Android,Tier 3,4G,12,628.62,med,0,0
TXN_015267,UPI,Android,Tier 1,5G,13,268.23,low,1,1
TXN_015268,Netbanking,Android,Tier 2,4G,19,2811.87,high,0,1
TXN_015269,UPI,Android,Tier 3,4G,5,704.08,med,0,1
TXN_015270,UPI,Android,Tier 2,4G,0,3347.35,high,1,1
TXN_015271,UPI,iOS,Tier 2,5G,14,74.68,low,3,1
TXN_015272,UPI,Android,Tier 1,4G,10,52.52,low,0,1
TXN_015273,Netbanking,Android,Tier 2,4G,12,2251.83,high,0,1
TXN_015274,UPI,Android,Tier 1,Wifi,16,142.27,low,1,1
TXN_015275,UPI,Android,Tier 2,Wifi,3,208.09,low,0,1
TXN_015276,UPI,Android,Tier 1,Wifi,22,247.43,low,0,1
TXN_015277,UPI,iOS,Tier 2,5G,10,8021.05,high,0,1
TXN_015278,Wallet,Android,Tier 2,Wifi,22,2049.15,high,3,0
TXN_015279,UPI,Android,Tier 2,5G,0,98.17,low,0,1
TXN_015280,PayLater,Android,Tier 1,Wifi,13,578.44,med,0,1
TXN_015281,UPI,Android,Tier 1,4G,20,796.42,med,0,1
TXN_015282,UPI,Android,Tier 3,4G,21,185.82,low,0,1
TXN_015283,Wallet,iOS,Tier 1,4G,4,585.85,med,0,1
TXN_015284,UPI,Android,Tier 1,Wifi,22,290.38,low,0,0
TXN_015285,Card,Android,Tier 2,5G,21,5529.85,high,4,0
TXN_015286,PayLater,Android,Tier 3,4G,20,733.66,med,0,1
TXN_015287,UPI,Android,Tier 1,5G,4,128.0,low,0,1
TXN_015288,UPI,Android,Tier 2,Wifi,2,1084.18,med,0,1
TXN_015289,Card,Android,Tier 2,Wifi,8,1498.76,med,1,1
TXN_015290,UPI,Android,Tier 1,5G,12,365.22,low,0,1
TXN_015291,UPI,iOS,Tier 2,5G,10,1668.54,med,0,1
TXN_015292,UPI,Android,Tier 3,4G,17,948.41,med,0,1
TXN_015293,UPI,iOS,Tier 3,4G,9,455.54,low,1,1
TXN_015294,Netbanking,Android,Tier 1,Wifi,22,630.41,med,0,1
TXN_015295,UPI,Android,Tier 2,Wifi,5,787.45,med,0,1
TXN_015296,UPI,iOS,Tier 2,5G,23,23.39,low,4,0
TXN_015297,Card,iOS,Tier 1,4G,8,732.49,med,1,0
TXN_015298,UPI,Android,Tier 2,4G,12,2745.25,high,0,1
TXN_015299,UPI,iOS,Tier 1,4G,21,583.95,med,1,1
TXN_015300,Netbanking,Android,Tier 1,5G,17,2955.15,high,0,1
TXN_015301,UPI,Android,Tier 1,5G,9,185.26,low,0,1
TXN_015302,Netbanking,Android,Tier 1,Wifi,14,128.53,low,0,1
TXN_015303,Wallet,Android,Tier 2,5G,11,152.87,low,1,1
TXN_015304,UPI,iOS,Tier 1,4G,19,1121.3,med,0,1
TXN_015305,UPI,Android,Tier 2,4G,14,1461.43,med,0,1
TXN_015306,UPI,Android,Tier 1,Wifi,13,190.59,low,0,1
TXN_015307,UPI,iOS,Tier 2,4G,18,1077.05,med,1,1
TXN_015308,Wallet,Android,Tier 3,5G,18,630.06,med,1,1
TXN_015309,Wallet,Android,Tier 1,5G,20,590.53,med,0,1
TXN_015310,UPI,Android,Tier 2,4G,9,468.35,low,2,0
TXN_015311,Card,Android,Tier 2,4G,0,1081.46,med,0,1
TXN_015312,Wallet,iOS,Tier 2,4G,19,62.01,low,0,1
TXN_015313,PayLater,Android,Tier 1,4G,6,82.77,low,3,1
TXN_015314,UPI,Android,Tier 2,5G,22,691.93,med,0,1
TXN_015315,UPI,iOS,Tier 1,5G,22,2073.0,high,0,1
TXN_015316,UPI,Android,Tier 1,3G,10,1202.92,med,0,1
TXN_015317,PayLater,Android,Tier 2,Wifi,20,2460.32,high,0,0
TXN_015318,UPI,iOS,Tier 1,4G,3,1786.37,med,0,1
TXN_015319,Card,Android,Tier 2,5G,3,52.24,low,0,0
TXN_015320,UPI,Android,Tier 2,5G,20,278.75,low,2,1
TXN_015321,UPI,Android,Tier 2,4G,21,9786.32,high,1,0
TXN_015322,UPI,Android,Tier 1,3G,9,504.5,med,0,1
TXN_015323,PayLater,Android,Tier 3,5G,22,4741.86,high,0,0
TXN_015324,UPI,Android,Tier 2,Wifi,4,52.64,low,4,1
TXN_015325,Card,iOS,Tier 1,3G,15,217.19,low,0,0
TXN_015326,UPI,Android,Tier 1,5G,11,720.08,med,0,1
TXN_015327,UPI,Android,Tier 2,4G,0,1970.54,med,0,1
TXN_015328,UPI,iOS,Tier 3,5G,4,160.6,low,0,1
TXN_015329,UPI,Android,Tier 2,5G,17,848.39,med,0,1
TXN_015330,UPI,iOS,Tier 2,Wifi,3,817.71,med,0,1
TXN_015331,UPI,Android,Tier 1,4G,14,2250.95,high,1,1
TXN_015332,UPI,Android,Tier 1,4G,22,760.39,med,1,1
TXN_015333,UPI,Desktop,Tier 1,Wifi,5,246.32,low,3,0
TXN_015334,PayLater,Android,Tier 2,3G,6,902.14,med,1,1
TXN_015335,Wallet,Desktop,Tier 1,4G,18,5197.79,high,0,1
TXN_015336,UPI,Android,Tier 1,Wifi,13,325.59,low,0,1
TXN_015337,Card,Android,Tier 1,4G,14,841.29,med,1,1
TXN_015338,Wallet,Android,Tier 3,Wifi,20,284.56,low,1,0
TXN_015339,UPI,Android,Tier 2,4G,15,4608.81,high,0,1
TXN_015340,Netbanking,iOS,Tier 1,Wifi,21,396.72,low,0,0
TXN_015341,Wallet,Android,Tier 3,5G,14,3044.31,high,0,0
TXN_015342,UPI,iOS,Tier 1,4G,5,1630.71,med,0,1
TXN_015343,UPI,Android,Tier 1,4G,5,82.4,low,1,1
TXN_015344,PayLater,Android,Tier 1,4G,5,1814.32,med,0,1
TXN_015345,UPI,Android,Tier 1,5G,11,405.46,low,1,1
TXN_015346,UPI,Android,Tier 1,Wifi,1,825.22,med,0,1
TXN_015347,UPI,Android,Tier 2,5G,3,270.72,low,0,1
TXN_015348,UPI,Android,Tier 2,Wifi,22,27102.1,ultra_high,1,1
TXN_015349,Card,Android,Tier 2,Wifi,5,1412.02,med,2,0
TXN_015350,Card,iOS,Tier 2,3G,9,2863.35,high,0,0
TXN_015351,PayLater,iOS,Tier 2,5G,18,571.78,med,0,1
TXN_015352,UPI,Android,Tier 1,4G,23,754.8,med,3,0
TXN_015353,UPI,Android,Tier 2,Wifi,4,89.2,low,0,1
TXN_015354,UPI,Android,Tier 2,4G,5,1310.29,med,2,0
TXN_015355,UPI,Android,Tier 3,3G,13,183.35,low,0,1
TXN_015356,UPI,Android,Tier 1,4G,14,426.82,low,0,1
TXN_015357,PayLater,Android,Tier 1,4G,18,375.71,low,0,1
TXN_015358,Netbanking,iOS,Tier 2,4G,18,117.86,low,0,0
TXN_015359,UPI,Android,Tier 2,5G,6,506.59,med,0,1
TXN_015360,Card,Android,Tier 1,4G,21,2371.04,high,0,1
TXN_015361,UPI,Android,Tier 2,Wifi,17,167.93,low,0,1
TXN_015362,UPI,Desktop,Tier 1,4G,11,1474.4,med,1,1
TXN_015363,Card,Android,Tier 3,4G,7,882.67,med,1,0
TXN_015364,UPI,iOS,Tier 1,4G,20,787.33,med,1,1
TXN_015365,PayLater,Desktop,Tier 1,4G,22,74.09,low,0,1
TXN_015366,Card,iOS,Tier 1,4G,2,387.84,low,0,1
TXN_015367,UPI,Desktop,Tier 2,4G,14,7174.66,high,1,1
TXN_015368,Netbanking,Android,Tier 1,4G,9,369.93,low,1,0
TXN_015369,UPI,Android,Tier 2,4G,20,1552.22,med,0,1
TXN_015370,UPI,Android,Tier 3,4G,18,454.42,low,0,1
TXN_015371,UPI,Android,Tier 1,5G,11,177.34,low,0,1
TXN_015372,UPI,Android,Tier 2,4G,2,399.83,low,0,1
TXN_015373,Netbanking,Android,Tier 1,4G,13,4429.56,high,0,1
TXN_015374,UPI,Android,Tier 1,4G,16,3582.89,high,1,1
TXN_015375,Netbanking,iOS,Tier 1,5G,2,167.37,low,0,1
TXN_015376,Card,Android,Tier 1,4G,6,407.88,low,0,1
TXN_015377,UPI,Android,Tier 2,5G,16,197.78,low,0,1
TXN_015378,Netbanking,Desktop,Tier 1,3G,14,472.94,low,1,1
TXN_015379,UPI,Android,Tier 3,4G,19,1804.99,med,0,1
TXN_015380,UPI,iOS,Tier 2,4G,9,1141.67,med,0,1
TXN_015381,UPI,iOS,Tier 2,4G,6,4087.17,high,0,1
TXN_015382,UPI,Android,Tier 3,4G,21,16339.98,ultra_high,1,1
TXN_015383,UPI,Android,Tier 3,4G,19,1206.35,med,0,1
TXN_015384,Card,Android,Tier 2,4G,2,2662.55,high,0,1
TXN_015385,UPI,iOS,Tier 2,Wifi,21,10393.11,ultra_high,0,1
TXN_015386,UPI,Android,Tier 1,4G,14,280.61,low,0,1
TXN_015387,PayLater,Android,Tier 2,4G,19,4674.99,high,0,1
TXN_015388,Card,iOS,Tier 2,5G,4,454.51,low,1,1
TXN_015389,Netbanking,Android,Tier 3,4G,1,1917.44,med,0,0
TXN_015390,UPI,iOS,Tier 1,4G,8,343.44,low,1,1
TXN_015391,Card,iOS,Tier 1,5G,17,5418.87,high,0,1
TXN_015392,Netbanking,iOS,Tier 1,4G,12,1508.15,med,0,1
TXN_015393,Card,iOS,Tier 3,Wifi,19,794.05,med,0,1
TXN_015394,Card,Android,Tier 1,4G,23,870.15,med,0,1
TXN_015395,UPI,Desktop,Tier 2,5G,6,25097.33,ultra_high,0,1
TXN_015396,UPI,Android,Tier 2,5G,3,839.86,med,1,1
TXN_015397,UPI,Android,Tier 1,4G,7,123.79,low,1,1
TXN_015398,UPI,Android,Tier 2,4G,5,487.46,low,0,1
TXN_015399,Netbanking,Desktop,Tier 2,4G,23,3049.22,high,0,1
TXN_015400,UPI,Android,Tier 1,Wifi,3,8432.31,high,0,1
TXN_015401,PayLater,iOS,Tier 2,5G,4,2074.22,high,0,0
TXN_015402,PayLater,Android,Tier 3,4G,19,137.28,low,3,1
TXN_015403,UPI,iOS,Tier 3,5G,22,380.69,low,2,0
TXN_015404,UPI,iOS,Tier 2,5G,19,534.78,med,0,1
TXN_015405,Wallet,Android,Tier 2,3G,20,1270.58,med,1,1
TXN_015406,PayLater,Android,Tier 1,4G,8,925.71,med,0,1
TXN_015407,UPI,Android,Tier 3,Wifi,7,2804.13,high,1,1
TXN_015408,UPI,Android,Tier 1,4G,1,374.68,low,2,1
TXN_015409,UPI,Android,Tier 2,Wifi,6,823.51,med,0,1
TXN_015410,Card,Android,Tier 1,4G,17,409.84,low,0,0
TXN_015411,UPI,Android,Tier 1,4G,9,1254.09,med,2,1
TXN_015412,Card,Android,Tier 1,Wifi,2,346.15,low,0,0
TXN_015413,UPI,Android,Tier 2,Wifi,16,1433.55,med,0,1
TXN_015414,UPI,Android,Tier 2,4G,1,2025.91,high,0,1
TXN_015415,UPI,Desktop,Tier 2,5G,2,1718.59,med,1,1
TXN_015416,UPI,Android,Tier 1,4G,4,520.55,med,0,1
TXN_015417,UPI,Android,Tier 3,4G,12,4542.22,high,0,1
TXN_015418,UPI,Android,Tier 1,4G,12,1142.2,med,1,1
TXN_015419,UPI,Android,Tier 1,4G,5,3082.55,high,2,1
TXN_015420,UPI,Desktop,Tier 2,5G,13,10428.87,ultra_high,0,1
TXN_015421,UPI,Android,Tier 3,4G,22,6772.49,high,0,1
TXN_015422,PayLater,Android,Tier 1,4G,4,585.04,med,1,1
TXN_015423,UPI,Desktop,Tier 2,Wifi,20,3858.95,high,0,1
TXN_015424,UPI,Android,Tier 2,4G,23,15606.52,ultra_high,1,1
TXN_015425,Card,Android,Tier 3,5G,0,10130.87,ultra_high,0,1
TXN_015426,PayLater,Android,Tier 1,Wifi,8,216.92,low,0,1
TXN_015427,UPI,Android,Tier 2,4G,2,527.24,med,2,0
TXN_015428,Card,Desktop,Tier 1,4G,5,2920.06,high,0,1
TXN_015429,Card,Android,Tier 1,5G,3,3591.93,high,0,1
TXN_015430,Card,Desktop,Tier 1,5G,1,1921.86,med,4,0
TXN_015431,UPI,Desktop,Tier 3,5G,15,1245.71,med,0,1
TXN_015432,Card,Android,Tier 1,5G,5,5998.42,high,0,0
TXN_015433,UPI,Android,Tier 3,Wifi,13,654.52,med,0,1
TXN_015434,Card,Android,Tier 1,4G,9,1592.87,med,1,1
TXN_015435,Card,Android,Tier 3,5G,23,1119.53,med,1,1
TXN_015436,UPI,Android,Tier 2,4G,3,269.27,low,0,1
TXN_015437,Netbanking,Android,Tier 1,4G,23,1701.87,med,0,1
TXN_015438,UPI,Android,Tier 2,4G,6,360.88,low,0,1
TXN_015439,Netbanking,Desktop,Tier 1,4G,16,4304.8,high,2,0
TXN_015440,UPI,Android,Tier 1,Wifi,4,318.49,low,0,1
TXN_015441,UPI,Android,Tier 2,4G,13,285.83,low,2,1
TXN_015442,UPI,iOS,Tier 2,4G,15,718.17,med,0,1
TXN_015443,PayLater,Android,Tier 2,4G,7,4186.05,high,0,1
TXN_015444,UPI,Android,Tier 2,4G,15,641.99,med,0,1
TXN_015445,UPI,Android,Tier 1,5G,5,879.03,med,0,1
TXN_015446,UPI,Android,Tier 3,Wifi,10,1788.34,med,0,1
TXN_015447,Card,Android,Tier 3,Wifi,22,594.01,med,0,0
TXN_015448,UPI,Android,Tier 1,5G,1,36.29,low,0,0
TXN_015449,UPI,Android,Tier 1,5G,0,833.72,med,0,1
TXN_015450,UPI,Desktop,Tier 2,4G,8,703.09,med,0,1
TXN_015451,UPI,Android,Tier 2,5G,4,542.28,med,0,1
TXN_015452,UPI,Android,Tier 1,4G,1,825.04,med,1,1
TXN_015453,UPI,Android,Tier 1,3G,13,818.17,med,0,1
TXN_015454,Card,Android,Tier 2,3G,19,476.81,low,0,0
TXN_015455,UPI,Android,Tier 2,Wifi,12,709.36,med,1,1
TXN_015456,UPI,Desktop,Tier 1,4G,11,1771.44,med,0,1
TXN_015457,UPI,Android,Tier 3,4G,21,4237.98,high,0,1
TXN_015458,PayLater,Android,Tier 2,Wifi,8,452.81,low,3,1
TXN_015459,PayLater,Android,Tier 1,5G,23,3458.17,high,1,1
TXN_015460,Netbanking,Android,Tier 2,5G,5,1544.28,med,0,1
TXN_015461,UPI,Android,Tier 1,4G,3,168.31,low,0,1
TXN_015462,UPI,Android,Tier 2,Wifi,9,1660.09,med,0,1
TXN_015463,UPI,Android,Tier 1,5G,4,1316.98,med,0,1
TXN_015464,UPI,Android,Tier 1,4G,3,1868.1,med,0,1
TXN_015465,UPI,Android,Tier 1,Wifi,19,427.71,low,0,1
TXN_015466,Netbanking,Android,Tier 1,4G,23,186.72,low,1,1
TXN_015467,Netbanking,Android,Tier 2,5G,3,102.19,low,0,0
TXN_015468,Netbanking,Desktop,Tier 2,4G,12,1256.07,med,2,1
TXN_015469,UPI,Android,Tier 1,5G,15,2605.02,high,0,1
TXN_015470,Card,iOS,Tier 1,4G,10,1772.58,med,0,1
TXN_015471,UPI,Android,Tier 3,4G,18,1937.93,med,0,1
TXN_015472,UPI,Android,Tier 1,5G,17,5805.8,high,1,1
TXN_015473,Card,Android,Tier 1,4G,0,1568.67,med,0,1
TXN_015474,UPI,Android,Tier 2,Wifi,20,726.88,med,0,1
TXN_015475,UPI,Android,Tier 3,4G,3,8355.34,high,0,1
TXN_015476,UPI,Android,Tier 3,Wifi,8,512.28,med,2,1
TXN_015477,Card,iOS,Tier 2,4G,8,389.07,low,0,1
TXN_015478,Netbanking,Android,Tier 1,5G,10,4055.38,high,0,1
TXN_015479,UPI,Android,Tier 2,4G,4,104.56,low,0,1
TXN_015480,Netbanking,Android,Tier 1,4G,20,285.21,low,0,1
TXN_015481,UPI,iOS,Tier 1,5G,5,408.67,low,0,1
TXN_015482,UPI,Android,Tier 2,4G,19,232.03,low,0,1
TXN_015483,Card,Android,Tier 2,3G,5,1039.74,med,1,0
TXN_015484,Card,iOS,Tier 1,4G,7,9263.34,high,0,1
TXN_015485,PayLater,Android,Tier 1,Wifi,20,637.18,med,0,1
TXN_015486,UPI,Android,Tier 3,5G,23,137.33,low,0,1
TXN_015487,Card,Android,Tier 3,5G,23,155.44,low,0,1
TXN_015488,Card,iOS,Tier 2,4G,18,1592.09,med,0,0
TXN_015489,Wallet,Desktop,Tier 2,4G,21,868.03,med,0,1
TXN_015490,UPI,Desktop,Tier 3,4G,0,2633.29,high,0,0
TXN_015491,Netbanking,Android,Tier 2,5G,4,1292.13,med,0,0
TXN_015492,Card,Desktop,Tier 2,5G,22,401.34,low,0,1
TXN_015493,UPI,Android,Tier 1,5G,20,258.05,low,0,1
TXN_015494,UPI,Android,Tier 1,Wifi,18,310.43,low,0,1
TXN_015495,UPI,Android,Tier 2,4G,1,960.67,med,0,1
TXN_015496,Card,Android,Tier 1,4G,15,127.03,low,0,1
TXN_015497,Wallet,Android,Tier 1,4G,1,166.02,low,0,1
TXN_015498,Card,Android,Tier 2,Wifi,8,752.16,med,0,1
TXN_015499,Card,Desktop,Tier 1,4G,17,532.76,med,0,1
TXN_015500,UPI,Android,Tier 3,5G,15,1564.27,med,0,1
TXN_015501,UPI,Android,Tier 1,4G,6,682.59,med,1,1
TXN_015502,UPI,Desktop,Tier 2,4G,8,529.26,med,0,1
TXN_015503,UPI,Android,Tier 2,5G,11,1446.65,med,1,1
TXN_015504,UPI,Android,Tier 2,4G,18,1006.17,med,0,1
TXN_015505,UPI,Android,Tier 1,4G,22,1099.0,med,0,1
TXN_015506,UPI,Android,Tier 2,5G,0,31.2,low,2,1
TXN_015507,UPI,Android,Tier 3,4G,5,568.71,med,1,1
TXN_015508,UPI,Android,Tier 3,4G,1,698.21,med,0,1
TXN_015509,UPI,iOS,Tier 2,5G,16,1559.21,med,0,1
TXN_015510,UPI,Android,Tier 3,5G,20,5152.23,high,1,1
TXN_015511,Wallet,Android,Tier 1,4G,13,275.13,low,0,0
TXN_015512,Netbanking,Android,Tier 3,5G,12,359.48,low,0,1
TXN_015513,Card,Android,Tier 3,5G,21,3544.8,high,0,1
TXN_015514,UPI,Android,Tier 2,4G,10,741.2,med,0,1
TXN_015515,Netbanking,Desktop,Tier 2,5G,15,1251.05,med,0,1
TXN_015516,Netbanking,iOS,Tier 2,5G,17,236.57,low,0,1
TXN_015517,Netbanking,Android,Tier 1,4G,19,459.28,low,0,0
TXN_015518,UPI,Desktop,Tier 3,5G,2,676.1,med,0,1
TXN_015519,Card,Android,Tier 2,5G,0,7757.54,high,0,0
TXN_015520,Netbanking,Android,Tier 2,Wifi,13,2337.31,high,0,1
TXN_015521,Card,Android,Tier 2,5G,16,489.89,low,0,1
TXN_015522,Card,Android,Tier 3,4G,2,722.37,med,1,0
TXN_015523,UPI,iOS,Tier 2,4G,11,907.5,med,1,1
TXN_015524,UPI,Android,Tier 1,Wifi,1,554.87,med,0,0
TXN_015525,UPI,Android,Tier 2,Wifi,1,859.61,med,0,1
TXN_015526,Card,iOS,Tier 3,4G,11,8892.47,high,3,1
TXN_015527,UPI,Desktop,Tier 2,4G,20,3195.14,high,4,0
TXN_015528,UPI,iOS,Tier 3,5G,4,762.7,med,0,1
TXN_015529,UPI,Android,Tier 3,5G,22,4046.86,high,1,1
TXN_015530,UPI,Android,Tier 2,4G,15,243.71,low,1,1
TXN_015531,UPI,Android,Tier 1,5G,4,2598.94,high,0,1
TXN_015532,Card,Android,Tier 1,4G,2,185.89,low,0,1
TXN_015533,Netbanking,Desktop,Tier 2,4G,5,87.86,low,1,0
TXN_015534,UPI,Desktop,Tier 2,4G,18,979.74,med,0,1
TXN_015535,UPI,iOS,Tier 3,5G,11,980.33,med,0,1
TXN_015536,UPI,Android,Tier 2,Wifi,7,2114.4,high,0,1
TXN_015537,Wallet,iOS,Tier 1,4G,5,2179.32,high,0,1
TXN_015538,UPI,Desktop,Tier 2,4G,13,5242.26,high,0,1
TXN_015539,UPI,Android,Tier 2,Wifi,22,869.69,med,0,0
TXN_015540,UPI,Android,Tier 1,4G,2,892.44,med,0,1
TXN_015541,Card,iOS,Tier 2,Wifi,10,3591.49,high,0,1
TXN_015542,Netbanking,Android,Tier 3,Wifi,6,217.42,low,0,0
TXN_015543,Netbanking,Desktop,Tier 1,4G,8,766.34,med,1,1
TXN_015544,Card,Android,Tier 1,4G,23,379.72,low,0,0
TXN_015545,UPI,Android,Tier 1,Wifi,10,264.49,low,1,1
TXN_015546,UPI,iOS,Tier 1,5G,12,1581.19,med,0,1
TXN_015547,UPI,Android,Tier 2,4G,17,314.94,low,0,1
TXN_015548,UPI,iOS,Tier 1,Wifi,9,474.71,low,0,1
TXN_015549,UPI,Android,Tier 3,4G,1,912.21,med,0,1
TXN_015550,UPI,Android,Tier 1,4G,6,1349.68,med,1,1
TXN_015551,UPI,Android,Tier 2,5G,14,4033.74,high,0,1
TXN_015552,Wallet,Android,Tier 1,5G,9,2661.96,high,0,1
TXN_015553,Card,iOS,Tier 3,4G,11,2380.26,high,0,0
TXN_015554,Netbanking,Desktop,Tier 2,4G,19,309.36,low,0,0
TXN_015555,Card,Android,Tier 3,5G,21,8924.43,high,0,1
TXN_015556,UPI,Android,Tier 2,5G,8,606.17,med,0,1
TXN_015557,Card,Android,Tier 2,Wifi,18,355.72,low,0,1
TXN_015558,UPI,Android,Tier 3,4G,21,366.49,low,0,1
TXN_015559,Card,Desktop,Tier 1,5G,5,70.01,low,1,0
TXN_015560,UPI,Android,Tier 2,4G,23,1549.79,med,0,1
TXN_015561,PayLater,Android,Tier 1,Wifi,22,105.09,low,0,1
TXN_015562,UPI,Android,Tier 3,4G,18,159.58,low,0,1
TXN_015563,UPI,Android,Tier 3,5G,0,7397.04,high,0,1
TXN_015564,Wallet,iOS,Tier 3,Wifi,1,5318.75,high,1,1
TXN_015565,UPI,Android,Tier 1,Wifi,14,210.95,low,1,1
TXN_015566,Card,Android,Tier 1,5G,10,268.59,low,0,0
TXN_015567,Card,iOS,Tier 1,5G,17,2487.12,high,0,1
TXN_015568,Netbanking,iOS,Tier 1,Wifi,0,125.49,low,2,0
TXN_015569,PayLater,iOS,Tier 1,Wifi,3,492.55,low,0,1
TXN_015570,PayLater,Desktop,Tier 1,5G,21,628.76,med,0,1
TXN_015571,UPI,Desktop,Tier 3,5G,3,159.98,low,0,1
TXN_015572,Netbanking,Android,Tier 2,4G,3,238.88,low,3,1
TXN_015573,Card,Android,Tier 2,4G,17,90.85,low,0,1
TXN_015574,Card,Android,Tier 2,4G,0,1506.33,med,1,0
TXN_015575,UPI,iOS,Tier 2,4G,6,421.55,low,0,1
TXN_015576,Card,Android,Tier 3,5G,13,69.89,low,0,1
TXN_015577,PayLater,Android,Tier 2,4G,15,2409.65,high,4,0
TXN_015578,Wallet,Android,Tier 1,4G,14,2348.18,high,1,0
TXN_015579,UPI,iOS,Tier 2,4G,4,1345.64,med,0,1
TXN_015580,UPI,Android,Tier 3,4G,12,4677.14,high,0,1
TXN_015581,UPI,Android,Tier 1,4G,4,2826.85,high,0,1
TXN_015582,Netbanking,Android,Tier 2,Wifi,17,1555.6,med,0,1
TXN_015583,Card,iOS,Tier 1,5G,21,362.13,low,0,1
TXN_015584,UPI,Android,Tier 1,4G,4,2825.51,high,0,1
TXN_015585,UPI,Android,Tier 3,4G,4,683.8,med,0,1
TXN_015586,UPI,Android,Tier 1,5G,5,284.74,low,4,1
TXN_015587,UPI,Android,Tier 1,5G,13,1181.92,med,0,1
TXN_015588,Wallet,Android,Tier 1,4G,1,965.6,med,0,1
TXN_015589,Card,Android,Tier 3,4G,14,1220.94,med,0,0
TXN_015590,UPI,Android,Tier 1,4G,15,1100.62,med,0,0
TXN_015591,UPI,iOS,Tier 3,4G,4,295.66,low,0,1
TXN_015592,UPI,Android,Tier 1,4G,15,291.81,low,1,1
TXN_015593,PayLater,Android,Tier 3,Wifi,0,2315.24,high,1,1
TXN_015594,UPI,iOS,Tier 3,Wifi,7,841.75,med,3,0
TXN_015595,UPI,Android,Tier 1,4G,0,135.47,low,0,1
TXN_015596,UPI,Android,Tier 1,Wifi,6,289.64,low,3,1
TXN_015597,Card,Android,Tier 1,3G,5,137.39,low,0,1
TXN_015598,Card,iOS,Tier 2,5G,7,1383.75,med,0,1
TXN_015599,Card,iOS,Tier 1,5G,4,1409.09,med,0,1
TXN_015600,UPI,Android,Tier 1,Wifi,14,182.34,low,0,1
TXN_015601,UPI,Android,Tier 1,4G,21,264.53,low,0,1
TXN_015602,UPI,Android,Tier 1,4G,19,1254.64,med,0,1
TXN_015603,Card,Android,Tier 1,3G,15,435.0,low,0,0
TXN_015604,UPI,Android,Tier 3,4G,16,191.77,low,0,1
TXN_015605,Card,Android,Tier 3,Wifi,10,2152.85,high,0,1
TXN_015606,Netbanking,Android,Tier 2,Wifi,22,709.49,med,0,0
TXN_015607,Wallet,Android,Tier 2,4G,1,59.96,low,4,0
TXN_015608,UPI,Android,Tier 2,5G,0,693.79,med,0,1
TXN_015609,UPI,Android,Tier 2,5G,16,12569.67,ultra_high,0,1
TXN_015610,UPI,Android,Tier 2,4G,0,1373.87,med,0,1
TXN_015611,Card,Android,Tier 2,4G,1,982.7,med,0,1
TXN_015612,Netbanking,iOS,Tier 2,5G,16,1254.66,med,2,1
TXN_015613,UPI,Android,Tier 2,4G,3,450.31,low,0,1
TXN_015614,UPI,Android,Tier 1,4G,11,366.32,low,0,1
TXN_015615,Netbanking,Android,Tier 1,4G,9,118.31,low,1,1
TXN_015616,Wallet,Android,Tier 1,5G,9,219.61,low,0,1
TXN_015617,UPI,Android,Tier 2,Wifi,14,3956.09,high,0,1
TXN_015618,Card,Desktop,Tier 1,5G,10,636.09,med,0,1
TXN_015619,UPI,Android,Tier 2,4G,6,2818.6,high,2,0
TXN_015620,UPI,Android,Tier 2,3G,9,64.81,low,0,1
TXN_015621,Wallet,Android,Tier 3,4G,18,749.38,med,0,1
TXN_015622,Netbanking,Desktop,Tier 1,4G,17,10544.95,ultra_high,0,1
TXN_015623,Netbanking,Desktop,Tier 2,4G,1,778.63,med,0,1
TXN_015624,UPI,Android,Tier 2,4G,6,1490.92,med,0,1
TXN_015625,Netbanking,Android,Tier 1,4G,13,307.3,low,3,1
TXN_015626,UPI,Android,Tier 2,4G,21,543.35,med,0,1
TXN_015627,UPI,Android,Tier 3,4G,10,630.01,med,0,1
TXN_015628,UPI,Android,Tier 1,5G,0,548.59,med,0,1
TXN_015629,UPI,iOS,Tier 3,4G,21,365.17,low,1,1
TXN_015630,Netbanking,iOS,Tier 3,5G,19,1292.68,med,0,1
TXN_015631,Card,Android,Tier 2,5G,4,76.74,low,0,1
TXN_015632,UPI,Android,Tier 2,4G,3,8699.29,high,0,1
TXN_015633,UPI,Android,Tier 2,Wifi,13,564.14,med,0,1
TXN_015634,UPI,Android,Tier 2,4G,2,227.24,low,1,1
TXN_015635,UPI,Android,Tier 3,4G,17,478.57,low,3,1
TXN_015636,Card,Android,Tier 1,4G,17,244.51,low,1,0
TXN_015637,Netbanking,Android,Tier 1,Wifi,3,281.61,low,1,1
TXN_015638,UPI,Android,Tier 1,5G,2,675.72,med,0,1
TXN_015639,UPI,iOS,Tier 2,5G,21,2551.82,high,1,1
TXN_015640,Card,Android,Tier 1,4G,9,3866.49,high,1,1
TXN_015641,Netbanking,Android,Tier 3,4G,15,1569.1,med,0,0
TXN_015642,UPI,Android,Tier 2,5G,2,308.23,low,0,1
TXN_015643,UPI,Android,Tier 3,Wifi,18,810.47,med,0,1
TXN_015644,Card,Desktop,Tier 1,5G,19,258.41,low,3,0
TXN_015645,UPI,iOS,Tier 1,4G,14,1029.92,med,0,1
TXN_015646,UPI,Android,Tier 1,4G,4,1600.35,med,4,1
TXN_015647,Card,Android,Tier 1,4G,10,3193.49,high,0,1
TXN_015648,Card,Android,Tier 2,5G,8,1174.05,med,0,0
TXN_015649,Card,Desktop,Tier 3,4G,12,569.3,med,0,1
TXN_015650,Card,Android,Tier 1,4G,10,1226.15,med,0,1
TXN_015651,Card,Android,Tier 2,5G,20,522.09,med,3,0
TXN_015652,UPI,Android,Tier 2,4G,13,621.86,med,0,1
TXN_015653,UPI,iOS,Tier 1,5G,0,2325.02,high,0,1
TXN_015654,UPI,Android,Tier 2,5G,8,1524.76,med,0,1
TXN_015655,UPI,Android,Tier 1,4G,12,713.74,med,0,1
TXN_015656,Card,Android,Tier 3,Wifi,1,693.89,med,2,1
TXN_015657,Netbanking,Desktop,Tier 2,5G,3,437.49,low,0,1
TXN_015658,PayLater,Android,Tier 1,4G,15,4378.75,high,0,1
TXN_015659,Card,Desktop,Tier 2,Wifi,9,3269.63,high,1,1
TXN_015660,UPI,Android,Tier 1,5G,5,3576.91,high,3,1
TXN_015661,UPI,Android,Tier 2,Wifi,8,747.23,med,1,1
TXN_015662,Netbanking,Desktop,Tier 3,5G,1,1327.42,med,2,0
TXN_015663,Card,Desktop,Tier 3,4G,0,1380.68,med,0,1
TXN_015664,Card,Android,Tier 1,4G,11,1569.97,med,1,1
TXN_015665,Netbanking,Android,Tier 1,5G,21,256.15,low,0,1
TXN_015666,Card,Android,Tier 2,4G,21,8731.67,high,0,0
TXN_015667,Netbanking,Android,Tier 3,Wifi,21,50.81,low,0,1
TXN_015668,UPI,Android,Tier 3,4G,15,221.36,low,0,1
TXN_015669,Card,Android,Tier 1,5G,1,128.42,low,0,0
TXN_015670,Netbanking,Android,Tier 2,4G,12,734.04,med,0,0
TXN_015671,UPI,Android,Tier 3,5G,7,1180.05,med,0,1
TXN_015672,Card,Android,Tier 1,5G,0,903.65,med,0,1
TXN_015673,UPI,Android,Tier 3,5G,4,102.57,low,1,1
TXN_015674,PayLater,Android,Tier 1,4G,9,1998.95,med,0,0
TXN_015675,UPI,Android,Tier 1,4G,2,610.24,med,2,1
TXN_015676,Card,Android,Tier 1,Wifi,10,970.37,med,0,1
TXN_015677,UPI,Android,Tier 2,Wifi,21,14192.03,ultra_high,0,1
TXN_015678,Card,Android,Tier 3,4G,4,658.24,med,0,1
TXN_015679,UPI,Android,Tier 2,4G,11,960.33,med,1,1
TXN_015680,UPI,Android,Tier 1,4G,11,333.94,low,0,1
TXN_015681,UPI,iOS,Tier 1,Wifi,12,3838.75,high,0,1
TXN_015682,Wallet,Android,Tier 2,4G,13,3520.56,high,0,1
TXN_015683,UPI,Android,Tier 2,4G,3,1401.15,med,1,1
TXN_015684,UPI,Android,Tier 2,4G,2,630.94,med,0,1
TXN_015685,Netbanking,Desktop,Tier 1,5G,16,798.13,med,0,0
TXN_015686,UPI,Android,Tier 2,Wifi,7,10556.41,ultra_high,0,1
TXN_015687,Wallet,iOS,Tier 3,4G,15,1923.94,med,4,0
TXN_015688,UPI,Android,Tier 2,4G,10,220.53,low,0,1
TXN_015689,Card,iOS,Tier 2,5G,4,1353.66,med,0,1
TXN_015690,UPI,Android,Tier 3,4G,15,874.15,med,0,1
TXN_015691,UPI,Android,Tier 2,4G,23,1053.37,med,4,1
TXN_015692,Card,Desktop,Tier 2,Wifi,8,747.27,med,1,1
TXN_015693,Card,Android,Tier 2,Wifi,12,1243.26,med,0,1
TXN_015694,Netbanking,Android,Tier 1,3G,7,874.75,med,0,1
TXN_015695,UPI,Android,Tier 2,4G,21,619.01,med,1,1
TXN_015696,UPI,Android,Tier 3,4G,23,1325.1,med,4,1
TXN_015697,UPI,iOS,Tier 1,5G,4,1017.95,med,0,1
TXN_015698,PayLater,Android,Tier 3,4G,8,5916.36,high,0,1
TXN_015699,UPI,iOS,Tier 2,4G,5,735.45,med,0,1
TXN_015700,UPI,iOS,Tier 2,4G,1,195.46,low,1,1
TXN_015701,UPI,Android,Tier 2,Wifi,6,2173.97,high,0,1
TXN_015702,Card,Android,Tier 2,5G,16,2769.09,high,0,1
TXN_015703,UPI,iOS,Tier 3,4G,11,113.29,low,0,1
TXN_015704,Wallet,Android,Tier 2,4G,0,1105.71,med,0,1
TXN_015705,UPI,Desktop,Tier 3,Wifi,14,661.19,med,0,1
TXN_015706,Wallet,iOS,Tier 2,Wifi,23,1691.86,med,2,1
TXN_015707,UPI,Android,Tier 2,5G,20,1622.92,med,0,1
TXN_015708,Card,iOS,Tier 3,4G,10,1557.61,med,1,0
TXN_015709,Wallet,Android,Tier 1,4G,9,2478.95,high,2,1
TXN_015710,UPI,Android,Tier 2,5G,15,1744.09,med,0,1
TXN_015711,PayLater,iOS,Tier 1,Wifi,8,5576.47,high,0,1
TXN_015712,UPI,iOS,Tier 3,4G,11,806.06,med,0,1
TXN_015713,Wallet,Android,Tier 2,5G,21,836.57,med,0,1
TXN_015714,Card,Android,Tier 3,4G,14,508.31,med,0,1
TXN_015715,UPI,Android,Tier 3,4G,15,494.78,low,0,0
TXN_015716,UPI,Android,Tier 1,4G,0,825.32,med,1,1
TXN_015717,UPI,Android,Tier 1,Wifi,5,2929.79,high,1,1
TXN_015718,UPI,Android,Tier 2,4G,12,774.03,med,1,1
TXN_015719,UPI,Android,Tier 2,4G,0,1154.9,med,0,1
TXN_015720,UPI,Desktop,Tier 1,4G,12,4673.95,high,0,1
TXN_015721,UPI,Android,Tier 1,Wifi,4,2922.75,high,0,1
TXN_015722,Netbanking,Android,Tier 2,5G,2,312.48,low,3,0
TXN_015723,UPI,iOS,Tier 1,4G,11,165.42,low,0,1
TXN_015724,UPI,iOS,Tier 3,4G,9,68.86,low,0,1
TXN_015725,Card,Desktop,Tier 3,5G,8,2794.7,high,0,1
TXN_015726,UPI,Android,Tier 3,4G,16,23.1,low,0,1
TXN_015727,UPI,Android,Tier 1,4G,5,443.46,low,0,1
TXN_015728,UPI,Android,Tier 1,Wifi,13,436.46,low,2,1
TXN_015729,Wallet,Android,Tier 2,4G,2,1195.09,med,0,1
TXN_015730,Netbanking,Android,Tier 3,3G,17,570.1,med,1,1
TXN_015731,UPI,Android,Tier 1,4G,6,111.54,low,0,1
TXN_015732,Card,Android,Tier 1,4G,8,1551.23,med,0,0
TXN_015733,UPI,Android,Tier 1,4G,14,1814.91,med,1,1
TXN_015734,Card,Android,Tier 2,5G,18,726.1,med,0,1
TXN_015735,Card,Android,Tier 2,4G,15,222.83,low,1,1
TXN_015736,Card,Android,Tier 1,5G,18,1435.92,med,0,1
TXN_015737,UPI,Android,Tier 2,4G,18,753.61,med,0,1
TXN_015738,UPI,Android,Tier 2,4G,16,825.51,med,0,1
TXN_015739,UPI,Android,Tier 2,Wifi,5,977.97,med,1,1
TXN_015740,Wallet,Android,Tier 2,Wifi,0,128.33,low,1,1
TXN_015741,Card,Android,Tier 3,5G,18,75.59,low,0,1
TXN_015742,Netbanking,Android,Tier 2,Wifi,14,495.76,low,1,1
TXN_015743,PayLater,iOS,Tier 2,4G,2,3610.65,high,1,0
TXN_015744,UPI,Android,Tier 3,4G,16,246.68,low,0,1
TXN_015745,Card,Android,Tier 3,4G,5,3660.1,high,0,0
TXN_015746,Card,Desktop,Tier 1,3G,3,1876.36,med,0,0
TXN_015747,PayLater,Android,Tier 1,5G,7,15141.83,ultra_high,3,0
TXN_015748,PayLater,Android,Tier 3,4G,21,1236.9,med,0,0
TXN_015749,Card,Android,Tier 1,4G,3,461.57,low,2,0
TXN_015750,UPI,iOS,Tier 3,4G,20,204.17,low,1,1
TXN_015751,Netbanking,Android,Tier 1,4G,1,1731.01,med,1,0
TXN_015752,UPI,Android,Tier 3,4G,9,569.67,med,0,0
TXN_015753,Netbanking,Android,Tier 2,4G,11,405.55,low,0,1
TXN_015754,Wallet,Android,Tier 2,4G,0,483.95,low,1,1
TXN_015755,UPI,Android,Tier 1,4G,11,405.57,low,0,1
TXN_015756,Card,iOS,Tier 3,5G,22,351.52,low,1,1
TXN_015757,UPI,Android,Tier 1,5G,9,413.29,low,0,1
TXN_015758,UPI,Android,Tier 1,4G,11,9908.64,high,1,1
TXN_015759,UPI,Android,Tier 1,5G,18,461.44,low,0,1
TXN_015760,Netbanking,Android,Tier 3,4G,2,1220.87,med,0,0
TXN_015761,Wallet,iOS,Tier 2,4G,21,632.33,med,0,1
TXN_015762,Wallet,Android,Tier 2,Wifi,18,215.56,low,4,1
TXN_015763,UPI,Android,Tier 2,4G,22,1733.56,med,4,0
TXN_015764,Wallet,Android,Tier 3,4G,6,1532.09,med,0,1
TXN_015765,Card,Android,Tier 2,Wifi,20,611.12,med,1,1
TXN_015766,UPI,Android,Tier 2,4G,0,1993.24,med,0,1
TXN_015767,UPI,iOS,Tier 2,4G,12,694.27,med,1,1
TXN_015768,UPI,Android,Tier 2,Wifi,8,990.11,med,1,1
TXN_015769,Wallet,iOS,Tier 1,4G,15,2490.98,high,0,1
TXN_015770,Card,Android,Tier 1,5G,17,572.02,med,1,0
TXN_015771,Card,iOS,Tier 1,4G,14,5729.36,high,0,1
TXN_015772,UPI,Android,Tier 1,4G,19,358.86,low,0,1
TXN_015773,Card,Android,Tier 2,5G,14,2317.59,high,4,0
TXN_015774,UPI,Desktop,Tier 2,4G,14,1021.96,med,0,1
TXN_015775,UPI,Android,Tier 3,5G,9,1075.93,med,3,1
TXN_015776,Card,iOS,Tier 1,Wifi,17,2399.6,high,0,0
TXN_015777,UPI,Android,Tier 2,4G,14,1900.69,med,1,1
TXN_015778,Netbanking,Android,Tier 2,Wifi,11,245.04,low,0,1
TXN_015779,UPI,iOS,Tier 1,4G,0,468.83,low,0,1
TXN_015780,Card,Android,Tier 2,4G,12,590.89,med,2,0
TXN_015781,UPI,Android,Tier 3,Wifi,16,787.07,med,0,1
TXN_015782,Card,Android,Tier 1,4G,16,2072.95,high,1,0
TXN_015783,UPI,Android,Tier 2,4G,6,149.65,low,1,1
TXN_015784,UPI,Android,Tier 1,5G,10,1762.38,med,0,1
TXN_015785,Wallet,Android,Tier 1,4G,11,1316.05,med,0,1
TXN_015786,UPI,Android,Tier 2,4G,8,3001.07,high,0,1
TXN_015787,Netbanking,Android,Tier 3,5G,14,217.74,low,2,1
TXN_015788,PayLater,Android,Tier 2,Wifi,0,971.9,med,0,1
TXN_015789,UPI,Android,Tier 2,4G,21,1262.75,med,0,1
TXN_015790,UPI,iOS,Tier 3,4G,10,131.28,low,0,1
TXN_015791,Card,Android,Tier 1,4G,4,500.55,med,0,1
TXN_015792,PayLater,Android,Tier 2,4G,18,266.54,low,0,0
TXN_015793,Wallet,iOS,Tier 2,Wifi,17,421.54,low,2,1
TXN_015794,UPI,Desktop,Tier 3,Wifi,17,3172.12,high,0,1
TXN_015795,Netbanking,Android,Tier 3,5G,17,2816.35,high,0,1
TXN_015796,UPI,Android,Tier 3,5G,22,727.44,med,0,1
TXN_015797,PayLater,Android,Tier 1,Wifi,19,5470.96,high,0,0
TXN_015798,PayLater,Android,Tier 2,4G,6,680.1,med,0,1
TXN_015799,UPI,iOS,Tier 2,4G,13,247.92,low,2,0
TXN_015800,UPI,Desktop,Tier 2,4G,0,1882.11,med,0,1
TXN_015801,UPI,Desktop,Tier 2,Wifi,19,1505.8,med,0,1
TXN_015802,UPI,Android,Tier 1,4G,8,758.01,med,2,0
TXN_015803,Netbanking,Android,Tier 1,5G,15,680.7,med,0,0
TXN_015804,UPI,Desktop,Tier 1,4G,22,819.39,med,1,1
TXN_015805,UPI,Android,Tier 3,5G,5,1670.64,med,0,1
TXN_015806,UPI,Android,Tier 3,Wifi,6,1687.74,med,0,1
TXN_015807,PayLater,Android,Tier 1,4G,17,1991.73,med,0,1
TXN_015808,Card,Android,Tier 3,5G,0,665.47,med,1,0
TXN_015809,UPI,Android,Tier 1,4G,15,726.06,med,0,1
TXN_015810,UPI,iOS,Tier 2,Wifi,17,897.13,med,0,1
TXN_015811,PayLater,Android,Tier 1,4G,17,330.97,low,0,0
TXN_015812,Netbanking,Android,Tier 3,4G,18,247.93,low,0,0
TXN_015813,UPI,Android,Tier 2,4G,12,3743.43,high,0,1
TXN_015814,UPI,Android,Tier 1,4G,18,879.92,med,2,1
TXN_015815,UPI,Android,Tier 2,Wifi,2,316.3,low,1,1
TXN_015816,UPI,Android,Tier 1,Wifi,19,434.83,low,1,1
TXN_015817,Card,Android,Tier 1,4G,16,474.1,low,0,1
TXN_015818,Wallet,iOS,Tier 1,4G,10,1671.99,med,0,1
TXN_015819,UPI,Android,Tier 1,5G,16,4608.7,high,0,1
TXN_015820,Netbanking,iOS,Tier 3,4G,11,547.93,med,0,0
TXN_015821,UPI,Android,Tier 2,4G,11,88.7,low,0,1
TXN_015822,Card,Android,Tier 1,4G,19,1332.55,med,1,1
TXN_015823,Card,Android,Tier 1,Wifi,15,153.28,low,0,1
TXN_015824,UPI,Android,Tier 1,Wifi,0,538.88,med,0,1
TXN_015825,UPI,Android,Tier 1,Wifi,19,5610.48,high,3,1
TXN_015826,Card,Android,Tier 2,4G,12,166.5,low,0,1
TXN_015827,UPI,Android,Tier 1,5G,1,407.8,low,0,1
TXN_015828,UPI,Android,Tier 2,5G,15,237.15,low,0,1
TXN_015829,UPI,Android,Tier 2,4G,6,167.45,low,0,1
TXN_015830,PayLater,Android,Tier 1,Wifi,21,443.5,low,0,1
TXN_015831,UPI,Android,Tier 3,3G,1,650.49,med,0,1
TXN_015832,Netbanking,Android,Tier 1,Wifi,17,3595.58,high,0,1
TXN_015833,UPI,Android,Tier 1,5G,16,481.9,low,0,1
TXN_015834,Netbanking,Android,Tier 1,5G,15,1643.66,med,0,1
TXN_015835,Card,Android,Tier 1,5G,19,6959.55,high,2,0
TXN_015836,Wallet,Android,Tier 1,Wifi,17,9581.41,high,0,0
TXN_015837,UPI,Android,Tier 1,4G,20,437.5,low,0,1
TXN_015838,Card,iOS,Tier 3,4G,19,5928.68,high,2,0
TXN_015839,Card,Android,Tier 2,5G,15,1771.46,med,0,1
TXN_015840,UPI,iOS,Tier 2,Wifi,0,4000.88,high,2,1
TXN_015841,UPI,Android,Tier 2,4G,20,241.83,low,0,0
TXN_015842,UPI,Desktop,Tier 2,Wifi,4,577.08,med,1,1
TXN_015843,UPI,Android,Tier 1,4G,14,1467.28,med,0,1
TXN_015844,Wallet,Desktop,Tier 1,Wifi,12,149.86,low,0,1
TXN_015845,UPI,Android,Tier 1,5G,4,400.9,low,0,1
TXN_015846,UPI,Android,Tier 2,5G,17,204.13,low,2,0
TXN_015847,Card,Android,Tier 1,5G,19,561.19,med,0,1
TXN_015848,UPI,Android,Tier 1,Wifi,4,676.62,med,0,1
TXN_015849,UPI,iOS,Tier 1,Wifi,15,25654.0,ultra_high,0,1
TXN_015850,UPI,iOS,Tier 1,Wifi,10,1234.66,med,2,1
TXN_015851,PayLater,Desktop,Tier 1,4G,10,157.9,low,0,1
TXN_015852,Netbanking,Android,Tier 1,4G,21,1087.96,med,0,1
TXN_015853,Netbanking,Android,Tier 1,Wifi,22,42.42,low,0,1
TXN_015854,UPI,Android,Tier 1,Wifi,2,2290.24,high,4,1
TXN_015855,Netbanking,Desktop,Tier 1,4G,18,2503.99,high,0,0
TXN_015856,UPI,Android,Tier 1,4G,9,159.68,low,0,1
TXN_015857,UPI,Android,Tier 1,4G,1,1507.98,med,0,1
TXN_015858,UPI,Android,Tier 2,4G,16,644.92,med,1,1
TXN_015859,Card,Android,Tier 1,5G,2,348.51,low,0,1
TXN_015860,UPI,Desktop,Tier 1,4G,2,5213.26,high,0,1
TXN_015861,UPI,Android,Tier 1,4G,7,498.91,low,1,1
TXN_015862,UPI,Android,Tier 1,Wifi,15,1306.07,med,1,1
TXN_015863,UPI,Android,Tier 1,4G,11,592.16,med,0,1
TXN_015864,Card,iOS,Tier 3,5G,21,4701.67,high,1,0
TXN_015865,UPI,Android,Tier 3,4G,18,655.09,med,1,1
TXN_015866,Card,Android,Tier 1,5G,0,406.97,low,0,0
TXN_015867,UPI,Android,Tier 2,4G,18,889.52,med,0,1
TXN_015868,Netbanking,Android,Tier 1,4G,3,189.64,low,2,0
TXN_015869,Card,Android,Tier 1,4G,16,9029.32,high,0,1
TXN_015870,UPI,Android,Tier 2,Wifi,18,5314.64,high,0,1
TXN_015871,UPI,Desktop,Tier 1,5G,3,695.0,med,2,0
TXN_015872,Card,Desktop,Tier 2,4G,14,353.58,low,3,0
TXN_015873,Netbanking,Android,Tier 2,Wifi,6,503.8,med,1,0
TXN_015874,UPI,iOS,Tier 2,4G,19,230.78,low,1,0
TXN_015875,UPI,Android,Tier 3,Wifi,16,434.11,low,0,1
TXN_015876,Netbanking,Android,Tier 3,4G,21,455.63,low,0,1
TXN_015877,Card,Android,Tier 2,4G,8,211.2,low,0,1
TXN_015878,UPI,Android,Tier 1,4G,6,3397.25,high,4,1
TXN_015879,UPI,Android,Tier 1,5G,3,785.25,med,1,1
TXN_015880,UPI,Android,Tier 2,4G,16,1646.14,med,1,1
TXN_015881,Card,iOS,Tier 3,4G,14,614.98,med,0,1
TXN_015882,UPI,Android,Tier 2,4G,22,239.2,low,0,1
TXN_015883,PayLater,Android,Tier 3,Wifi,8,484.63,low,0,1
TXN_015884,UPI,Android,Tier 1,Wifi,15,422.97,low,0,1
TXN_015885,UPI,Android,Tier 1,5G,5,2829.63,high,1,1
TXN_015886,Card,Android,Tier 1,5G,16,4348.71,high,0,1
TXN_015887,Wallet,Android,Tier 2,5G,6,193.58,low,0,1
TXN_015888,Netbanking,iOS,Tier 3,4G,16,756.02,med,0,1
TXN_015889,UPI,iOS,Tier 1,Wifi,13,861.51,med,0,1
TXN_015890,Card,Android,Tier 3,4G,14,463.12,low,2,1
TXN_015891,Card,Android,Tier 2,5G,19,565.48,med,0,1
TXN_015892,UPI,Desktop,Tier 2,5G,20,905.53,med,0,1
TXN_015893,UPI,Android,Tier 3,5G,17,204.63,low,0,1
TXN_015894,UPI,Android,Tier 1,Wifi,18,1083.97,med,1,1
TXN_015895,UPI,Android,Tier 2,4G,17,1366.61,med,0,1
TXN_015896,Wallet,Android,Tier 1,5G,13,205.08,low,0,1
TXN_015897,UPI,iOS,Tier 1,5G,19,4816.61,high,0,1
TXN_015898,PayLater,Android,Tier 2,4G,22,781.57,med,0,1
TXN_015899,UPI,Android,Tier 3,4G,4,4581.34,high,1,1
TXN_015900,Card,Android,Tier 2,Wifi,6,1102.37,med,1,1
TXN_015901,UPI,Android,Tier 2,4G,11,882.16,med,0,1
TXN_015902,UPI,Desktop,Tier 2,4G,16,2929.56,high,0,1
TXN_015903,UPI,Android,Tier 1,4G,18,1274.02,med,0,1
TXN_015904,UPI,Android,Tier 3,5G,15,202.09,low,2,1
TXN_015905,Card,Desktop,Tier 2,Wifi,1,1000.56,med,0,1
TXN_015906,UPI,Android,Tier 1,4G,11,1546.72,med,0,0
TXN_015907,Netbanking,Android,Tier 1,5G,16,405.05,low,0,0
TXN_015908,UPI,Android,Tier 1,4G,20,4149.95,high,0,1
TXN_015909,UPI,Android,Tier 1,4G,2,672.55,med,0,1
TXN_015910,UPI,Android,Tier 1,Wifi,7,1105.23,med,0,0
TXN_015911,Wallet,Android,Tier 1,4G,4,808.57,med,0,1
TXN_015912,Card,Android,Tier 2,4G,20,2758.77,high,1,1
TXN_015913,UPI,Desktop,Tier 2,5G,22,2416.42,high,0,1
TXN_015914,UPI,Android,Tier 2,4G,23,771.26,med,0,1
TXN_015915,UPI,Android,Tier 1,5G,16,329.61,low,0,1
TXN_015916,PayLater,Android,Tier 2,Wifi,20,205.91,low,0,1
TXN_015917,Card,iOS,Tier 1,4G,13,569.02,med,0,1
TXN_015918,UPI,Android,Tier 2,4G,22,982.77,med,1,1
TXN_015919,Card,iOS,Tier 1,4G,13,724.3,med,1,0
TXN_015920,UPI,Android,Tier 2,4G,3,647.14,med,1,1
TXN_015921,PayLater,Desktop,Tier 1,4G,14,346.65,low,0,1
TXN_015922,UPI,Android,Tier 3,Wifi,1,147.0,low,0,1
TXN_015923,Card,Android,Tier 3,5G,20,784.09,med,0,1
TXN_015924,UPI,Android,Tier 2,4G,3,248.64,low,0,1
TXN_015925,Card,iOS,Tier 1,Wifi,16,908.16,med,3,0
TXN_015926,Netbanking,Android,Tier 1,4G,22,1238.08,med,0,1
TXN_015927,Card,Android,Tier 3,5G,2,3786.35,high,0,1
TXN_015928,Card,Android,Tier 2,4G,21,474.04,low,0,1
TXN_015929,Wallet,iOS,Tier 3,4G,20,173.36,low,4,0
TXN_015930,UPI,iOS,Tier 1,5G,15,592.86,med,0,1
TXN_015931,UPI,Android,Tier 3,4G,11,1004.39,med,0,1
TXN_015932,UPI,Android,Tier 3,5G,19,3689.9,high,0,1
TXN_015933,PayLater,Android,Tier 2,4G,2,3232.07,high,0,0
TXN_015934,UPI,iOS,Tier 1,4G,4,679.88,med,0,1
TXN_015935,Card,iOS,Tier 2,5G,15,593.52,med,0,1
TXN_015936,Card,Android,Tier 3,Wifi,6,193.56,low,0,0
TXN_015937,UPI,Android,Tier 3,4G,19,509.46,med,0,1
TXN_015938,UPI,Desktop,Tier 1,4G,15,1492.54,med,0,1
TXN_015939,UPI,iOS,Tier 1,5G,16,3934.57,high,0,1
TXN_015940,UPI,Android,Tier 3,5G,1,1858.08,med,1,1
TXN_015941,UPI,Android,Tier 2,5G,11,397.86,low,1,1
TXN_015942,UPI,Android,Tier 3,5G,12,159.69,low,0,1
TXN_015943,Wallet,Android,Tier 3,3G,4,1142.17,med,0,1
TXN_015944,PayLater,Android,Tier 3,4G,15,540.22,med,1,1
TXN_015945,UPI,Android,Tier 1,5G,7,1636.85,med,1,1
TXN_015946,UPI,Android,Tier 1,5G,23,322.43,low,0,1
TXN_015947,UPI,Android,Tier 1,5G,13,6313.55,high,0,1
TXN_015948,Card,Android,Tier 3,4G,7,508.92,med,1,1
TXN_015949,Netbanking,Android,Tier 2,5G,17,5711.81,high,0,1
TXN_015950,UPI,iOS,Tier 1,5G,19,1998.09,med,1,1
TXN_015951,UPI,Android,Tier 1,5G,11,1688.62,med,0,1
TXN_015952,Netbanking,Android,Tier 1,4G,10,246.5,low,0,1
TXN_015953,Card,Android,Tier 3,5G,15,182.96,low,1,1
TXN_015954,UPI,iOS,Tier 2,Wifi,21,701.23,med,0,1
TXN_015955,Card,iOS,Tier 2,Wifi,14,196.64,low,0,0
TXN_015956,UPI,Android,Tier 1,5G,12,2803.51,high,0,1
TXN_015957,UPI,Desktop,Tier 3,5G,21,2631.05,high,4,1
TXN_015958,Netbanking,Android,Tier 1,4G,20,1394.27,med,1,0
TXN_015959,Netbanking,Desktop,Tier 2,4G,17,420.7,low,0,0
TXN_015960,UPI,Android,Tier 1,4G,23,2648.5,high,1,1
TXN_015961,Wallet,Android,Tier 1,Wifi,0,797.78,med,0,1
TXN_015962,UPI,Android,Tier 1,4G,0,345.36,low,0,1
TXN_015963,Netbanking,Android,Tier 2,5G,0,651.31,med,3,1
TXN_015964,UPI,Android,Tier 2,Wifi,8,809.65,med,1,1
TXN_015965,Wallet,iOS,Tier 1,Wifi,20,1462.36,med,0,0
TXN_015966,Wallet,iOS,Tier 1,5G,13,3609.62,high,0,1
TXN_015967,UPI,Android,Tier 3,5G,17,112.92,low,0,1
TXN_015968,Wallet,Android,Tier 1,5G,0,7400.04,high,0,1
TXN_015969,Netbanking,Android,Tier 1,4G,19,1122.36,med,0,1
TXN_015970,Netbanking,Android,Tier 2,4G,10,1308.58,med,0,0
TXN_015971,UPI,Android,Tier 3,4G,1,1568.65,med,1,1
TXN_015972,Netbanking,Android,Tier 1,4G,18,1161.01,med,0,0
TXN_015973,Netbanking,iOS,Tier 3,Wifi,1,2055.75,high,0,1
TXN_015974,UPI,Android,Tier 1,4G,23,36410.33,ultra_high,0,1
TXN_015975,PayLater,Android,Tier 1,5G,18,8518.19,high,0,1
TXN_015976,UPI,Android,Tier 1,4G,1,775.66,med,0,1
TXN_015977,UPI,Android,Tier 2,3G,5,7155.71,high,1,1
TXN_015978,UPI,Android,Tier 1,4G,22,2144.53,high,0,1
TXN_015979,Card,iOS,Tier 2,4G,14,213.05,low,0,1
TXN_015980,Card,Android,Tier 1,4G,10,203.15,low,0,1
TXN_015981,UPI,Android,Tier 1,Wifi,15,838.83,med,0,1
TXN_015982,PayLater,iOS,Tier 3,4G,19,3557.13,high,2,0
TXN_015983,UPI,Android,Tier 2,Wifi,20,965.11,med,1,1
TXN_015984,UPI,iOS,Tier 1,5G,21,3502.13,high,0,1
TXN_015985,UPI,Android,Tier 2,4G,2,2743.05,high,0,1
TXN_015986,Card,Android,Tier 2,4G,2,1583.99,med,0,0
TXN_015987,Wallet,iOS,Tier 1,5G,18,680.29,med,0,1
TXN_015988,Card,Android,Tier 2,4G,20,503.77,med,0,1
TXN_015989,Netbanking,Android,Tier 1,Wifi,10,566.45,med,2,1
TXN_015990,UPI,Android,Tier 2,4G,5,2244.43,high,0,1
TXN_015991,UPI,iOS,Tier 2,5G,8,1009.79,med,4,0
TXN_015992,UPI,Android,Tier 1,5G,4,944.52,med,0,1
TXN_015993,UPI,Android,Tier 1,5G,23,401.08,low,0,1
TXN_015994,UPI,iOS,Tier 1,4G,6,3538.53,high,0,1
TXN_015995,Card,Android,Tier 3,Wifi,19,2434.59,high,0,1
TXN_015996,UPI,iOS,Tier 2,5G,0,24368.74,ultra_high,0,1
TXN_015997,Netbanking,iOS,Tier 1,5G,2,1067.1,med,0,0
TXN_015998,UPI,Android,Tier 2,5G,10,7203.57,high,0,1
TXN_015999,UPI,iOS,Tier 1,5G,20,582.88,med,1,1
TXN_016000,Card,Android,Tier 2,Wifi,9,156.37,low,1,1
TXN_016001,UPI,Android,Tier 2,Wifi,12,343.42,low,0,1
TXN_016002,Wallet,Android,Tier 3,4G,2,2403.34,high,0,0
TXN_016003,Card,Android,Tier 1,4G,10,195.81,low,2,1
TXN_016004,UPI,iOS,Tier 2,3G,19,719.61,med,1,1
TXN_016005,PayLater,Android,Tier 2,4G,8,1359.8,med,0,1
TXN_016006,UPI,Android,Tier 3,Wifi,10,2462.8,high,0,1
TXN_016007,UPI,Desktop,Tier 2,5G,8,278.52,low,0,1
TXN_016008,Card,Android,Tier 2,4G,12,2353.08,high,4,0
TXN_016009,UPI,Android,Tier 1,4G,8,672.12,med,1,1
TXN_016010,Netbanking,Android,Tier 2,4G,13,2760.07,high,1,0
TXN_016011,Netbanking,Desktop,Tier 3,Wifi,15,1998.4,med,0,1
TXN_016012,PayLater,iOS,Tier 3,4G,16,526.06,med,2,0
TXN_016013,UPI,iOS,Tier 2,4G,14,246.13,low,0,1
TXN_016014,UPI,Android,Tier 1,Wifi,10,2899.46,high,1,1
TXN_016015,Netbanking,iOS,Tier 3,4G,11,271.55,low,0,0
TXN_016016,UPI,Android,Tier 1,5G,10,967.03,med,0,1
TXN_016017,UPI,iOS,Tier 1,5G,17,667.05,med,0,1
TXN_016018,UPI,Android,Tier 2,4G,23,292.56,low,0,1
TXN_016019,UPI,Android,Tier 1,4G,11,401.96,low,0,1
TXN_016020,UPI,Android,Tier 3,4G,7,683.66,med,0,1
TXN_016021,Netbanking,Android,Tier 2,4G,20,641.98,med,2,1
TXN_016022,Netbanking,Android,Tier 2,4G,9,957.08,med,0,0
TXN_016023,UPI,Desktop,Tier 2,5G,22,566.71,med,0,1
TXN_016024,UPI,Android,Tier 2,5G,2,3321.64,high,0,1
TXN_016025,UPI,iOS,Tier 2,5G,19,4330.89,high,0,1
TXN_016026,Wallet,Android,Tier 1,4G,3,340.39,low,0,1
TXN_016027,UPI,iOS,Tier 2,4G,12,409.7,low,0,1
TXN_016028,Card,iOS,Tier 1,4G,19,1084.29,med,0,1
TXN_016029,UPI,Android,Tier 1,4G,7,477.3,low,3,1
TXN_016030,Card,Android,Tier 2,Wifi,1,618.9,med,0,1
TXN_016031,UPI,Android,Tier 1,4G,1,713.21,med,0,1
TXN_016032,Netbanking,Android,Tier 3,4G,20,281.68,low,1,1
TXN_016033,UPI,Android,Tier 2,5G,5,555.7,med,0,1
TXN_016034,Card,iOS,Tier 3,5G,19,215.35,low,0,1
TXN_016035,UPI,Desktop,Tier 1,3G,6,920.95,med,3,0
TXN_016036,Card,Android,Tier 3,4G,3,17125.28,ultra_high,0,1
TXN_016037,Wallet,Android,Tier 1,4G,7,417.39,low,0,1
TXN_016038,UPI,iOS,Tier 1,4G,17,244.74,low,0,1
TXN_016039,Netbanking,Android,Tier 1,4G,9,93.55,low,0,1
TXN_016040,Card,Android,Tier 2,5G,19,592.1,med,0,1
TXN_016041,UPI,iOS,Tier 1,Wifi,10,562.16,med,1,1
TXN_016042,UPI,Android,Tier 2,5G,6,498.2,low,2,0
TXN_016043,UPI,Android,Tier 1,4G,4,6783.76,high,0,1
TXN_016044,Card,iOS,Tier 1,4G,10,1017.16,med,0,0
TXN_016045,Netbanking,Android,Tier 2,Wifi,17,3886.16,high,0,1
TXN_016046,UPI,iOS,Tier 1,4G,15,2855.36,high,0,1
TXN_016047,UPI,Android,Tier 2,Wifi,18,220.95,low,0,1
TXN_016048,Netbanking,Android,Tier 2,5G,19,2940.01,high,0,0
TXN_016049,Wallet,Desktop,Tier 3,3G,4,826.51,med,2,1
TXN_016050,UPI,Android,Tier 1,Wifi,6,174.88,low,1,1
TXN_016051,PayLater,iOS,Tier 3,4G,2,382.0,low,0,1
TXN_016052,UPI,iOS,Tier 2,5G,9,3597.64,high,2,0
TXN_016053,UPI,Android,Tier 3,4G,18,705.69,med,1,1
TXN_016054,Netbanking,Android,Tier 1,4G,4,530.49,med,2,1
TXN_016055,UPI,Android,Tier 2,4G,4,2652.17,high,0,1
TXN_016056,UPI,iOS,Tier 3,4G,22,4402.99,high,0,1
TXN_016057,UPI,Android,Tier 1,4G,21,1476.8,med,0,1
TXN_016058,Netbanking,Android,Tier 2,4G,10,605.49,med,3,0
TXN_016059,Netbanking,Android,Tier 3,5G,18,3497.64,high,0,1
TXN_016060,UPI,Android,Tier 2,Wifi,11,96.35,low,0,1
TXN_016061,UPI,iOS,Tier 1,5G,16,1037.87,med,2,0
TXN_016062,UPI,iOS,Tier 2,4G,21,3181.45,high,0,1
TXN_016063,Card,Desktop,Tier 1,4G,21,3851.75,high,1,1
TXN_016064,UPI,Android,Tier 3,4G,19,7414.48,high,0,1
TXN_016065,Netbanking,iOS,Tier 1,5G,14,4019.49,high,0,1
TXN_016066,UPI,Android,Tier 1,Wifi,17,1339.34,med,0,1
TXN_016067,UPI,Android,Tier 1,4G,8,313.82,low,0,1
TXN_016068,UPI,Android,Tier 2,5G,21,685.74,med,0,1
TXN_016069,UPI,Desktop,Tier 3,5G,16,692.71,med,0,1
TXN_016070,Wallet,iOS,Tier 1,4G,23,335.18,low,2,1
TXN_016071,UPI,Desktop,Tier 1,4G,22,28.19,low,2,1
TXN_016072,UPI,iOS,Tier 1,5G,10,929.41,med,0,1
TXN_016073,UPI,iOS,Tier 3,5G,5,282.02,low,0,1
TXN_016074,UPI,Android,Tier 2,4G,11,1143.1,med,0,1
TXN_016075,UPI,iOS,Tier 1,4G,10,191.97,low,0,1
TXN_016076,UPI,Android,Tier 2,5G,16,166.59,low,0,1
TXN_016077,UPI,Android,Tier 1,4G,9,474.71,low,0,1
TXN_016078,Card,Android,Tier 2,Wifi,12,2725.74,high,0,1
TXN_016079,UPI,Android,Tier 1,4G,4,1108.39,med,0,1
TXN_016080,UPI,Android,Tier 3,4G,3,1845.31,med,0,1
TXN_016081,PayLater,Android,Tier 3,4G,6,260.61,low,1,0
TXN_016082,UPI,Android,Tier 2,Wifi,14,1012.28,med,0,1
TXN_016083,UPI,Desktop,Tier 2,Wifi,1,309.25,low,1,1
TXN_016084,UPI,iOS,Tier 2,Wifi,16,3678.56,high,0,1
TXN_016085,UPI,Android,Tier 1,4G,22,3839.22,high,0,0
TXN_016086,Netbanking,Android,Tier 2,Wifi,23,468.42,low,0,1
TXN_016087,UPI,Android,Tier 2,Wifi,20,5860.77,high,1,1
TXN_016088,Card,Android,Tier 3,4G,7,734.82,med,0,1
TXN_016089,UPI,Android,Tier 1,3G,15,6137.52,high,0,1
TXN_016090,UPI,Desktop,Tier 2,Wifi,19,218.73,low,3,0
TXN_016091,Netbanking,Android,Tier 2,3G,23,220.41,low,0,0
TXN_016092,UPI,Android,Tier 1,Wifi,2,1745.86,med,0,1
TXN_016093,Card,Android,Tier 2,5G,22,337.71,low,0,1
TXN_016094,UPI,Android,Tier 3,Wifi,21,1465.81,med,0,1
TXN_016095,Card,Android,Tier 3,4G,16,261.9,low,0,1
TXN_016096,UPI,Android,Tier 2,Wifi,4,202.48,low,0,1
TXN_016097,Netbanking,Desktop,Tier 1,4G,13,2847.69,high,3,1
TXN_016098,UPI,Android,Tier 3,5G,13,10705.14,ultra_high,1,1
TXN_016099,Wallet,Android,Tier 2,Wifi,13,761.37,med,0,1
TXN_016100,UPI,Android,Tier 1,5G,10,1941.17,med,0,1
TXN_016101,Card,Android,Tier 1,Wifi,19,723.86,med,0,1
TXN_016102,UPI,Android,Tier 1,4G,12,1889.98,med,1,0
TXN_016103,Wallet,Android,Tier 1,5G,21,20.0,low,0,1
TXN_016104,UPI,Android,Tier 2,4G,8,443.9,low,1,1
TXN_016105,UPI,Android,Tier 1,4G,19,9731.29,high,2,1
TXN_016106,UPI,Android,Tier 1,5G,1,1465.7,med,0,1
TXN_016107,UPI,Android,Tier 1,5G,11,837.27,med,2,0
TXN_016108,UPI,Android,Tier 2,4G,7,1823.95,med,0,1
TXN_016109,Wallet,Android,Tier 1,4G,15,2689.57,high,0,0
TXN_016110,PayLater,Android,Tier 1,4G,0,68.22,low,0,1
TXN_016111,UPI,Android,Tier 1,5G,15,647.83,med,0,1
TXN_016112,Wallet,Android,Tier 2,5G,5,198.81,low,1,1
TXN_016113,UPI,Android,Tier 1,4G,19,11800.92,ultra_high,0,1
TXN_016114,UPI,Android,Tier 2,5G,5,146.6,low,0,1
TXN_016115,Card,Android,Tier 1,4G,2,722.35,med,0,1
TXN_016116,Card,Android,Tier 1,5G,8,1895.87,med,0,1
TXN_016117,PayLater,Desktop,Tier 1,4G,18,1896.83,med,0,0
TXN_016118,UPI,iOS,Tier 1,3G,2,247.64,low,1,1
TXN_016119,Card,iOS,Tier 1,4G,20,266.15,low,1,1
TXN_016120,UPI,iOS,Tier 1,5G,6,355.41,low,0,1
TXN_016121,UPI,Desktop,Tier 1,5G,13,487.98,low,0,1
TXN_016122,UPI,iOS,Tier 2,4G,21,534.97,med,0,1
TXN_016123,PayLater,Android,Tier 1,4G,13,1980.78,med,0,1
TXN_016124,Netbanking,Android,Tier 3,4G,22,436.93,low,1,0
TXN_016125,Netbanking,Android,Tier 3,Wifi,2,1283.56,med,0,0
TXN_016126,UPI,Android,Tier 2,4G,4,399.24,low,0,0
TXN_016127,UPI,Desktop,Tier 1,5G,4,1542.05,med,0,1
TXN_016128,UPI,Android,Tier 3,5G,18,1303.79,med,0,1
TXN_016129,UPI,iOS,Tier 1,4G,9,611.61,med,0,1
TXN_016130,UPI,Android,Tier 1,4G,8,325.23,low,0,1
TXN_016131,Netbanking,Android,Tier 1,Wifi,15,469.62,low,0,0
TXN_016132,UPI,Android,Tier 3,4G,8,346.64,low,0,1
TXN_016133,UPI,Android,Tier 1,4G,5,975.15,med,0,1
TXN_016134,UPI,Android,Tier 3,5G,4,2344.23,high,2,1
TXN_016135,UPI,iOS,Tier 1,4G,3,1622.32,med,0,1
TXN_016136,UPI,iOS,Tier 3,4G,19,2418.66,high,0,1
TXN_016137,Wallet,iOS,Tier 3,4G,20,254.88,low,0,0
TXN_016138,Card,Android,Tier 3,3G,17,862.97,med,0,1
TXN_016139,Netbanking,iOS,Tier 2,4G,15,401.65,low,0,1
TXN_016140,UPI,Android,Tier 3,3G,23,956.13,med,0,1
TXN_016141,UPI,Android,Tier 3,4G,6,1894.64,med,1,1
TXN_016142,UPI,iOS,Tier 1,4G,13,515.52,med,2,1
TXN_016143,Wallet,Android,Tier 2,Wifi,22,135.16,low,0,1
TXN_016144,Netbanking,Android,Tier 2,4G,16,265.72,low,0,0
TXN_016145,UPI,Android,Tier 1,4G,7,77.88,low,0,1
TXN_016146,UPI,iOS,Tier 2,4G,10,928.71,med,0,1
TXN_016147,UPI,Android,Tier 1,Wifi,16,536.28,med,0,1
TXN_016148,Card,Android,Tier 2,4G,13,444.1,low,1,0
TXN_016149,Wallet,Android,Tier 1,5G,8,154.32,low,0,1
TXN_016150,Card,iOS,Tier 1,5G,5,446.93,low,1,1
TXN_016151,UPI,iOS,Tier 1,4G,7,765.39,med,4,1
TXN_016152,UPI,Android,Tier 3,4G,16,677.14,med,0,1
TXN_016153,UPI,Android,Tier 1,Wifi,21,2660.31,high,2,1
TXN_016154,UPI,Android,Tier 3,5G,12,318.62,low,0,0
TXN_016155,UPI,Android,Tier 3,5G,12,853.08,med,0,1
TXN_016156,Card,Android,Tier 2,4G,16,3382.05,high,0,1
TXN_016157,Card,Android,Tier 1,4G,18,2992.37,high,0,1
TXN_016158,UPI,Android,Tier 1,5G,1,2716.23,high,1,1
TXN_016159,Netbanking,iOS,Tier 2,5G,17,692.29,med,1,0
TXN_016160,UPI,Android,Tier 1,5G,3,789.11,med,0,1
TXN_016161,UPI,iOS,Tier 2,4G,6,663.32,med,0,1
TXN_016162,UPI,iOS,Tier 3,3G,15,1978.5,med,0,1
TXN_016163,UPI,iOS,Tier 1,4G,18,278.57,low,0,1
TXN_016164,UPI,Android,Tier 2,4G,14,1967.15,med,0,1
TXN_016165,UPI,Android,Tier 3,Wifi,22,286.39,low,0,1
TXN_016166,UPI,Desktop,Tier 3,5G,13,1878.16,med,0,1
TXN_016167,PayLater,Android,Tier 3,4G,12,1944.5,med,0,1
TXN_016168,UPI,Android,Tier 3,5G,19,2540.0,high,0,0
TXN_016169,UPI,Android,Tier 1,4G,6,1832.79,med,0,1
TXN_016170,UPI,Android,Tier 3,4G,14,1507.16,med,0,1
TXN_016171,Card,Desktop,Tier 3,5G,0,11994.57,ultra_high,0,1
TXN_016172,UPI,Android,Tier 2,4G,1,182.83,low,0,1
TXN_016173,Netbanking,Android,Tier 1,4G,23,4657.15,high,4,1
TXN_016174,UPI,iOS,Tier 2,4G,2,7732.65,high,0,1
TXN_016175,UPI,Desktop,Tier 1,4G,20,585.47,med,0,1
TXN_016176,Card,Android,Tier 1,4G,23,2818.82,high,0,1
TXN_016177,UPI,Android,Tier 2,Wifi,4,6978.46,high,0,1
TXN_016178,UPI,Android,Tier 2,5G,15,844.92,med,0,1
TXN_016179,UPI,Android,Tier 2,4G,16,789.12,med,0,1
TXN_016180,Card,iOS,Tier 1,5G,17,336.8,low,1,0
TXN_016181,UPI,Android,Tier 3,Wifi,15,14599.09,ultra_high,0,1
TXN_016182,UPI,Android,Tier 1,5G,10,4050.08,high,1,1
TXN_016183,PayLater,Android,Tier 1,4G,2,291.79,low,0,1
TXN_016184,UPI,Android,Tier 2,4G,9,2300.58,high,0,1
TXN_016185,Netbanking,Android,Tier 1,Wifi,17,692.1,med,0,0
TXN_016186,Netbanking,Android,Tier 1,4G,15,148.49,low,0,1
TXN_016187,UPI,iOS,Tier 1,4G,8,28521.97,ultra_high,1,1
TXN_016188,UPI,Android,Tier 2,5G,20,319.38,low,0,1
TXN_016189,UPI,Desktop,Tier 2,4G,0,566.76,med,1,1
TXN_016190,Card,Android,Tier 1,3G,10,714.4,med,0,0
TXN_016191,Card,Android,Tier 1,Wifi,10,508.9,med,0,1
TXN_016192,Netbanking,Android,Tier 2,5G,12,833.36,med,0,0
TXN_016193,Wallet,Android,Tier 3,Wifi,7,3221.11,high,0,0
TXN_016194,Card,Android,Tier 2,4G,18,663.91,med,0,0
TXN_016195,UPI,Android,Tier 3,Wifi,8,1926.97,med,0,1
TXN_016196,UPI,iOS,Tier 2,5G,5,1090.06,med,0,1
TXN_016197,Netbanking,iOS,Tier 2,4G,3,211.68,low,0,1
TXN_016198,UPI,Android,Tier 3,Wifi,8,1658.37,med,0,1
TXN_016199,UPI,Android,Tier 2,Wifi,14,793.12,med,0,1
TXN_016200,Card,iOS,Tier 3,Wifi,17,101.27,low,0,1
TXN_016201,UPI,Android,Tier 2,5G,21,218.23,low,0,1
TXN_016202,Wallet,Desktop,Tier 3,4G,3,2329.78,high,1,1
TXN_016203,Card,iOS,Tier 2,4G,18,17723.13,ultra_high,1,1
TXN_016204,UPI,Android,Tier 3,4G,15,1094.99,med,0,1
TXN_016205,Wallet,Android,Tier 1,4G,5,22.88,low,0,0
TXN_016206,UPI,Android,Tier 2,4G,11,1519.31,med,0,1
TXN_016207,UPI,iOS,Tier 3,5G,14,138.07,low,1,1
TXN_016208,UPI,Android,Tier 1,5G,14,536.24,med,0,1
TXN_016209,UPI,iOS,Tier 2,4G,14,8788.22,high,1,1
TXN_016210,UPI,Android,Tier 3,5G,15,378.08,low,0,1
TXN_016211,UPI,Android,Tier 1,4G,13,1599.9,med,1,1
TXN_016212,UPI,Android,Tier 2,5G,7,866.45,med,0,1
TXN_016213,UPI,Android,Tier 2,3G,1,1236.54,med,0,1
TXN_016214,Netbanking,Android,Tier 2,5G,14,121.67,low,0,0
TXN_016215,Netbanking,Android,Tier 1,4G,7,1236.22,med,0,1
TXN_016216,UPI,Android,Tier 1,4G,10,3999.65,high,0,1
TXN_016217,UPI,Android,Tier 1,5G,15,189.71,low,0,1
TXN_016218,UPI,Android,Tier 1,5G,7,4132.22,high,0,1
TXN_016219,UPI,Android,Tier 1,Wifi,4,297.21,low,1,1
TXN_016220,Netbanking,Android,Tier 2,4G,19,2850.75,high,0,1
TXN_016221,Card,Android,Tier 2,4G,3,353.54,low,0,1
TXN_016222,UPI,iOS,Tier 2,4G,11,247.46,low,2,1
TXN_016223,UPI,iOS,Tier 1,5G,9,1964.9,med,1,0
TXN_016224,UPI,Android,Tier 2,5G,3,1507.14,med,0,1
TXN_016225,Card,Android,Tier 1,4G,18,151.86,low,0,0
TXN_016226,UPI,iOS,Tier 3,4G,9,3004.18,high,0,1
TXN_016227,PayLater,iOS,Tier 2,5G,18,191.85,low,0,1
TXN_016228,Netbanking,iOS,Tier 3,3G,18,527.63,med,0,1
TXN_016229,UPI,Android,Tier 1,4G,10,1154.38,med,4,1
TXN_016230,Card,Android,Tier 2,4G,22,358.13,low,0,0
TXN_016231,Wallet,Android,Tier 2,4G,12,2523.29,high,1,1
TXN_016232,Card,iOS,Tier 3,4G,20,1826.61,med,0,1
TXN_016233,UPI,Android,Tier 2,5G,1,885.92,med,0,1
TXN_016234,UPI,Android,Tier 2,4G,13,57.69,low,2,1
TXN_016235,Netbanking,Android,Tier 1,5G,19,3990.71,high,0,1
TXN_016236,Card,Android,Tier 2,Wifi,17,999.66,med,0,0
TXN_016237,Card,Android,Tier 1,4G,15,499.75,low,0,1
TXN_016238,Netbanking,Android,Tier 1,Wifi,23,1030.12,med,3,1
TXN_016239,Wallet,Android,Tier 1,Wifi,3,3056.68,high,0,1
TXN_016240,Wallet,Android,Tier 3,4G,0,1355.92,med,0,1
TXN_016241,UPI,Android,Tier 1,4G,2,1213.12,med,0,1
TXN_016242,UPI,Android,Tier 3,Wifi,11,129.9,low,0,1
TXN_016243,Card,Android,Tier 3,5G,22,118.33,low,0,1
TXN_016244,Netbanking,Android,Tier 3,4G,2,682.61,med,0,0
TXN_016245,Card,Android,Tier 3,4G,20,1853.1,med,2,1
TXN_016246,UPI,Android,Tier 3,5G,17,3516.09,high,0,1
TXN_016247,Netbanking,Android,Tier 1,4G,23,5646.89,high,0,0
TXN_016248,Card,Android,Tier 1,5G,3,12997.26,ultra_high,1,0
TXN_016249,UPI,Android,Tier 2,5G,16,679.18,med,1,1
TXN_016250,UPI,Android,Tier 2,Wifi,11,1525.92,med,1,1
TXN_016251,UPI,Android,Tier 1,5G,19,1157.03,med,1,1
TXN_016252,UPI,Android,Tier 2,5G,7,466.78,low,0,1
TXN_016253,UPI,Android,Tier 2,5G,16,3589.7,high,0,1
TXN_016254,UPI,iOS,Tier 3,4G,13,2588.29,high,0,1
TXN_016255,UPI,Android,Tier 2,5G,21,751.46,med,0,0
TXN_016256,Card,Android,Tier 2,5G,19,304.46,low,3,0
TXN_016257,Card,Android,Tier 2,Wifi,10,218.24,low,1,0
TXN_016258,Netbanking,iOS,Tier 2,5G,7,395.23,low,1,0
TXN_016259,UPI,Android,Tier 3,5G,0,1337.68,med,0,1
TXN_016260,UPI,Android,Tier 1,4G,20,432.56,low,1,1
TXN_016261,Netbanking,Android,Tier 2,Wifi,16,1146.42,med,0,1
TXN_016262,UPI,Android,Tier 2,4G,19,597.67,med,0,1
TXN_016263,PayLater,Desktop,Tier 2,3G,17,689.26,med,0,0
TXN_016264,Netbanking,Android,Tier 1,4G,9,1413.17,med,1,1
TXN_016265,UPI,iOS,Tier 1,4G,8,737.3,med,0,1
TXN_016266,PayLater,Android,Tier 1,Wifi,1,237.0,low,0,1
TXN_016267,UPI,Android,Tier 1,Wifi,19,495.65,low,0,1
TXN_016268,UPI,Android,Tier 3,Wifi,2,2115.31,high,1,1
TXN_016269,Card,Android,Tier 2,4G,0,1269.59,med,0,0
TXN_016270,UPI,Android,Tier 1,Wifi,0,974.15,med,0,1
TXN_016271,Wallet,Android,Tier 1,5G,17,716.63,med,0,1
TXN_016272,UPI,Android,Tier 1,4G,7,318.22,low,2,0
TXN_016273,UPI,iOS,Tier 3,Wifi,17,158.03,low,0,1
TXN_016274,Card,Android,Tier 2,5G,0,1295.98,med,0,1
TXN_016275,Card,Android,Tier 3,4G,21,708.06,med,0,1
TXN_016276,UPI,Android,Tier 1,5G,16,1208.39,med,0,1
TXN_016277,UPI,Android,Tier 3,5G,9,2681.52,high,0,1
TXN_016278,Netbanking,Android,Tier 1,Wifi,8,254.25,low,1,0
TXN_016279,UPI,Android,Tier 1,4G,21,21.8,low,1,1
TXN_016280,Netbanking,Desktop,Tier 1,Wifi,9,1752.7,med,0,1
TXN_016281,Card,Android,Tier 2,Wifi,21,4472.53,high,0,1
TXN_016282,Netbanking,Android,Tier 1,4G,0,742.16,med,0,1
TXN_016283,Card,Android,Tier 2,4G,15,804.38,med,0,0
TXN_016284,UPI,iOS,Tier 3,5G,6,549.63,med,3,0
TXN_016285,Card,Android,Tier 1,Wifi,2,1751.03,med,0,1
TXN_016286,Netbanking,Android,Tier 1,5G,16,200.02,low,1,1
TXN_016287,UPI,Desktop,Tier 3,Wifi,8,4140.98,high,0,1
TXN_016288,PayLater,iOS,Tier 2,5G,14,1051.86,med,0,1
TXN_016289,UPI,Android,Tier 3,5G,7,666.94,med,0,1
TXN_016290,UPI,Desktop,Tier 1,4G,3,433.7,low,0,1
TXN_016291,UPI,Android,Tier 1,4G,18,2732.84,high,0,1
TXN_016292,PayLater,Android,Tier 1,5G,1,689.82,med,0,0
TXN_016293,UPI,Android,Tier 3,5G,1,5242.01,high,0,1
TXN_016294,Netbanking,iOS,Tier 3,5G,12,2447.43,high,1,0
TXN_016295,Wallet,Android,Tier 3,5G,18,4376.41,high,0,0
TXN_016296,UPI,Android,Tier 2,5G,0,701.21,med,0,1
TXN_016297,UPI,Desktop,Tier 3,4G,22,1665.33,med,0,1
TXN_016298,Card,Android,Tier 2,5G,14,1152.24,med,0,1
TXN_016299,UPI,iOS,Tier 2,4G,1,640.69,med,2,1
TXN_016300,Netbanking,Android,Tier 3,5G,15,257.35,low,0,0
TXN_016301,UPI,Android,Tier 1,5G,21,12899.37,ultra_high,0,1
TXN_016302,UPI,Android,Tier 1,5G,13,473.1,low,0,1
TXN_016303,Netbanking,iOS,Tier 1,4G,5,2046.93,high,4,1
TXN_016304,UPI,Android,Tier 3,4G,10,3386.87,high,0,1
TXN_016305,UPI,Android,Tier 1,4G,13,383.74,low,0,1
TXN_016306,UPI,Android,Tier 1,5G,19,179.79,low,0,1
TXN_016307,UPI,iOS,Tier 3,4G,3,1483.4,med,0,1
TXN_016308,UPI,Android,Tier 1,4G,16,527.12,med,0,1
TXN_016309,Netbanking,Android,Tier 1,3G,15,354.14,low,0,0
TXN_016310,UPI,Android,Tier 2,4G,5,474.45,low,3,1
TXN_016311,UPI,iOS,Tier 3,4G,7,1370.01,med,0,1
TXN_016312,Card,Android,Tier 1,5G,12,149.6,low,1,1
TXN_016313,UPI,Android,Tier 2,5G,3,716.59,med,2,1
TXN_016314,UPI,Desktop,Tier 1,5G,15,215.59,low,1,1
TXN_016315,Wallet,iOS,Tier 2,5G,16,4782.04,high,0,1
TXN_016316,Card,Android,Tier 1,4G,3,757.38,med,0,1
TXN_016317,Card,Desktop,Tier 1,4G,15,3712.32,high,1,0
TXN_016318,Card,Android,Tier 2,4G,1,2941.63,high,3,0
TXN_016319,UPI,Android,Tier 3,4G,19,1003.65,med,0,1
TXN_016320,Card,Android,Tier 2,5G,23,2018.86,high,0,1
TXN_016321,UPI,Android,Tier 3,4G,12,1816.45,med,3,0
TXN_016322,UPI,iOS,Tier 2,5G,2,3044.05,high,1,1
TXN_016323,UPI,Android,Tier 1,5G,20,805.65,med,0,1
TXN_016324,UPI,Android,Tier 1,4G,9,1228.11,med,3,1
TXN_016325,UPI,Android,Tier 3,4G,17,259.03,low,0,1
TXN_016326,PayLater,Android,Tier 2,4G,2,324.89,low,0,1
TXN_016327,UPI,Android,Tier 3,4G,0,1922.44,med,0,1
TXN_016328,UPI,Android,Tier 1,5G,22,1641.85,med,0,1
TXN_016329,UPI,Android,Tier 1,Wifi,10,297.79,low,0,1
TXN_016330,UPI,iOS,Tier 1,5G,4,953.26,med,2,1
TXN_016331,Card,Android,Tier 1,5G,2,194.66,low,0,1
TXN_016332,UPI,Android,Tier 1,4G,10,157.85,low,0,1
TXN_016333,UPI,Android,Tier 2,5G,0,1179.24,med,0,1
TXN_016334,UPI,Android,Tier 2,5G,14,404.6,low,0,1
TXN_016335,Card,Desktop,Tier 1,4G,6,1223.78,med,0,0
TXN_016336,UPI,iOS,Tier 1,Wifi,23,529.63,med,0,1
TXN_016337,UPI,Android,Tier 2,4G,1,384.71,low,0,1
TXN_016338,UPI,Android,Tier 2,5G,14,4000.06,high,0,1
TXN_016339,UPI,Android,Tier 2,5G,17,2146.56,high,0,1
TXN_016340,UPI,Android,Tier 2,Wifi,3,444.48,low,0,1
TXN_016341,Card,Android,Tier 3,Wifi,0,4479.37,high,2,1
TXN_016342,Card,iOS,Tier 2,Wifi,8,264.2,low,1,1
TXN_016343,Netbanking,iOS,Tier 3,5G,8,260.79,low,1,1
TXN_016344,UPI,Android,Tier 2,5G,21,283.02,low,1,1
TXN_016345,UPI,iOS,Tier 1,4G,5,450.6,low,0,0
TXN_016346,UPI,iOS,Tier 1,4G,13,308.95,low,0,1
TXN_016347,PayLater,iOS,Tier 2,Wifi,8,670.24,med,0,0
TXN_016348,Card,Desktop,Tier 2,4G,1,313.84,low,0,1
TXN_016349,Card,Android,Tier 2,4G,8,465.73,low,0,1
TXN_016350,UPI,Android,Tier 1,4G,12,819.54,med,0,1
TXN_016351,UPI,iOS,Tier 2,4G,19,2412.05,high,0,1
TXN_016352,UPI,iOS,Tier 2,4G,19,1342.57,med,0,1
TXN_016353,Card,Desktop,Tier 2,4G,22,3894.86,high,0,1
TXN_016354,Wallet,Android,Tier 2,4G,11,797.26,med,0,1
TXN_016355,PayLater,Android,Tier 3,4G,9,709.71,med,0,0
TXN_016356,UPI,Android,Tier 2,4G,4,5377.3,high,0,1
TXN_016357,UPI,Android,Tier 1,Wifi,23,2465.17,high,1,1
TXN_016358,Wallet,Android,Tier 3,5G,11,3081.04,high,1,0
TXN_016359,Card,Android,Tier 1,5G,0,11437.18,ultra_high,2,0
TXN_016360,UPI,Android,Tier 2,5G,22,296.6,low,0,1
TXN_016361,UPI,Android,Tier 1,4G,3,121.41,low,1,1
TXN_016362,UPI,Android,Tier 1,Wifi,12,1344.74,med,0,1
TXN_016363,UPI,Android,Tier 1,Wifi,17,999.22,med,0,1
TXN_016364,UPI,Android,Tier 1,4G,1,302.46,low,0,1
TXN_016365,Card,Android,Tier 1,4G,10,1245.46,med,1,0
TXN_016366,UPI,Desktop,Tier 1,5G,21,710.53,med,0,1
TXN_016367,UPI,Android,Tier 2,4G,3,1272.09,med,1,1
TXN_016368,UPI,Android,Tier 2,Wifi,17,2014.77,high,1,1
TXN_016369,Netbanking,iOS,Tier 3,5G,6,2318.51,high,0,0
TXN_016370,Card,Android,Tier 3,4G,8,1998.9,med,2,0
TXN_016371,UPI,Android,Tier 2,4G,1,41.98,low,0,1
TXN_016372,Wallet,Android,Tier 3,5G,3,2199.85,high,1,1
TXN_016373,Wallet,Desktop,Tier 2,4G,13,270.31,low,0,0
TXN_016374,UPI,Android,Tier 2,Wifi,16,842.68,med,1,1
TXN_016375,UPI,Desktop,Tier 2,4G,0,1362.87,med,0,1
TXN_016376,Card,iOS,Tier 1,3G,2,2945.01,high,0,1
TXN_016377,Netbanking,Android,Tier 3,4G,0,596.08,med,2,0
TXN_016378,PayLater,Android,Tier 2,5G,19,992.12,med,1,0
TXN_016379,Wallet,Android,Tier 1,4G,21,622.21,med,0,1
TXN_016380,Card,Android,Tier 1,4G,20,899.44,med,1,0
TXN_016381,UPI,Android,Tier 1,5G,12,738.7,med,0,1
TXN_016382,UPI,Desktop,Tier 3,4G,13,2144.32,high,0,1
TXN_016383,UPI,Android,Tier 3,4G,11,4900.5,high,0,1
TXN_016384,UPI,Android,Tier 1,4G,10,152.3,low,0,1
TXN_016385,Card,iOS,Tier 1,4G,17,3314.08,high,0,1
TXN_016386,Card,Android,Tier 1,5G,1,2925.89,high,1,1
TXN_016387,Card,Android,Tier 3,Wifi,2,1401.55,med,2,1
TXN_016388,UPI,iOS,Tier 1,4G,3,38868.38,ultra_high,0,1
TXN_016389,Card,iOS,Tier 3,4G,8,662.96,med,0,1
TXN_016390,UPI,Android,Tier 2,4G,10,429.71,low,0,1
TXN_016391,UPI,Desktop,Tier 3,Wifi,21,16533.62,ultra_high,0,0
TXN_016392,Netbanking,Android,Tier 2,Wifi,20,108.75,low,0,0
TXN_016393,Card,Android,Tier 2,5G,8,135.52,low,0,1
TXN_016394,PayLater,Android,Tier 2,Wifi,16,2334.82,high,2,1
TXN_016395,UPI,Android,Tier 3,Wifi,14,1235.65,med,1,1
TXN_016396,UPI,Android,Tier 3,4G,8,191.61,low,1,1
TXN_016397,UPI,Android,Tier 2,4G,6,2400.94,high,0,1
TXN_016398,UPI,iOS,Tier 2,4G,7,606.55,med,1,1
TXN_016399,Netbanking,Android,Tier 3,4G,2,92.61,low,3,0
TXN_016400,Card,iOS,Tier 3,5G,0,1972.6,med,0,1
TXN_016401,Wallet,Android,Tier 2,5G,3,2936.57,high,0,1
TXN_016402,UPI,Desktop,Tier 1,5G,16,190.37,low,1,1
TXN_016403,Wallet,Android,Tier 1,4G,0,153.44,low,0,1
TXN_016404,UPI,Android,Tier 3,Wifi,3,42.08,low,0,1
TXN_016405,Wallet,Android,Tier 1,4G,7,792.63,med,0,1
TXN_016406,UPI,iOS,Tier 1,4G,16,492.28,low,0,1
TXN_016407,UPI,iOS,Tier 1,3G,11,428.04,low,0,1
TXN_016408,UPI,Android,Tier 2,4G,21,3110.49,high,4,1
TXN_016409,Wallet,Android,Tier 2,4G,15,485.74,low,0,1
TXN_016410,UPI,Android,Tier 1,5G,4,177.91,low,0,1
TXN_016411,UPI,Desktop,Tier 1,Wifi,12,766.37,med,1,1
TXN_016412,Netbanking,Desktop,Tier 2,4G,12,1242.45,med,0,0
TXN_016413,UPI,Desktop,Tier 3,5G,11,229.04,low,2,1
TXN_016414,UPI,iOS,Tier 1,Wifi,2,210.39,low,1,1
TXN_016415,UPI,Desktop,Tier 1,4G,11,3037.31,high,0,0
TXN_016416,UPI,Android,Tier 2,4G,23,125.38,low,0,1
TXN_016417,Wallet,iOS,Tier 3,5G,19,276.74,low,0,1
TXN_016418,Netbanking,Android,Tier 3,4G,19,311.72,low,3,1
TXN_016419,UPI,Desktop,Tier 2,4G,22,763.06,med,0,1
TXN_016420,PayLater,Android,Tier 3,Wifi,23,1739.56,med,0,0
TXN_016421,UPI,Android,Tier 1,5G,19,1289.3,med,2,0
TXN_016422,UPI,Android,Tier 1,4G,10,865.55,med,0,1
TXN_016423,UPI,Android,Tier 2,4G,9,10127.04,ultra_high,0,1
TXN_016424,UPI,Android,Tier 3,5G,15,598.71,med,1,1
TXN_016425,UPI,Android,Tier 2,4G,5,133.96,low,0,1
TXN_016426,Wallet,Android,Tier 3,5G,16,1631.28,med,0,1
TXN_016427,Netbanking,Android,Tier 3,5G,12,812.12,med,1,0
TXN_016428,UPI,Android,Tier 2,4G,17,790.48,med,0,1
TXN_016429,Card,Android,Tier 1,3G,11,580.72,med,0,0
TXN_016430,Card,Desktop,Tier 1,Wifi,4,1304.48,med,1,1
TXN_016431,Wallet,iOS,Tier 3,4G,19,4893.76,high,0,1
TXN_016432,Wallet,Android,Tier 1,4G,15,5440.75,high,1,0
TXN_016433,UPI,iOS,Tier 1,4G,2,11284.51,ultra_high,0,1
TXN_016434,Netbanking,iOS,Tier 3,4G,15,2104.83,high,0,1
TXN_016435,Card,Android,Tier 3,4G,10,5201.9,high,0,1
TXN_016436,Card,Android,Tier 1,4G,13,1816.22,med,0,1
TXN_016437,UPI,Android,Tier 3,4G,21,569.75,med,0,1
TXN_016438,UPI,Android,Tier 1,4G,21,8320.76,high,1,1
TXN_016439,UPI,iOS,Tier 1,4G,12,514.84,med,0,1
TXN_016440,UPI,Android,Tier 2,4G,10,628.86,med,0,1
TXN_016441,UPI,Android,Tier 2,4G,13,1778.31,med,0,1
TXN_016442,Card,Desktop,Tier 1,4G,9,1040.74,med,0,1
TXN_016443,UPI,Android,Tier 1,Wifi,23,237.57,low,0,1
TXN_016444,Card,Android,Tier 1,4G,17,4052.63,high,0,1
TXN_016445,UPI,Android,Tier 3,Wifi,6,510.96,med,0,1
TXN_016446,PayLater,Android,Tier 2,4G,22,3756.95,high,0,0
TXN_016447,UPI,Android,Tier 2,5G,17,958.35,med,0,1
TXN_016448,UPI,Android,Tier 1,4G,21,901.65,med,0,1
TXN_016449,Card,Android,Tier 2,Wifi,20,512.72,med,0,1
TXN_016450,Netbanking,Android,Tier 2,4G,1,1804.49,med,0,0
TXN_016451,PayLater,Android,Tier 3,Wifi,7,492.6,low,0,1
TXN_016452,UPI,Android,Tier 1,4G,22,40851.68,ultra_high,2,1
TXN_016453,UPI,Android,Tier 3,4G,14,3052.04,high,1,1
TXN_016454,Wallet,iOS,Tier 2,4G,5,3381.44,high,1,1
TXN_016455,UPI,Android,Tier 1,5G,20,225.7,low,1,1
TXN_016456,Card,Android,Tier 1,Wifi,12,2550.71,high,3,0
TXN_016457,UPI,Android,Tier 2,4G,4,1480.47,med,0,1
TXN_016458,UPI,Android,Tier 3,5G,21,446.3,low,3,1
TXN_016459,UPI,Android,Tier 2,5G,2,10936.3,ultra_high,2,1
TXN_016460,UPI,Android,Tier 2,5G,14,210.94,low,0,1
TXN_016461,Card,iOS,Tier 1,5G,23,339.79,low,1,1
TXN_016462,Wallet,Android,Tier 1,4G,8,885.28,med,2,1
TXN_016463,UPI,Android,Tier 2,4G,16,5199.6,high,0,0
TXN_016464,Netbanking,Android,Tier 2,Wifi,16,497.51,low,1,1
TXN_016465,UPI,iOS,Tier 2,4G,12,238.2,low,0,1
TXN_016466,UPI,Android,Tier 1,Wifi,17,435.51,low,1,1
TXN_016467,UPI,Android,Tier 1,Wifi,19,429.53,low,0,1
TXN_016468,Wallet,Android,Tier 1,Wifi,4,1160.47,med,0,1
TXN_016469,Netbanking,Android,Tier 3,4G,12,424.25,low,3,0
TXN_016470,Card,Android,Tier 2,4G,6,457.34,low,0,1
TXN_016471,Netbanking,iOS,Tier 1,4G,3,737.2,med,1,0
TXN_016472,Card,Android,Tier 1,3G,12,183.23,low,1,1
TXN_016473,PayLater,Android,Tier 1,4G,16,2925.46,high,1,1
TXN_016474,Card,Desktop,Tier 2,4G,7,719.92,med,1,0
TXN_016475,Wallet,Android,Tier 3,4G,2,392.03,low,2,1
TXN_016476,UPI,Android,Tier 3,4G,15,1260.35,med,0,1
TXN_016477,UPI,Android,Tier 2,4G,1,1426.1,med,0,1
TXN_016478,UPI,Android,Tier 1,4G,0,622.32,med,2,1
TXN_016479,UPI,Android,Tier 2,4G,7,447.46,low,0,1
TXN_016480,Card,Android,Tier 2,3G,2,1226.38,med,0,1
TXN_016481,UPI,Desktop,Tier 1,5G,16,111.81,low,1,1
TXN_016482,Card,iOS,Tier 3,5G,18,1056.45,med,2,1
TXN_016483,UPI,iOS,Tier 3,4G,23,738.43,med,2,0
TXN_016484,UPI,Android,Tier 2,Wifi,15,2408.94,high,0,1
TXN_016485,UPI,Android,Tier 2,Wifi,19,1477.28,med,1,1
TXN_016486,PayLater,Android,Tier 2,3G,9,1768.67,med,0,1
TXN_016487,UPI,Android,Tier 2,4G,22,188.49,low,0,1
TXN_016488,UPI,iOS,Tier 1,Wifi,23,6962.41,high,0,1
TXN_016489,Card,Android,Tier 1,4G,14,1416.66,med,0,1
TXN_016490,Card,iOS,Tier 1,4G,6,155.71,low,3,1
TXN_016491,UPI,Android,Tier 2,4G,15,193.2,low,1,1
TXN_016492,UPI,Android,Tier 2,5G,16,885.7,med,0,1
TXN_016493,UPI,Android,Tier 2,5G,19,483.52,low,0,1
TXN_016494,PayLater,Android,Tier 2,4G,12,5470.07,high,0,1
TXN_016495,UPI,iOS,Tier 1,Wifi,9,1851.86,med,0,1
TXN_016496,UPI,Desktop,Tier 2,4G,8,738.61,med,1,1
TXN_016497,UPI,Android,Tier 2,4G,6,340.67,low,4,1
TXN_016498,UPI,Android,Tier 1,4G,11,341.4,low,0,1
TXN_016499,Netbanking,Android,Tier 1,5G,0,403.51,low,0,0
TXN_016500,UPI,Android,Tier 3,4G,23,383.24,low,2,0
TXN_016501,UPI,Android,Tier 2,4G,15,190.0,low,0,1
TXN_016502,UPI,iOS,Tier 1,3G,3,520.51,med,0,1
TXN_016503,UPI,Android,Tier 3,Wifi,13,6460.32,high,0,1
TXN_016504,UPI,Android,Tier 2,4G,22,720.29,med,0,1
TXN_016505,Netbanking,iOS,Tier 1,5G,21,477.84,low,0,0
TXN_016506,Netbanking,Android,Tier 1,4G,22,700.85,med,0,0
TXN_016507,Wallet,Android,Tier 1,5G,16,641.9,med,3,1
TXN_016508,Netbanking,Android,Tier 2,4G,11,1279.03,med,0,1
TXN_016509,Card,Android,Tier 2,4G,14,2634.43,high,0,0
TXN_016510,UPI,Android,Tier 1,4G,21,384.72,low,0,1
TXN_016511,Netbanking,Android,Tier 2,4G,11,469.17,low,0,1
TXN_016512,Netbanking,Desktop,Tier 1,4G,2,239.15,low,1,1
TXN_016513,Netbanking,Desktop,Tier 1,Wifi,9,3121.2,high,0,1
TXN_016514,UPI,iOS,Tier 2,3G,19,7472.39,high,0,1
TXN_016515,UPI,Android,Tier 1,Wifi,16,815.47,med,0,1
TXN_016516,Netbanking,Android,Tier 2,3G,13,1948.46,med,0,0
TXN_016517,Card,Android,Tier 3,4G,12,1178.06,med,0,1
TXN_016518,PayLater,Android,Tier 1,5G,12,406.67,low,0,1
TXN_016519,UPI,Android,Tier 1,4G,7,519.63,med,4,1
TXN_016520,UPI,Android,Tier 1,Wifi,13,1068.46,med,0,0
TXN_016521,UPI,Android,Tier 2,Wifi,1,2222.18,high,2,1
TXN_016522,Netbanking,Android,Tier 2,4G,18,466.4,low,0,1
TXN_016523,UPI,Desktop,Tier 2,4G,22,9732.26,high,0,1
TXN_016524,UPI,Android,Tier 2,4G,1,336.53,low,2,1
TXN_016525,PayLater,Desktop,Tier 1,4G,11,622.33,med,0,1
TXN_016526,UPI,Android,Tier 1,3G,19,1533.73,med,0,1
TXN_016527,Netbanking,Android,Tier 1,Wifi,11,165.87,low,0,1
TXN_016528,UPI,Android,Tier 2,4G,22,368.75,low,0,1
TXN_016529,Netbanking,Android,Tier 1,4G,18,584.92,med,0,1
TXN_016530,Card,Android,Tier 2,4G,15,1212.21,med,0,1
TXN_016531,Wallet,Android,Tier 2,3G,1,8146.97,high,0,0
TXN_016532,Wallet,Android,Tier 1,Wifi,7,1010.66,med,0,1
TXN_016533,UPI,Android,Tier 2,5G,1,655.34,med,0,1
TXN_016534,UPI,Android,Tier 3,5G,9,1406.42,med,0,1
TXN_016535,UPI,Android,Tier 1,5G,15,1617.16,med,1,1
TXN_016536,Card,Android,Tier 1,4G,6,689.42,med,1,0
TXN_016537,Wallet,iOS,Tier 2,Wifi,18,1793.68,med,0,1
TXN_016538,UPI,Android,Tier 2,5G,19,1213.79,med,0,1
TXN_016539,Card,iOS,Tier 1,4G,21,502.7,med,1,0
TXN_016540,UPI,iOS,Tier 3,4G,2,632.9,med,0,1
TXN_016541,Netbanking,Desktop,Tier 2,5G,16,1951.92,med,0,1
TXN_016542,PayLater,Android,Tier 3,4G,7,2669.84,high,0,0
TXN_016543,UPI,Android,Tier 1,5G,3,273.11,low,0,1
TXN_016544,UPI,Android,Tier 3,Wifi,0,2270.18,high,0,1
TXN_016545,UPI,Android,Tier 1,5G,17,1706.75,med,0,1
TXN_016546,Card,Android,Tier 1,5G,21,438.26,low,0,1
TXN_016547,UPI,Android,Tier 3,5G,0,5276.78,high,1,1
TXN_016548,UPI,iOS,Tier 1,4G,8,4384.76,high,4,0
TXN_016549,UPI,Android,Tier 3,4G,13,601.35,med,0,1
TXN_016550,UPI,iOS,Tier 2,4G,6,477.6,low,0,1
TXN_016551,UPI,iOS,Tier 3,Wifi,7,616.66,med,0,1
TXN_016552,Card,Android,Tier 2,Wifi,7,929.24,med,0,1
TXN_016553,UPI,Android,Tier 2,4G,21,146.15,low,0,1
TXN_016554,Netbanking,Android,Tier 1,Wifi,23,371.38,low,0,1
TXN_016555,Card,Desktop,Tier 2,5G,22,1037.84,med,3,1
TXN_016556,UPI,Android,Tier 2,3G,0,3196.49,high,0,1
TXN_016557,UPI,Android,Tier 3,4G,2,329.77,low,2,1
TXN_016558,Netbanking,Android,Tier 1,5G,8,215.52,low,1,0
TXN_016559,PayLater,Desktop,Tier 2,5G,7,968.99,med,0,1
TXN_016560,UPI,iOS,Tier 2,4G,4,363.16,low,0,1
TXN_016561,UPI,Android,Tier 1,4G,0,1613.2,med,1,1
TXN_016562,UPI,Android,Tier 2,4G,1,766.87,med,0,1
TXN_016563,Card,Android,Tier 3,4G,9,307.07,low,3,1
TXN_016564,UPI,Android,Tier 1,4G,13,949.63,med,0,1
TXN_016565,UPI,iOS,Tier 2,5G,14,4284.07,high,0,1
TXN_016566,Card,iOS,Tier 3,5G,9,253.17,low,1,0
TXN_016567,Card,iOS,Tier 1,3G,8,1152.5,med,1,0
TXN_016568,UPI,Android,Tier 2,4G,11,428.46,low,0,1
TXN_016569,UPI,Android,Tier 2,Wifi,9,580.57,med,0,1
TXN_016570,Card,Android,Tier 2,5G,23,499.94,low,0,0
TXN_016571,UPI,Android,Tier 2,4G,8,183.9,low,0,1
TXN_016572,UPI,Android,Tier 2,5G,17,3560.63,high,0,1
TXN_016573,Wallet,iOS,Tier 1,5G,18,2694.53,high,1,1
TXN_016574,UPI,Android,Tier 2,4G,18,106.3,low,1,1
TXN_016575,Card,Android,Tier 3,5G,16,506.49,med,1,0
TXN_016576,Wallet,Android,Tier 1,5G,1,651.01,med,0,1
TXN_016577,UPI,Android,Tier 1,3G,9,4422.1,high,0,0
TXN_016578,UPI,Android,Tier 3,Wifi,4,123.38,low,3,1
TXN_016579,Card,Android,Tier 2,5G,6,1502.58,med,0,0
TXN_016580,Wallet,Android,Tier 2,5G,5,268.89,low,1,1
TXN_016581,Wallet,Android,Tier 3,Wifi,1,2835.55,high,0,1
TXN_016582,Card,Android,Tier 2,3G,7,1344.17,med,0,1
TXN_016583,UPI,iOS,Tier 3,Wifi,3,310.59,low,0,1
TXN_016584,Card,iOS,Tier 3,5G,17,535.37,med,0,1
TXN_016585,UPI,Android,Tier 2,4G,3,876.68,med,1,1
TXN_016586,UPI,Android,Tier 2,Wifi,7,161.81,low,0,1
TXN_016587,UPI,Android,Tier 2,4G,16,3054.72,high,2,1
TXN_016588,UPI,iOS,Tier 3,5G,13,284.35,low,3,1
TXN_016589,Netbanking,Android,Tier 3,4G,7,868.01,med,3,1
TXN_016590,UPI,Android,Tier 1,4G,13,482.86,low,0,1
TXN_016591,UPI,Android,Tier 1,4G,7,302.1,low,0,1
TXN_016592,UPI,Android,Tier 1,Wifi,13,499.14,low,0,1
TXN_016593,Netbanking,iOS,Tier 3,5G,22,1990.46,med,2,0
TXN_016594,Card,iOS,Tier 3,5G,10,284.55,low,0,1
TXN_016595,UPI,Desktop,Tier 2,5G,8,480.74,low,0,1
TXN_016596,UPI,Android,Tier 2,3G,16,6364.19,high,0,1
TXN_016597,UPI,Android,Tier 3,4G,16,347.78,low,3,1
TXN_016598,Wallet,Android,Tier 1,5G,11,962.66,med,3,0
TXN_016599,Card,Android,Tier 1,5G,19,1998.7,med,0,1
TXN_016600,UPI,Android,Tier 2,Wifi,1,1005.54,med,0,1
TXN_016601,Card,Android,Tier 3,4G,23,90.52,low,0,1
TXN_016602,UPI,Android,Tier 3,3G,16,1411.93,med,1,1
TXN_016603,Netbanking,Android,Tier 1,4G,19,346.68,low,0,1
TXN_016604,UPI,Android,Tier 1,4G,10,1463.07,med,0,1
TXN_016605,UPI,Android,Tier 2,4G,8,743.76,med,1,1
TXN_016606,UPI,iOS,Tier 3,4G,17,613.41,med,0,1
TXN_016607,UPI,Android,Tier 2,5G,5,11283.03,ultra_high,0,1
TXN_016608,Wallet,Desktop,Tier 2,5G,3,665.81,med,0,1
TXN_016609,UPI,Android,Tier 1,4G,13,737.0,med,1,1
TXN_016610,Netbanking,Desktop,Tier 3,5G,19,1276.44,med,1,1
TXN_016611,Netbanking,Android,Tier 1,Wifi,21,187.43,low,0,1
TXN_016612,UPI,Android,Tier 1,Wifi,9,649.08,med,1,0
TXN_016613,UPI,Android,Tier 3,5G,3,909.56,med,1,1
TXN_016614,UPI,iOS,Tier 3,Wifi,14,1161.67,med,2,0
TXN_016615,Card,Android,Tier 2,5G,8,537.52,med,1,1
TXN_016616,UPI,Android,Tier 2,4G,11,215.54,low,1,1
TXN_016617,UPI,Desktop,Tier 1,4G,7,1867.9,med,0,1
TXN_016618,UPI,Android,Tier 1,4G,23,2769.48,high,0,0
TXN_016619,Card,Android,Tier 1,5G,4,342.72,low,0,0
TXN_016620,UPI,Android,Tier 2,Wifi,15,3613.62,high,0,1
TXN_016621,UPI,Android,Tier 1,Wifi,21,813.17,med,0,1
TXN_016622,UPI,Android,Tier 3,4G,14,286.9,low,0,1
TXN_016623,UPI,Android,Tier 1,5G,16,862.97,med,0,1
TXN_016624,Netbanking,Desktop,Tier 2,5G,0,202.59,low,0,1
TXN_016625,UPI,iOS,Tier 2,3G,11,1870.82,med,0,1
TXN_016626,Netbanking,Android,Tier 2,4G,19,1293.93,med,0,1
TXN_016627,Card,Android,Tier 1,4G,18,250.7,low,0,1
TXN_016628,Card,Desktop,Tier 3,3G,4,208.26,low,0,1
TXN_016629,Card,iOS,Tier 2,3G,14,64.77,low,0,0
TXN_016630,UPI,Desktop,Tier 2,4G,8,559.1,med,1,1
TXN_016631,UPI,Android,Tier 2,4G,2,444.76,low,1,1
TXN_016632,Card,iOS,Tier 1,5G,11,636.04,med,0,1
TXN_016633,UPI,Android,Tier 2,Wifi,22,388.54,low,0,1
TXN_016634,Card,Android,Tier 2,4G,18,3103.07,high,0,1
TXN_016635,UPI,Android,Tier 3,Wifi,14,381.87,low,3,1
TXN_016636,Wallet,Android,Tier 3,4G,2,4116.95,high,2,0
TXN_016637,Card,Android,Tier 1,5G,19,496.4,low,2,0
TXN_016638,UPI,iOS,Tier 1,5G,17,382.44,low,0,1
TXN_016639,UPI,iOS,Tier 1,4G,21,529.51,med,0,1
TXN_016640,Netbanking,iOS,Tier 3,4G,15,578.99,med,0,1
TXN_016641,Netbanking,iOS,Tier 1,4G,14,12808.61,ultra_high,0,1
TXN_016642,UPI,Android,Tier 2,Wifi,4,112.23,low,2,0
TXN_016643,Wallet,Android,Tier 2,4G,9,3854.83,high,0,0
TXN_016644,UPI,iOS,Tier 2,5G,9,1523.74,med,1,1
TXN_016645,UPI,Android,Tier 1,5G,12,702.93,med,0,1
TXN_016646,Wallet,Android,Tier 1,5G,17,194.01,low,0,1
TXN_016647,Wallet,Android,Tier 2,Wifi,9,4636.54,high,1,1
TXN_016648,Card,Android,Tier 1,5G,15,169.22,low,0,1
TXN_016649,Netbanking,Android,Tier 1,5G,1,1319.32,med,0,1
TXN_016650,UPI,Android,Tier 1,5G,17,288.73,low,2,1
TXN_016651,Netbanking,Android,Tier 2,5G,3,3408.57,high,0,0
TXN_016652,UPI,Desktop,Tier 1,4G,18,336.18,low,1,1
TXN_016653,UPI,iOS,Tier 1,Wifi,4,1508.86,med,2,1
TXN_016654,UPI,iOS,Tier 1,4G,16,576.36,med,0,1
TXN_016655,UPI,Android,Tier 1,5G,1,309.2,low,0,1
TXN_016656,UPI,iOS,Tier 2,5G,14,147.31,low,1,1
TXN_016657,UPI,iOS,Tier 1,4G,22,2812.85,high,0,1
TXN_016658,UPI,Android,Tier 2,4G,23,1649.14,med,1,1
TXN_016659,UPI,Desktop,Tier 1,4G,5,388.6,low,0,1
TXN_016660,Card,Android,Tier 3,4G,22,556.81,med,0,1
TXN_016661,UPI,Desktop,Tier 1,Wifi,17,182.02,low,4,1
TXN_016662,UPI,Android,Tier 3,Wifi,13,306.06,low,0,1
TXN_016663,Card,Android,Tier 3,4G,11,969.82,med,0,1
TXN_016664,Wallet,Android,Tier 2,4G,5,233.25,low,0,1
TXN_016665,Netbanking,Android,Tier 3,Wifi,21,848.46,med,0,0
TXN_016666,UPI,Android,Tier 1,4G,19,2009.67,high,0,1
TXN_016667,Card,Desktop,Tier 1,3G,19,1098.71,med,0,0
TXN_016668,UPI,Desktop,Tier 1,4G,17,174.15,low,0,1
TXN_016669,UPI,Desktop,Tier 1,5G,2,868.15,med,0,1
TXN_016670,UPI,Android,Tier 1,4G,5,6434.15,high,1,0
TXN_016671,Netbanking,Desktop,Tier 2,4G,3,5093.41,high,0,0
TXN_016672,UPI,Android,Tier 1,4G,18,620.64,med,0,1
TXN_016673,UPI,iOS,Tier 1,5G,16,501.08,med,0,1
TXN_016674,UPI,Android,Tier 1,4G,10,2330.96,high,0,1
TXN_016675,Netbanking,Android,Tier 2,5G,13,538.56,med,1,0
TXN_016676,Card,Desktop,Tier 3,4G,10,149.19,low,0,1
TXN_016677,UPI,Desktop,Tier 2,4G,18,1611.4,med,0,1
TXN_016678,Card,Android,Tier 2,5G,16,334.03,low,0,1
TXN_016679,UPI,iOS,Tier 1,4G,3,528.27,med,0,1
TXN_016680,Card,Android,Tier 3,4G,11,911.96,med,2,1
TXN_016681,UPI,iOS,Tier 1,4G,3,432.84,low,1,1
TXN_016682,Netbanking,Android,Tier 3,5G,11,2118.46,high,0,1
TXN_016683,UPI,Android,Tier 2,3G,16,2082.55,high,1,1
TXN_016684,Card,Android,Tier 1,Wifi,14,2113.58,high,0,1
TXN_016685,UPI,Android,Tier 3,4G,6,4205.65,high,0,1
TXN_016686,UPI,iOS,Tier 3,4G,20,817.93,med,3,0
TXN_016687,UPI,Android,Tier 2,4G,0,361.1,low,3,1
TXN_016688,UPI,Android,Tier 1,4G,4,281.7,low,0,1
TXN_016689,UPI,Android,Tier 2,4G,11,252.19,low,0,1
TXN_016690,Netbanking,Android,Tier 1,4G,6,154.67,low,0,0
TXN_016691,UPI,Android,Tier 1,4G,21,252.67,low,0,1
TXN_016692,Card,Android,Tier 1,4G,14,1680.84,med,0,1
TXN_016693,Netbanking,Android,Tier 2,4G,4,743.47,med,0,1
TXN_016694,Card,Android,Tier 2,4G,23,2083.79,high,0,1
TXN_016695,Card,Android,Tier 1,4G,8,167.31,low,0,1
TXN_016696,Card,iOS,Tier 3,5G,0,489.06,low,0,1
TXN_016697,UPI,Android,Tier 1,4G,5,27517.48,ultra_high,0,0
TXN_016698,Netbanking,Android,Tier 1,4G,15,4587.73,high,0,1
TXN_016699,UPI,iOS,Tier 2,4G,14,15386.11,ultra_high,1,1
TXN_016700,Card,Android,Tier 3,4G,1,8577.83,high,3,1
TXN_016701,Card,iOS,Tier 3,Wifi,12,818.42,med,1,1
TXN_016702,UPI,Android,Tier 2,4G,23,1216.91,med,0,1
TXN_016703,UPI,Android,Tier 1,5G,4,1013.91,med,0,1
TXN_016704,UPI,Android,Tier 3,5G,15,457.47,low,1,1
TXN_016705,Netbanking,Android,Tier 3,5G,0,6108.2,high,0,0
TXN_016706,Wallet,Android,Tier 1,Wifi,20,3354.96,high,0,1
TXN_016707,UPI,iOS,Tier 2,Wifi,9,3999.05,high,0,1
TXN_016708,Card,Desktop,Tier 2,4G,15,207.7,low,0,1
TXN_016709,Wallet,Android,Tier 2,4G,12,370.67,low,1,0
TXN_016710,UPI,iOS,Tier 3,5G,20,1224.09,med,1,1
TXN_016711,UPI,Android,Tier 1,Wifi,1,213.52,low,0,1
TXN_016712,Card,Desktop,Tier 2,Wifi,3,873.81,med,0,1
TXN_016713,Netbanking,iOS,Tier 1,4G,21,182.53,low,0,1
TXN_016714,Netbanking,Android,Tier 2,4G,0,196.53,low,1,0
TXN_016715,UPI,Android,Tier 2,5G,10,6131.05,high,2,0
TXN_016716,UPI,Android,Tier 1,4G,8,17557.44,ultra_high,1,1
TXN_016717,UPI,Android,Tier 1,5G,22,2795.03,high,1,1
TXN_016718,UPI,Android,Tier 3,5G,5,427.75,low,0,1
TXN_016719,UPI,Desktop,Tier 2,4G,0,782.23,med,0,1
TXN_016720,Netbanking,Desktop,Tier 2,Wifi,7,1649.49,med,0,1
TXN_016721,UPI,iOS,Tier 1,Wifi,7,2190.91,high,3,0
TXN_016722,Netbanking,Desktop,Tier 2,4G,3,901.45,med,1,1
TXN_016723,UPI,iOS,Tier 2,5G,3,2416.56,high,0,1
TXN_016724,Card,Android,Tier 3,5G,0,1127.18,med,0,1
TXN_016725,UPI,Android,Tier 1,4G,7,306.58,low,0,1
TXN_016726,UPI,Android,Tier 2,4G,22,1553.64,med,0,1
TXN_016727,UPI,Android,Tier 1,4G,17,3629.02,high,0,1
TXN_016728,PayLater,Android,Tier 1,Wifi,22,1405.88,med,2,1
TXN_016729,Netbanking,Android,Tier 2,4G,19,318.57,low,1,1
TXN_016730,UPI,iOS,Tier 1,4G,18,1039.68,med,0,1
TXN_016731,UPI,iOS,Tier 1,4G,10,416.49,low,1,1
TXN_016732,Wallet,Android,Tier 2,4G,19,267.17,low,0,1
TXN_016733,UPI,Desktop,Tier 2,4G,9,266.08,low,0,1
TXN_016734,UPI,Android,Tier 3,4G,5,343.85,low,0,1
TXN_016735,Card,iOS,Tier 2,5G,6,1287.48,med,1,0
TXN_016736,Wallet,Android,Tier 2,5G,1,4977.84,high,0,1
TXN_016737,UPI,Android,Tier 1,5G,22,2843.68,high,1,1
TXN_016738,UPI,Desktop,Tier 1,5G,17,1480.36,med,1,1
TXN_016739,Wallet,Android,Tier 2,4G,17,2546.62,high,0,1
TXN_016740,UPI,Android,Tier 1,5G,16,4257.92,high,0,1
TXN_016741,UPI,Android,Tier 3,4G,12,4127.01,high,0,1
TXN_016742,Card,Android,Tier 2,4G,14,825.19,med,0,0
TXN_016743,Netbanking,Desktop,Tier 1,4G,10,461.96,low,0,0
TXN_016744,UPI,Android,Tier 2,4G,6,9534.16,high,0,1
TXN_016745,PayLater,iOS,Tier 3,4G,16,1867.55,med,0,0
TXN_016746,Card,Android,Tier 1,4G,18,2999.14,high,0,1
TXN_016747,UPI,Android,Tier 1,5G,7,218.02,low,0,1
TXN_016748,PayLater,Android,Tier 3,5G,16,5740.24,high,1,1
TXN_016749,UPI,iOS,Tier 1,4G,15,366.02,low,1,0
TXN_016750,UPI,Android,Tier 1,3G,13,449.35,low,0,1
TXN_016751,Card,Android,Tier 1,5G,21,294.07,low,3,1
TXN_016752,UPI,Android,Tier 2,Wifi,17,836.17,med,0,1
TXN_016753,UPI,Android,Tier 2,5G,8,986.95,med,3,1
TXN_016754,UPI,iOS,Tier 2,4G,17,719.12,med,1,1
TXN_016755,UPI,Android,Tier 3,3G,21,935.67,med,0,1
TXN_016756,Netbanking,Android,Tier 2,Wifi,19,239.77,low,0,1
TXN_016757,Card,Android,Tier 3,4G,15,1957.01,med,0,0
TXN_016758,PayLater,Android,Tier 2,4G,16,9456.08,high,2,1
TXN_016759,UPI,Android,Tier 1,4G,16,370.12,low,0,1
TXN_016760,UPI,Android,Tier 3,Wifi,15,332.25,low,0,1
TXN_016761,UPI,Android,Tier 1,4G,18,705.16,med,0,1
TXN_016762,UPI,Android,Tier 2,5G,10,657.06,med,1,1
TXN_016763,UPI,Android,Tier 1,5G,5,214.44,low,1,1
TXN_016764,Netbanking,iOS,Tier 2,4G,18,151.22,low,0,1
TXN_016765,Wallet,iOS,Tier 3,5G,6,3812.32,high,0,0
TXN_016766,PayLater,Android,Tier 1,5G,8,100.27,low,0,1
TXN_016767,UPI,Android,Tier 1,4G,11,900.25,med,3,0
TXN_016768,Wallet,Android,Tier 1,4G,1,233.39,low,0,0
TXN_016769,UPI,iOS,Tier 2,Wifi,3,4058.02,high,2,0
TXN_016770,UPI,Android,Tier 1,5G,2,174.33,low,0,1
TXN_016771,Wallet,iOS,Tier 2,5G,21,324.02,low,0,1
TXN_016772,Card,iOS,Tier 1,4G,20,181.26,low,1,0
TXN_016773,UPI,Android,Tier 1,4G,11,352.01,low,1,1
TXN_016774,UPI,Android,Tier 2,3G,2,235.36,low,0,1
TXN_016775,UPI,iOS,Tier 2,5G,8,1702.07,med,1,0
TXN_016776,Card,Android,Tier 1,4G,11,1553.46,med,1,1
TXN_016777,UPI,iOS,Tier 2,5G,7,29341.88,ultra_high,0,1
TXN_016778,PayLater,iOS,Tier 3,5G,18,77.94,low,0,1
TXN_016779,UPI,iOS,Tier 1,4G,4,2239.87,high,0,0
TXN_016780,UPI,Android,Tier 1,Wifi,20,560.0,med,2,1
TXN_016781,UPI,Android,Tier 2,4G,4,2134.56,high,0,1
TXN_016782,UPI,Android,Tier 1,5G,7,663.14,med,0,1
TXN_016783,UPI,iOS,Tier 1,4G,2,2985.33,high,0,1
TXN_016784,Card,iOS,Tier 2,4G,18,9676.86,high,4,0
TXN_016785,Wallet,Android,Tier 1,Wifi,23,351.54,low,0,1
TXN_016786,Wallet,Android,Tier 1,5G,8,258.07,low,1,1
TXN_016787,Netbanking,Desktop,Tier 3,5G,20,218.51,low,0,0
TXN_016788,Netbanking,Desktop,Tier 1,4G,23,146.96,low,0,0
TXN_016789,Card,Android,Tier 3,Wifi,13,400.46,low,0,1
TXN_016790,Netbanking,Android,Tier 1,4G,20,467.05,low,0,1
TXN_016791,UPI,iOS,Tier 3,5G,19,1042.55,med,0,1
TXN_016792,UPI,iOS,Tier 2,Wifi,1,503.28,med,1,1
TXN_016793,UPI,Desktop,Tier 1,4G,14,444.05,low,0,1
TXN_016794,UPI,Android,Tier 2,4G,3,1090.55,med,0,1
TXN_016795,UPI,Android,Tier 3,3G,1,691.59,med,2,1
TXN_016796,PayLater,Android,Tier 1,3G,22,3677.74,high,0,0
TXN_016797,UPI,iOS,Tier 2,5G,22,3614.67,high,1,1
TXN_016798,UPI,iOS,Tier 2,4G,8,442.07,low,0,1
TXN_016799,UPI,Desktop,Tier 2,5G,3,188.49,low,0,1
TXN_016800,UPI,Android,Tier 2,4G,4,638.93,med,0,1
TXN_016801,UPI,iOS,Tier 1,4G,10,637.47,med,0,1
TXN_016802,UPI,Android,Tier 1,4G,3,10649.8,ultra_high,3,0
TXN_016803,UPI,Android,Tier 2,4G,3,844.01,med,0,1
TXN_016804,UPI,Android,Tier 3,4G,14,645.86,med,1,1
TXN_016805,Netbanking,iOS,Tier 1,4G,4,81.7,low,0,0
TXN_016806,Card,Desktop,Tier 2,5G,2,1986.56,med,0,1
TXN_016807,UPI,Android,Tier 1,5G,15,671.6,med,0,1
TXN_016808,UPI,Android,Tier 2,Wifi,22,2646.68,high,0,1
TXN_016809,UPI,iOS,Tier 2,4G,0,5203.23,high,0,1
TXN_016810,Netbanking,Android,Tier 2,4G,0,295.83,low,0,1
TXN_016811,UPI,Desktop,Tier 3,5G,0,2702.63,high,0,1
TXN_016812,UPI,Android,Tier 1,4G,2,2013.56,high,0,1
TXN_016813,Netbanking,Android,Tier 1,4G,8,514.59,med,1,1
TXN_016814,UPI,Android,Tier 3,5G,12,252.5,low,0,1
TXN_016815,UPI,Android,Tier 1,4G,23,257.51,low,0,1
TXN_016816,UPI,Android,Tier 2,Wifi,12,493.03,low,0,0
TXN_016817,Wallet,Android,Tier 2,5G,20,985.06,med,0,1
TXN_016818,Netbanking,Android,Tier 2,4G,22,3425.57,high,1,1
TXN_016819,Card,Android,Tier 1,4G,12,3862.52,high,0,1
TXN_016820,UPI,Desktop,Tier 1,5G,20,633.13,med,0,1
TXN_016821,UPI,Android,Tier 2,5G,7,155.77,low,1,1
TXN_016822,PayLater,Android,Tier 1,Wifi,7,321.45,low,0,1
TXN_016823,PayLater,iOS,Tier 2,5G,18,660.02,med,0,1
TXN_016824,UPI,Android,Tier 2,4G,4,450.91,low,0,1
TXN_016825,Netbanking,Android,Tier 1,4G,23,4674.74,high,2,1
TXN_016826,UPI,Android,Tier 1,5G,9,461.68,low,0,1
TXN_016827,UPI,iOS,Tier 3,4G,18,83.38,low,0,1
TXN_016828,Card,iOS,Tier 2,5G,2,3167.23,high,0,1
TXN_016829,UPI,Android,Tier 2,Wifi,21,1985.11,med,0,1
TXN_016830,Wallet,iOS,Tier 3,5G,6,285.02,low,1,1
TXN_016831,UPI,Android,Tier 2,4G,22,793.71,med,3,0
TXN_016832,UPI,Android,Tier 3,5G,5,319.35,low,0,1
TXN_016833,Wallet,iOS,Tier 1,4G,6,7975.4,high,0,1
TXN_016834,Wallet,Android,Tier 3,5G,6,115.21,low,0,0
TXN_016835,UPI,Desktop,Tier 1,5G,19,271.87,low,0,1
TXN_016836,UPI,Android,Tier 3,5G,7,514.16,med,1,1
TXN_016837,Card,Android,Tier 3,4G,23,1578.58,med,0,1
TXN_016838,UPI,Desktop,Tier 1,Wifi,1,3221.05,high,4,1
TXN_016839,PayLater,Android,Tier 2,5G,14,2767.73,high,1,1
TXN_016840,Wallet,Desktop,Tier 2,4G,9,1706.93,med,0,1
TXN_016841,UPI,Desktop,Tier 1,Wifi,20,99.37,low,2,1
TXN_016842,UPI,iOS,Tier 2,5G,14,382.17,low,3,1
TXN_016843,UPI,Android,Tier 1,5G,1,1471.2,med,1,1
TXN_016844,Wallet,Android,Tier 3,4G,2,1698.88,med,1,1
TXN_016845,UPI,iOS,Tier 1,Wifi,18,340.62,low,0,1
TXN_016846,UPI,iOS,Tier 2,5G,4,455.99,low,1,1
TXN_016847,UPI,Android,Tier 1,5G,23,614.18,med,0,1
TXN_016848,Card,Desktop,Tier 1,5G,18,4780.69,high,2,0
TXN_016849,UPI,Android,Tier 2,4G,6,1002.75,med,0,1
TXN_016850,UPI,Desktop,Tier 2,4G,20,245.16,low,0,1
TXN_016851,Wallet,Android,Tier 1,4G,13,313.96,low,0,1
TXN_016852,Wallet,Android,Tier 3,4G,11,780.98,med,0,1
TXN_016853,Netbanking,Android,Tier 1,5G,9,156.32,low,0,1
TXN_016854,UPI,Android,Tier 2,4G,9,250.52,low,0,1
TXN_016855,UPI,iOS,Tier 2,5G,3,1157.66,med,0,1
TXN_016856,Card,Android,Tier 2,5G,17,1062.8,med,1,1
TXN_016857,UPI,Desktop,Tier 1,4G,5,4868.49,high,0,1
TXN_016858,Wallet,Android,Tier 2,4G,19,271.69,low,0,1
TXN_016859,Card,Android,Tier 2,5G,3,1092.44,med,0,1
TXN_016860,UPI,Android,Tier 1,4G,4,5458.7,high,0,1
TXN_016861,Wallet,Android,Tier 1,4G,13,3125.98,high,0,1
TXN_016862,PayLater,Android,Tier 1,5G,8,6336.63,high,0,1
TXN_016863,UPI,Android,Tier 1,5G,14,135.04,low,0,1
TXN_016864,UPI,iOS,Tier 1,5G,0,1982.91,med,0,1
TXN_016865,UPI,Android,Tier 1,5G,20,197.06,low,0,1
TXN_016866,UPI,Android,Tier 2,Wifi,20,16770.7,ultra_high,1,1
TXN_016867,UPI,iOS,Tier 1,4G,12,2885.37,high,0,1
TXN_016868,Card,Android,Tier 1,3G,1,2318.73,high,0,0
TXN_016869,PayLater,Android,Tier 1,4G,14,397.48,low,0,1
TXN_016870,UPI,Android,Tier 2,5G,14,1363.68,med,0,1
TXN_016871,UPI,Android,Tier 1,5G,15,1566.99,med,0,1
TXN_016872,Card,Android,Tier 2,5G,2,407.86,low,0,1
TXN_016873,UPI,Android,Tier 2,3G,12,986.76,med,0,1
TXN_016874,Netbanking,iOS,Tier 2,4G,19,41.31,low,1,1
TXN_016875,UPI,Desktop,Tier 1,4G,0,8781.98,high,0,1
TXN_016876,UPI,Android,Tier 2,4G,13,1806.77,med,1,1
TXN_016877,UPI,Desktop,Tier 1,4G,2,502.81,med,1,1
TXN_016878,Netbanking,Android,Tier 3,5G,16,2313.77,high,0,1
TXN_016879,UPI,Android,Tier 2,4G,16,108.12,low,0,1
TXN_016880,Netbanking,Android,Tier 2,Wifi,8,3092.07,high,0,1
TXN_016881,UPI,Android,Tier 3,5G,19,763.91,med,0,1
TXN_016882,UPI,Android,Tier 2,4G,19,103.28,low,0,1
TXN_016883,UPI,Android,Tier 1,4G,3,906.35,med,0,1
TXN_016884,Wallet,iOS,Tier 1,4G,10,2732.42,high,1,1
TXN_016885,Wallet,Android,Tier 2,Wifi,14,2263.35,high,2,0
TXN_016886,UPI,Android,Tier 3,5G,12,930.43,med,4,1
TXN_016887,UPI,iOS,Tier 3,4G,23,956.16,med,0,1
TXN_016888,UPI,Desktop,Tier 2,4G,19,219.81,low,0,1
TXN_016889,UPI,Android,Tier 1,4G,11,836.89,med,1,1
TXN_016890,UPI,Android,Tier 2,4G,14,1601.47,med,0,1
TXN_016891,Wallet,Android,Tier 2,Wifi,5,4710.47,high,0,0
TXN_016892,Wallet,Android,Tier 2,5G,17,190.12,low,0,1
TXN_016893,UPI,Android,Tier 2,4G,21,484.79,low,0,1
TXN_016894,UPI,Android,Tier 2,Wifi,16,1528.5,med,0,1
TXN_016895,Wallet,Android,Tier 3,4G,20,74.77,low,0,0
TXN_016896,Netbanking,Android,Tier 3,4G,23,521.98,med,0,1
TXN_016897,UPI,Android,Tier 1,5G,16,6458.48,high,0,1
TXN_016898,UPI,Android,Tier 1,4G,10,182.85,low,0,1
TXN_016899,UPI,Android,Tier 3,4G,17,1754.39,med,0,1
TXN_016900,UPI,Android,Tier 3,5G,2,994.1,med,0,1
TXN_016901,UPI,Android,Tier 1,4G,22,1013.85,med,0,1
TXN_016902,UPI,Desktop,Tier 2,4G,23,1602.38,med,0,1
TXN_016903,Card,Android,Tier 3,5G,3,461.06,low,2,1
TXN_016904,UPI,Android,Tier 3,4G,12,691.14,med,2,1
TXN_016905,UPI,Android,Tier 3,4G,23,833.59,med,0,1
TXN_016906,UPI,iOS,Tier 1,4G,0,2302.16,high,0,1
TXN_016907,Netbanking,iOS,Tier 2,5G,18,1726.61,med,0,1
TXN_016908,Netbanking,Android,Tier 1,4G,19,1039.18,med,0,1
TXN_016909,UPI,Android,Tier 3,Wifi,4,363.04,low,0,1
TXN_016910,UPI,Android,Tier 1,Wifi,12,316.96,low,0,1
TXN_016911,PayLater,Android,Tier 2,4G,15,198.45,low,0,0
TXN_016912,UPI,Desktop,Tier 2,Wifi,15,373.16,low,2,1
TXN_016913,UPI,Android,Tier 2,5G,10,1334.56,med,0,1
TXN_016914,UPI,Android,Tier 2,4G,8,4474.03,high,0,1
TXN_016915,UPI,Android,Tier 1,5G,17,1068.83,med,0,1
TXN_016916,UPI,Android,Tier 2,5G,14,377.67,low,0,1
TXN_016917,Wallet,iOS,Tier 1,4G,12,891.13,med,0,1
TXN_016918,Card,Android,Tier 1,4G,6,431.67,low,1,1
TXN_016919,UPI,Desktop,Tier 3,4G,2,2122.19,high,0,1
TXN_016920,Wallet,Android,Tier 2,4G,11,199.24,low,0,1
TXN_016921,UPI,Android,Tier 2,4G,17,2576.49,high,0,1
TXN_016922,UPI,Android,Tier 2,5G,8,1899.61,med,0,1
TXN_016923,Card,Android,Tier 2,4G,2,378.08,low,1,1
TXN_016924,Card,Android,Tier 2,4G,23,365.64,low,0,1
TXN_016925,UPI,Android,Tier 2,4G,0,528.23,med,0,1
TXN_016926,UPI,iOS,Tier 3,Wifi,20,1658.76,med,0,1
TXN_016927,Card,Android,Tier 2,4G,20,287.26,low,0,1
TXN_016928,Card,Android,Tier 2,4G,21,159.49,low,0,0
TXN_016929,Card,Android,Tier 3,4G,6,697.62,med,1,1
TXN_016930,UPI,Android,Tier 1,5G,18,2170.08,high,0,1
TXN_016931,UPI,Desktop,Tier 2,4G,11,114.95,low,0,1
TXN_016932,UPI,Android,Tier 3,4G,13,44.23,low,1,1
TXN_016933,UPI,Android,Tier 1,4G,12,2055.58,high,0,1
TXN_016934,Wallet,Android,Tier 1,4G,4,1049.36,med,0,1
TXN_016935,UPI,iOS,Tier 2,5G,11,858.37,med,0,1
TXN_016936,UPI,iOS,Tier 1,4G,7,651.34,med,0,1
TXN_016937,Netbanking,Desktop,Tier 3,4G,5,898.01,med,1,0
TXN_016938,UPI,Android,Tier 1,5G,17,2095.81,high,0,1
TXN_016939,UPI,Android,Tier 1,4G,6,6831.05,high,1,1
TXN_016940,Netbanking,Android,Tier 3,5G,18,1618.19,med,0,1
TXN_016941,Netbanking,Android,Tier 1,4G,14,341.58,low,0,1
TXN_016942,Card,Android,Tier 2,3G,9,632.3,med,0,0
TXN_016943,UPI,Desktop,Tier 3,3G,8,905.22,med,0,0
TXN_016944,Card,Android,Tier 3,Wifi,19,1369.12,med,0,0
TXN_016945,Netbanking,Desktop,Tier 3,Wifi,15,1392.87,med,2,1
TXN_016946,UPI,Android,Tier 1,4G,19,1178.29,med,0,1
TXN_016947,UPI,Android,Tier 1,5G,3,5923.64,high,0,1
TXN_016948,Wallet,Android,Tier 1,4G,9,1858.86,med,3,1
TXN_016949,UPI,Android,Tier 1,5G,9,207.76,low,0,0
TXN_016950,Netbanking,Desktop,Tier 2,4G,7,872.22,med,0,1
TXN_016951,UPI,Android,Tier 1,4G,0,3805.59,high,0,1
TXN_016952,UPI,iOS,Tier 2,Wifi,2,475.77,low,0,1
TXN_016953,UPI,Android,Tier 1,4G,23,459.36,low,4,1
TXN_016954,Netbanking,Android,Tier 2,5G,11,763.38,med,0,0
TXN_016955,UPI,Desktop,Tier 1,5G,6,717.75,med,4,0
TXN_016956,UPI,Android,Tier 1,4G,21,614.33,med,0,1
TXN_016957,Card,iOS,Tier 2,4G,22,466.46,low,0,1
TXN_016958,Card,Android,Tier 2,4G,0,4031.84,high,0,1
TXN_016959,PayLater,iOS,Tier 3,Wifi,23,1309.92,med,0,1
TXN_016960,UPI,Android,Tier 3,3G,19,283.57,low,1,1
TXN_016961,UPI,Android,Tier 2,5G,0,191.28,low,2,0
TXN_016962,PayLater,Android,Tier 2,Wifi,3,659.22,med,0,0
TXN_016963,Card,Android,Tier 1,4G,17,1394.18,med,0,1
TXN_016964,UPI,Android,Tier 1,4G,4,1223.14,med,3,0
TXN_016965,UPI,Android,Tier 3,4G,0,1359.44,med,0,1
TXN_016966,Netbanking,Android,Tier 1,5G,0,2206.11,high,0,1
TXN_016967,UPI,Android,Tier 1,4G,4,693.4,med,0,1
TXN_016968,Card,Android,Tier 1,5G,17,4872.98,high,1,0
TXN_016969,UPI,Android,Tier 1,5G,8,631.46,med,0,1
TXN_016970,UPI,Android,Tier 2,4G,9,361.36,low,0,1
TXN_016971,Card,Android,Tier 1,4G,6,34.08,low,0,0
TXN_016972,UPI,Android,Tier 2,4G,14,2484.94,high,0,1
TXN_016973,UPI,Android,Tier 1,5G,13,181.42,low,2,1
TXN_016974,UPI,Android,Tier 2,4G,3,4470.24,high,1,1
TXN_016975,UPI,iOS,Tier 2,4G,13,27.83,low,0,1
TXN_016976,Card,Android,Tier 1,5G,6,1081.63,med,0,1
TXN_016977,Netbanking,Android,Tier 3,4G,7,255.4,low,0,1
TXN_016978,Netbanking,Android,Tier 1,4G,23,1592.18,med,0,1
TXN_016979,UPI,Android,Tier 2,5G,7,373.71,low,1,1
TXN_016980,UPI,iOS,Tier 2,5G,4,4909.93,high,1,1
TXN_016981,UPI,iOS,Tier 3,5G,22,212.26,low,0,1
TXN_016982,Wallet,Android,Tier 1,4G,10,1092.24,med,1,0
TXN_016983,Netbanking,Android,Tier 1,4G,22,1170.43,med,0,1
TXN_016984,Netbanking,Android,Tier 1,5G,1,409.01,low,2,0
TXN_016985,UPI,Android,Tier 1,4G,14,2600.01,high,0,1
TXN_016986,UPI,iOS,Tier 1,Wifi,18,198.22,low,0,1
TXN_016987,UPI,Android,Tier 1,4G,17,1394.64,med,0,1
TXN_016988,UPI,Android,Tier 2,4G,14,2129.18,high,0,1
TXN_016989,UPI,Android,Tier 3,4G,18,281.71,low,0,1
TXN_016990,Wallet,Android,Tier 1,Wifi,6,2711.42,high,0,0
TXN_016991,UPI,Android,Tier 3,5G,3,688.9,med,0,1
TXN_016992,UPI,iOS,Tier 3,4G,13,356.77,low,0,1
TXN_016993,UPI,Android,Tier 3,5G,7,873.53,med,0,1
TXN_016994,Wallet,iOS,Tier 3,4G,22,257.54,low,0,1
TXN_016995,Card,Android,Tier 2,4G,9,671.19,med,0,1
TXN_016996,Card,Android,Tier 3,4G,12,81.15,low,1,1
TXN_016997,Wallet,Android,Tier 2,4G,5,2681.12,high,0,1
TXN_016998,UPI,Android,Tier 2,4G,3,2447.52,high,0,1
TXN_016999,Card,iOS,Tier 3,4G,4,13936.84,ultra_high,0,1
TXN_017000,UPI,Android,Tier 1,4G,9,710.99,med,0,1
TXN_017001,UPI,Android,Tier 1,4G,23,1799.66,med,0,1
TXN_017002,Netbanking,Android,Tier 2,4G,12,775.05,med,1,0
TXN_017003,Netbanking,Android,Tier 2,Wifi,18,1376.14,med,0,1
TXN_017004,UPI,iOS,Tier 3,5G,10,7512.3,high,0,1
TXN_017005,UPI,Android,Tier 1,Wifi,18,2631.74,high,0,1
TXN_017006,UPI,iOS,Tier 2,4G,4,1465.82,med,0,1
TXN_017007,UPI,Android,Tier 1,4G,4,101.68,low,0,1
TXN_017008,UPI,Android,Tier 3,5G,0,1434.77,med,0,1
TXN_017009,UPI,Android,Tier 1,5G,20,168.8,low,1,1
TXN_017010,UPI,iOS,Tier 3,5G,8,1449.18,med,0,1
TXN_017011,Netbanking,iOS,Tier 1,5G,6,1275.57,med,0,1
TXN_017012,UPI,Android,Tier 1,5G,8,270.89,low,0,1
TXN_017013,UPI,Android,Tier 1,5G,9,493.08,low,0,1
TXN_017014,UPI,Android,Tier 1,5G,20,3506.46,high,0,1
TXN_017015,Netbanking,Android,Tier 2,Wifi,2,3485.59,high,0,1
TXN_017016,UPI,Android,Tier 1,Wifi,17,10339.75,ultra_high,0,1
TXN_017017,UPI,Android,Tier 2,4G,8,177.47,low,0,1
TXN_017018,UPI,Android,Tier 1,4G,4,1955.4,med,3,0
TXN_017019,Card,Android,Tier 3,4G,10,2431.46,high,2,0
TXN_017020,Card,Android,Tier 1,4G,0,3706.06,high,1,0
TXN_017021,Netbanking,iOS,Tier 1,4G,1,4082.56,high,0,0
TXN_017022,PayLater,Android,Tier 2,4G,17,2136.99,high,1,1
TXN_017023,Netbanking,Desktop,Tier 3,4G,19,5479.95,high,2,1
TXN_017024,Card,Android,Tier 3,5G,13,1086.88,med,1,0
TXN_017025,UPI,Android,Tier 3,4G,21,344.56,low,0,1
TXN_017026,UPI,Android,Tier 1,5G,7,130.15,low,0,1
TXN_017027,PayLater,Android,Tier 3,4G,18,145.37,low,3,1
TXN_017028,UPI,Android,Tier 2,Wifi,13,1584.1,med,4,1
TXN_017029,UPI,Android,Tier 3,5G,13,137.84,low,0,1
TXN_017030,Card,Desktop,Tier 1,4G,21,889.79,med,0,0
TXN_017031,UPI,Android,Tier 3,Wifi,19,622.91,med,1,1
TXN_017032,Card,Desktop,Tier 2,4G,7,427.68,low,3,0
TXN_017033,Card,Android,Tier 2,Wifi,8,2009.8,high,0,1
TXN_017034,UPI,Android,Tier 2,5G,13,591.84,med,0,1
TXN_017035,Netbanking,Android,Tier 2,4G,11,531.72,med,0,1
TXN_017036,UPI,Android,Tier 2,4G,12,813.57,med,0,1
TXN_017037,UPI,Android,Tier 1,4G,5,766.62,med,0,0
TXN_017038,UPI,Desktop,Tier 3,Wifi,13,1087.77,med,0,1
TXN_017039,Card,Android,Tier 2,5G,14,3579.51,high,2,1
TXN_017040,Netbanking,Android,Tier 2,4G,1,683.29,med,0,1
TXN_017041,UPI,Android,Tier 1,4G,17,1931.11,med,0,1
TXN_017042,Card,Android,Tier 3,4G,9,461.09,low,1,0
TXN_017043,UPI,Android,Tier 2,4G,20,300.75,low,0,1
TXN_017044,Wallet,Android,Tier 1,Wifi,6,1041.25,med,0,1
TXN_017045,UPI,Android,Tier 2,4G,21,755.22,med,0,1
TXN_017046,Card,Android,Tier 1,4G,4,386.2,low,0,1
TXN_017047,UPI,Android,Tier 1,Wifi,7,1822.98,med,0,1
TXN_017048,UPI,Android,Tier 2,4G,19,109.34,low,0,1
TXN_017049,UPI,Android,Tier 2,4G,12,1389.75,med,0,1
TXN_017050,Wallet,Android,Tier 1,4G,6,572.04,med,0,1
TXN_017051,UPI,Android,Tier 1,5G,17,467.37,low,0,0
TXN_017052,Wallet,Desktop,Tier 3,5G,8,6755.45,high,0,1
TXN_017053,UPI,Desktop,Tier 1,4G,11,3419.35,high,2,0
TXN_017054,UPI,Android,Tier 1,5G,23,1768.1,med,1,1
TXN_017055,UPI,Desktop,Tier 3,Wifi,16,413.64,low,2,1
TXN_017056,Netbanking,Android,Tier 1,5G,9,113.18,low,0,1
TXN_017057,UPI,Android,Tier 2,Wifi,6,8046.86,high,0,1
TXN_017058,Wallet,Android,Tier 1,4G,20,176.53,low,0,1
TXN_017059,Wallet,Desktop,Tier 2,4G,4,3741.03,high,0,1
TXN_017060,Wallet,Android,Tier 1,5G,22,1256.29,med,0,1
TXN_017061,UPI,iOS,Tier 3,4G,14,745.39,med,0,1
TXN_017062,Card,iOS,Tier 2,4G,15,836.98,med,0,1
TXN_017063,Netbanking,Android,Tier 2,4G,15,2784.27,high,0,1
TXN_017064,UPI,Android,Tier 3,5G,9,6490.91,high,1,1
TXN_017065,Card,Android,Tier 3,4G,13,3325.66,high,2,0
TXN_017066,UPI,Android,Tier 1,4G,19,1420.11,med,0,1
TXN_017067,UPI,Android,Tier 3,4G,16,11314.1,ultra_high,2,1
TXN_017068,UPI,Android,Tier 1,5G,5,2049.72,high,0,1
TXN_017069,UPI,Android,Tier 2,5G,0,603.75,med,0,1
TXN_017070,UPI,Android,Tier 1,4G,10,2551.18,high,0,1
TXN_017071,UPI,Android,Tier 2,5G,0,1052.38,med,0,1
TXN_017072,Card,Android,Tier 1,5G,11,1584.79,med,0,1
TXN_017073,UPI,Android,Tier 2,5G,23,3124.56,high,0,1
TXN_017074,UPI,Android,Tier 2,4G,19,1637.05,med,0,1
TXN_017075,UPI,Android,Tier 1,5G,14,1221.1,med,0,1
TXN_017076,Card,Desktop,Tier 2,Wifi,4,471.52,low,3,0
TXN_017077,Card,Android,Tier 3,4G,9,12953.24,ultra_high,0,1
TXN_017078,Card,Android,Tier 2,4G,16,1392.3,med,0,1
TXN_017079,Card,iOS,Tier 2,4G,9,851.68,med,0,0
TXN_017080,UPI,Android,Tier 3,5G,6,2325.0,high,0,1
TXN_017081,Netbanking,iOS,Tier 2,5G,17,3632.64,high,0,1
TXN_017082,UPI,Android,Tier 1,4G,5,1121.96,med,0,1
TXN_017083,UPI,iOS,Tier 2,4G,8,322.95,low,2,1
TXN_017084,Card,Desktop,Tier 1,Wifi,1,535.66,med,2,0
TXN_017085,UPI,Android,Tier 2,5G,21,208.95,low,1,1
TXN_017086,Card,Android,Tier 3,Wifi,11,713.13,med,0,1
TXN_017087,Card,iOS,Tier 1,Wifi,4,922.26,med,2,1
TXN_017088,UPI,iOS,Tier 2,4G,14,718.92,med,1,1
TXN_017089,UPI,iOS,Tier 2,4G,12,3338.91,high,0,1
TXN_017090,UPI,Android,Tier 1,5G,1,206.31,low,0,1
TXN_017091,Wallet,iOS,Tier 3,4G,14,1644.79,med,0,1
TXN_017092,Card,Android,Tier 2,4G,13,252.74,low,0,0
TXN_017093,UPI,Android,Tier 1,4G,8,3437.38,high,0,1
TXN_017094,UPI,Android,Tier 3,Wifi,15,78.85,low,1,1
TXN_017095,Card,Android,Tier 1,4G,1,1120.81,med,0,1
TXN_017096,Netbanking,Android,Tier 3,4G,0,2886.11,high,0,1
TXN_017097,UPI,Android,Tier 1,5G,8,1453.38,med,0,1
TXN_017098,UPI,Android,Tier 2,Wifi,23,243.37,low,2,0
TXN_017099,Wallet,Android,Tier 1,Wifi,19,1591.25,med,1,1
TXN_017100,UPI,Desktop,Tier 1,5G,13,1074.97,med,0,1
TXN_017101,UPI,Android,Tier 3,4G,1,123.72,low,0,1
TXN_017102,PayLater,Android,Tier 2,4G,0,329.89,low,2,1
TXN_017103,Card,Android,Tier 3,Wifi,9,423.3,low,0,1
TXN_017104,UPI,Android,Tier 2,4G,22,179.24,low,0,1
TXN_017105,UPI,Android,Tier 3,5G,21,1263.96,med,0,1
TXN_017106,UPI,Android,Tier 3,4G,18,13274.77,ultra_high,0,1
TXN_017107,UPI,Android,Tier 2,4G,17,871.18,med,0,1
TXN_017108,Wallet,Desktop,Tier 2,5G,23,390.29,low,1,1
TXN_017109,UPI,Android,Tier 3,Wifi,19,492.79,low,3,1
TXN_017110,Card,Android,Tier 1,3G,21,61.74,low,0,0
TXN_017111,Wallet,Android,Tier 3,Wifi,19,122.0,low,0,1
TXN_017112,UPI,Android,Tier 2,5G,10,1847.74,med,3,0
TXN_017113,UPI,Android,Tier 2,5G,8,582.16,med,0,1
TXN_017114,UPI,Android,Tier 1,Wifi,14,128.05,low,0,1
TXN_017115,Wallet,Android,Tier 2,4G,15,1110.83,med,1,1
TXN_017116,Netbanking,Android,Tier 1,Wifi,12,641.5,med,0,0
TXN_017117,UPI,Android,Tier 3,5G,20,1969.41,med,0,1
TXN_017118,Card,Android,Tier 2,Wifi,5,370.2,low,1,0
TXN_017119,Card,iOS,Tier 1,5G,14,10659.86,ultra_high,0,1
TXN_017120,Wallet,Android,Tier 3,4G,14,178.97,low,1,0
TXN_017121,UPI,Android,Tier 2,4G,21,298.68,low,2,0
TXN_017122,UPI,Android,Tier 3,4G,17,112.75,low,0,1
TXN_017123,Wallet,Desktop,Tier 1,4G,10,429.14,low,0,1
TXN_017124,UPI,iOS,Tier 2,4G,0,784.0,med,3,1
TXN_017125,UPI,Android,Tier 2,5G,13,2247.21,high,1,1
TXN_017126,UPI,Desktop,Tier 2,4G,1,746.05,med,0,1
TXN_017127,UPI,Android,Tier 1,4G,1,1704.04,med,0,1
TXN_017128,UPI,Desktop,Tier 1,3G,19,2293.79,high,0,1
TXN_017129,Wallet,Android,Tier 3,4G,9,433.39,low,0,1
TXN_017130,UPI,Android,Tier 2,Wifi,15,200.29,low,0,1
TXN_017131,UPI,Android,Tier 3,4G,2,983.54,med,1,1
TXN_017132,Card,Android,Tier 1,Wifi,13,3227.19,high,0,1
TXN_017133,UPI,Android,Tier 3,4G,22,5476.49,high,0,1
TXN_017134,UPI,Android,Tier 2,5G,6,79.12,low,2,0
TXN_017135,Card,Android,Tier 2,5G,18,122.21,low,0,1
TXN_017136,Netbanking,Android,Tier 1,Wifi,18,144.34,low,0,1
TXN_017137,Card,Android,Tier 3,4G,22,3808.67,high,1,0
TXN_017138,Card,Desktop,Tier 2,4G,18,3664.09,high,0,0
TXN_017139,UPI,iOS,Tier 2,Wifi,2,744.58,med,1,1
TXN_017140,Wallet,Desktop,Tier 1,4G,12,872.95,med,0,1
TXN_017141,UPI,Android,Tier 2,4G,18,1984.71,med,1,1
TXN_017142,Netbanking,Android,Tier 3,4G,13,1482.22,med,0,0
TXN_017143,UPI,Android,Tier 1,4G,7,7900.47,high,0,1
TXN_017144,Wallet,Android,Tier 2,4G,22,558.52,med,1,0
TXN_017145,Card,Android,Tier 1,4G,7,1867.62,med,0,1
TXN_017146,Netbanking,Android,Tier 3,4G,16,949.69,med,0,1
TXN_017147,UPI,iOS,Tier 3,4G,20,3471.83,high,0,0
TXN_017148,UPI,Android,Tier 1,4G,4,1883.73,med,0,1
TXN_017149,Card,Desktop,Tier 1,5G,4,835.57,med,1,1
TXN_017150,Netbanking,Android,Tier 2,Wifi,20,482.47,low,0,1
TXN_017151,UPI,Android,Tier 1,4G,1,671.88,med,4,1
TXN_017152,PayLater,Android,Tier 2,Wifi,21,216.74,low,0,1
TXN_017153,Wallet,Android,Tier 1,Wifi,22,2517.16,high,1,1
TXN_017154,UPI,Desktop,Tier 2,5G,10,489.92,low,0,1
TXN_017155,Netbanking,Android,Tier 1,3G,14,1089.48,med,0,0
TXN_017156,UPI,Android,Tier 1,4G,22,143.68,low,4,1
TXN_017157,UPI,Android,Tier 1,Wifi,6,1386.1,med,0,0
TXN_017158,UPI,Android,Tier 2,5G,10,495.51,low,0,0
TXN_017159,Card,Android,Tier 2,4G,1,21119.28,ultra_high,0,1
TXN_017160,Card,Android,Tier 1,5G,5,1988.93,med,2,0
TXN_017161,UPI,Android,Tier 2,5G,8,69.39,low,0,1
TXN_017162,Card,Android,Tier 3,4G,16,3841.74,high,4,0
TXN_017163,Card,Android,Tier 1,4G,18,1161.24,med,0,1
TXN_017164,Card,iOS,Tier 3,5G,11,135.88,low,1,0
TXN_017165,UPI,iOS,Tier 2,5G,5,208.62,low,0,0
TXN_017166,Netbanking,Android,Tier 1,5G,15,253.64,low,0,1
TXN_017167,UPI,Android,Tier 1,5G,22,5254.02,high,3,1
TXN_017168,UPI,Android,Tier 2,4G,1,188.14,low,0,1
TXN_017169,UPI,iOS,Tier 2,4G,23,946.48,med,0,1
TXN_017170,UPI,iOS,Tier 1,Wifi,10,307.12,low,0,1
TXN_017171,Wallet,Desktop,Tier 3,Wifi,14,413.23,low,0,1
TXN_017172,UPI,Android,Tier 2,5G,5,1478.31,med,0,1
TXN_017173,Card,Android,Tier 1,3G,8,1587.68,med,0,1
TXN_017174,UPI,Android,Tier 1,Wifi,8,226.97,low,0,1
TXN_017175,UPI,Android,Tier 1,4G,17,74.85,low,1,1
TXN_017176,PayLater,Android,Tier 2,4G,12,192.53,low,0,1
TXN_017177,Netbanking,Android,Tier 2,4G,22,573.66,med,1,1
TXN_017178,UPI,Android,Tier 2,4G,4,1778.26,med,0,1
TXN_017179,UPI,Android,Tier 2,5G,16,1617.54,med,2,0
TXN_017180,UPI,iOS,Tier 1,4G,22,5097.91,high,1,1
TXN_017181,UPI,Android,Tier 2,Wifi,20,1974.78,med,2,0
TXN_017182,Netbanking,Desktop,Tier 1,5G,10,365.62,low,0,0
TXN_017183,Netbanking,Desktop,Tier 1,5G,8,1267.9,med,2,1
TXN_017184,UPI,Desktop,Tier 2,4G,22,79.74,low,0,1
TXN_017185,Wallet,iOS,Tier 1,4G,19,2014.08,high,0,1
TXN_017186,Card,iOS,Tier 3,5G,23,1998.82,med,0,1
TXN_017187,UPI,Android,Tier 3,Wifi,8,230.83,low,1,1
TXN_017188,UPI,Android,Tier 2,Wifi,8,7789.23,high,0,1
TXN_017189,Card,Android,Tier 1,5G,9,2365.29,high,3,0
TXN_017190,Card,Android,Tier 1,4G,19,4412.73,high,0,1
TXN_017191,UPI,Desktop,Tier 1,4G,5,3091.28,high,1,1
TXN_017192,UPI,Android,Tier 2,Wifi,3,412.67,low,2,1
TXN_017193,UPI,Android,Tier 3,4G,0,503.12,med,3,1
TXN_017194,Netbanking,Android,Tier 2,5G,5,311.98,low,0,0
TXN_017195,UPI,Desktop,Tier 3,5G,23,50.96,low,0,1
TXN_017196,UPI,Android,Tier 3,4G,5,1895.31,med,0,1
TXN_017197,Netbanking,Android,Tier 3,4G,11,4460.27,high,0,1
TXN_017198,Wallet,Android,Tier 1,Wifi,2,808.95,med,4,0
TXN_017199,Wallet,Android,Tier 3,Wifi,12,33011.91,ultra_high,0,1
TXN_017200,UPI,Android,Tier 2,Wifi,23,443.68,low,0,1
TXN_017201,UPI,Android,Tier 1,4G,9,193.52,low,0,1
TXN_017202,UPI,iOS,Tier 3,4G,8,1426.99,med,0,1
TXN_017203,UPI,Android,Tier 3,3G,16,985.61,med,0,0
TXN_017204,Wallet,Android,Tier 2,4G,10,2587.08,high,0,1
TXN_017205,UPI,iOS,Tier 3,5G,5,1462.12,med,0,1
TXN_017206,UPI,Desktop,Tier 1,4G,9,4157.07,high,3,0
TXN_017207,UPI,Desktop,Tier 2,5G,23,140.46,low,0,1
TXN_017208,UPI,Android,Tier 1,4G,17,877.42,med,0,1
TXN_017209,Netbanking,Desktop,Tier 2,Wifi,13,579.61,med,0,0
TXN_017210,UPI,Android,Tier 2,3G,3,2620.25,high,1,1
TXN_017211,UPI,iOS,Tier 1,4G,12,335.51,low,0,1
TXN_017212,UPI,Android,Tier 2,4G,0,276.11,low,0,1
TXN_017213,UPI,Android,Tier 1,5G,19,845.59,med,1,1
TXN_017214,UPI,Android,Tier 1,4G,1,1189.64,med,0,1
TXN_017215,Card,Android,Tier 1,3G,2,1629.48,med,1,1
TXN_017216,Card,iOS,Tier 2,4G,19,299.15,low,0,1
TXN_017217,Card,Android,Tier 1,4G,2,2244.75,high,0,1
TXN_017218,Wallet,Android,Tier 1,5G,5,210.29,low,0,0
TXN_017219,Wallet,Android,Tier 1,5G,6,387.55,low,0,1
TXN_017220,Wallet,Android,Tier 1,4G,10,795.42,med,0,1
TXN_017221,UPI,Desktop,Tier 2,4G,6,3134.76,high,0,1
TXN_017222,UPI,iOS,Tier 3,4G,16,195.27,low,0,1
TXN_017223,UPI,Desktop,Tier 1,4G,20,2455.69,high,0,1
TXN_017224,Wallet,Android,Tier 2,4G,18,868.62,med,3,0
TXN_017225,PayLater,Android,Tier 1,Wifi,11,1632.21,med,0,1
TXN_017226,Netbanking,Android,Tier 1,4G,0,391.06,low,0,0
TXN_017227,UPI,Android,Tier 1,4G,0,777.11,med,0,1
TXN_017228,Wallet,Android,Tier 3,5G,17,1380.38,med,1,0
TXN_017229,UPI,iOS,Tier 2,4G,9,7949.97,high,2,1
TXN_017230,UPI,Android,Tier 2,Wifi,23,159.55,low,0,1
TXN_017231,UPI,Android,Tier 2,5G,19,417.68,low,0,1
TXN_017232,UPI,Android,Tier 1,4G,2,470.67,low,0,1
TXN_017233,UPI,Android,Tier 3,Wifi,13,1156.06,med,0,1
TXN_017234,UPI,iOS,Tier 1,4G,7,146.23,low,0,1
TXN_017235,UPI,Android,Tier 1,5G,15,174.77,low,1,1
TXN_017236,Card,Android,Tier 1,Wifi,17,8898.21,high,0,1
TXN_017237,Netbanking,Android,Tier 1,Wifi,8,716.19,med,0,1
TXN_017238,Card,Desktop,Tier 1,4G,3,525.45,med,0,1
TXN_017239,UPI,Desktop,Tier 2,4G,0,19293.05,ultra_high,0,1
TXN_017240,Netbanking,Android,Tier 1,4G,20,497.08,low,0,0
TXN_017241,Wallet,Android,Tier 2,5G,22,516.94,med,0,1
TXN_017242,UPI,Android,Tier 1,Wifi,13,1016.78,med,2,0
TXN_017243,UPI,Android,Tier 3,4G,10,2444.17,high,2,1
TXN_017244,UPI,Desktop,Tier 1,4G,3,129.91,low,0,0
TXN_017245,UPI,Desktop,Tier 2,Wifi,20,8946.15,high,1,1
TXN_017246,Card,iOS,Tier 2,4G,15,2700.54,high,1,1
TXN_017247,Netbanking,Android,Tier 1,4G,8,1919.71,med,0,0
TXN_017248,UPI,Desktop,Tier 1,4G,21,439.81,low,1,1
TXN_017249,Netbanking,Android,Tier 1,4G,13,779.31,med,2,1
TXN_017250,Netbanking,iOS,Tier 1,3G,5,2139.83,high,0,1
TXN_017251,Wallet,Android,Tier 1,3G,1,460.1,low,0,1
TXN_017252,UPI,Android,Tier 2,4G,0,2998.54,high,0,1
TXN_017253,Wallet,Android,Tier 2,3G,19,1086.16,med,0,1
TXN_017254,UPI,Android,Tier 2,4G,18,143.39,low,1,1
TXN_017255,Card,Android,Tier 1,Wifi,22,278.02,low,1,1
TXN_017256,UPI,iOS,Tier 3,4G,6,440.45,low,0,1
TXN_017257,UPI,Android,Tier 1,Wifi,21,679.15,med,0,1
TXN_017258,Card,Android,Tier 1,4G,14,753.28,med,2,0
TXN_017259,UPI,Android,Tier 1,4G,4,438.19,low,0,1
TXN_017260,UPI,Android,Tier 1,Wifi,2,393.97,low,0,1
TXN_017261,UPI,Desktop,Tier 2,4G,14,741.5,med,0,1
TXN_017262,Card,Android,Tier 2,3G,3,706.76,med,0,1
TXN_017263,UPI,Android,Tier 2,4G,4,181.93,low,0,1
TXN_017264,Netbanking,Desktop,Tier 2,4G,3,996.46,med,0,1
TXN_017265,UPI,iOS,Tier 3,Wifi,2,1766.04,med,0,1
TXN_017266,UPI,Android,Tier 2,5G,1,1237.63,med,1,1
TXN_017267,UPI,iOS,Tier 2,4G,4,528.3,med,0,1
TXN_017268,UPI,Android,Tier 1,4G,17,1309.56,med,0,1
TXN_017269,UPI,iOS,Tier 1,5G,1,1390.75,med,0,1
TXN_017270,UPI,Android,Tier 2,4G,14,1587.83,med,0,1
TXN_017271,PayLater,Desktop,Tier 1,4G,17,1607.05,med,0,0
TXN_017272,Card,Android,Tier 2,5G,17,1579.35,med,0,1
TXN_017273,UPI,Android,Tier 1,5G,7,170.27,low,0,1
TXN_017274,UPI,Android,Tier 3,3G,11,505.67,med,0,1
TXN_017275,Wallet,Android,Tier 3,5G,22,290.47,low,0,1
TXN_017276,UPI,Desktop,Tier 1,4G,8,135.26,low,0,1
TXN_017277,UPI,Android,Tier 3,4G,18,90.0,low,4,0
TXN_017278,Netbanking,Android,Tier 3,4G,0,5059.33,high,3,0
TXN_017279,Card,Android,Tier 3,4G,21,614.72,med,3,0
TXN_017280,Card,Android,Tier 1,4G,16,5547.96,high,0,1
TXN_017281,UPI,Desktop,Tier 2,Wifi,0,4204.02,high,0,1
TXN_017282,UPI,Android,Tier 1,Wifi,19,384.92,low,0,1
TXN_017283,Card,Android,Tier 2,5G,16,1951.52,med,1,1
TXN_017284,UPI,Android,Tier 2,5G,5,3591.3,high,4,1
TXN_017285,UPI,iOS,Tier 2,4G,4,781.45,med,0,1
TXN_017286,UPI,Android,Tier 1,5G,4,2009.84,high,1,1
TXN_017287,UPI,Android,Tier 3,Wifi,10,1388.66,med,0,1
TXN_017288,Wallet,iOS,Tier 2,5G,10,5742.49,high,1,0
TXN_017289,Netbanking,iOS,Tier 1,4G,10,647.76,med,0,0
TXN_017290,Card,iOS,Tier 2,5G,11,1900.44,med,1,1
TXN_017291,UPI,Desktop,Tier 3,5G,11,557.18,med,0,1
TXN_017292,UPI,iOS,Tier 3,4G,1,269.55,low,0,1
TXN_017293,UPI,iOS,Tier 2,4G,2,193.5,low,0,1
TXN_017294,UPI,Desktop,Tier 1,Wifi,6,2873.03,high,0,1
TXN_017295,PayLater,Android,Tier 1,5G,19,2494.5,high,0,1
TXN_017296,UPI,Android,Tier 1,Wifi,13,1758.19,med,0,1
TXN_017297,UPI,Android,Tier 1,4G,21,2459.39,high,0,1
TXN_017298,UPI,Android,Tier 1,4G,15,913.47,med,0,1
TXN_017299,Card,iOS,Tier 1,4G,23,937.02,med,1,1
TXN_017300,UPI,iOS,Tier 1,4G,13,1919.97,med,0,1
TXN_017301,UPI,iOS,Tier 3,5G,16,1294.42,med,1,1
TXN_017302,UPI,Desktop,Tier 2,Wifi,14,353.8,low,0,1
TXN_017303,Wallet,Android,Tier 3,5G,10,1606.96,med,0,1
TXN_017304,UPI,iOS,Tier 1,3G,12,2483.03,high,1,1
TXN_017305,Wallet,Android,Tier 2,4G,5,458.94,low,0,0
TXN_017306,Netbanking,Android,Tier 1,4G,16,760.76,med,0,0
TXN_017307,UPI,Android,Tier 2,4G,11,5570.84,high,2,0
TXN_017308,Netbanking,iOS,Tier 2,5G,23,616.9,med,4,0
TXN_017309,UPI,Android,Tier 2,4G,3,430.0,low,0,1
TXN_017310,PayLater,iOS,Tier 3,5G,20,5884.83,high,1,1
TXN_017311,UPI,Android,Tier 3,4G,9,756.3,med,0,1
TXN_017312,UPI,Android,Tier 2,4G,17,2217.61,high,1,1
TXN_017313,UPI,Android,Tier 1,4G,18,178.16,low,0,1
TXN_017314,UPI,Android,Tier 3,4G,6,903.54,med,2,0
TXN_017315,PayLater,Desktop,Tier 2,Wifi,22,564.29,med,0,1
TXN_017316,UPI,Android,Tier 2,Wifi,11,2228.6,high,0,0
TXN_017317,Card,Desktop,Tier 2,4G,10,2435.71,high,0,0
TXN_017318,UPI,Desktop,Tier 1,Wifi,23,225.21,low,0,1
TXN_017319,Wallet,Desktop,Tier 1,5G,2,3158.59,high,0,0
TXN_017320,UPI,Android,Tier 1,5G,1,1880.3,med,3,1
TXN_017321,UPI,Desktop,Tier 1,4G,1,3764.81,high,0,1
TXN_017322,UPI,Android,Tier 2,5G,21,2348.72,high,0,1
TXN_017323,Card,Android,Tier 1,4G,1,3437.16,high,0,1
TXN_017324,UPI,Android,Tier 3,4G,14,201.09,low,0,1
TXN_017325,UPI,Desktop,Tier 2,4G,3,1330.61,med,0,1
TXN_017326,UPI,Android,Tier 1,5G,2,7199.92,high,0,1
TXN_017327,Card,Android,Tier 1,5G,16,671.08,med,0,1
TXN_017328,UPI,Android,Tier 2,Wifi,1,1289.07,med,0,1
TXN_017329,Card,Android,Tier 1,5G,9,1119.2,med,0,0
TXN_017330,UPI,Android,Tier 2,3G,6,4618.05,high,0,1
TXN_017331,Netbanking,iOS,Tier 3,5G,8,1816.12,med,0,1
TXN_017332,Wallet,Android,Tier 2,4G,19,101.74,low,0,0
TXN_017333,UPI,Desktop,Tier 1,5G,14,578.93,med,0,1
TXN_017334,UPI,Android,Tier 3,4G,7,310.52,low,0,1
TXN_017335,UPI,Desktop,Tier 1,5G,16,881.85,med,0,1
TXN_017336,UPI,Android,Tier 1,5G,10,705.48,med,2,0
TXN_017337,UPI,Android,Tier 2,5G,15,1551.4,med,1,1
TXN_017338,Card,Android,Tier 3,4G,21,10882.67,ultra_high,0,1
TXN_017339,UPI,Android,Tier 1,5G,23,476.34,low,0,1
TXN_017340,Wallet,iOS,Tier 3,4G,17,100.42,low,1,1
TXN_017341,UPI,Android,Tier 1,4G,23,939.48,med,0,1
TXN_017342,Card,iOS,Tier 1,5G,3,651.96,med,1,0
TXN_017343,UPI,iOS,Tier 2,5G,17,344.27,low,1,1
TXN_017344,UPI,Android,Tier 1,4G,19,798.82,med,0,1
TXN_017345,UPI,Android,Tier 1,5G,7,168.15,low,2,1
TXN_017346,UPI,Android,Tier 1,5G,14,408.47,low,0,1
TXN_017347,UPI,Android,Tier 1,4G,12,264.62,low,2,1
TXN_017348,Card,Android,Tier 1,5G,3,222.89,low,1,0
TXN_017349,Wallet,Desktop,Tier 2,4G,13,974.39,med,1,1
TXN_017350,UPI,Android,Tier 2,Wifi,14,581.86,med,0,1
TXN_017351,UPI,Android,Tier 3,4G,14,2807.18,high,0,1
TXN_017352,UPI,Android,Tier 2,4G,23,1621.82,med,0,1
TXN_017353,UPI,Android,Tier 2,Wifi,22,1394.4,med,0,1
TXN_017354,UPI,iOS,Tier 2,Wifi,4,5616.04,high,0,1
TXN_017355,Netbanking,iOS,Tier 3,Wifi,23,563.06,med,0,1
TXN_017356,PayLater,iOS,Tier 1,4G,14,4428.61,high,0,0
TXN_017357,Wallet,iOS,Tier 1,4G,17,960.5,med,1,1
TXN_017358,UPI,Android,Tier 2,5G,2,1536.09,med,0,1
TXN_017359,Wallet,Android,Tier 1,4G,19,6096.65,high,0,1
TXN_017360,Card,Android,Tier 3,Wifi,9,4016.64,high,0,1
TXN_017361,UPI,iOS,Tier 2,4G,4,761.48,med,2,0
TXN_017362,UPI,iOS,Tier 1,4G,4,1686.07,med,0,1
TXN_017363,Netbanking,Android,Tier 2,5G,14,563.57,med,0,0
TXN_017364,UPI,Android,Tier 1,Wifi,0,1645.58,med,0,1
TXN_017365,UPI,Android,Tier 3,4G,0,2125.38,high,0,1
TXN_017366,UPI,Desktop,Tier 3,Wifi,15,337.86,low,0,1
TXN_017367,Card,Android,Tier 2,5G,16,679.08,med,0,1
TXN_017368,UPI,iOS,Tier 1,Wifi,13,8405.76,high,0,1
TXN_017369,Wallet,Android,Tier 1,5G,14,1153.13,med,0,1
TXN_017370,Card,Android,Tier 2,5G,13,1681.18,med,0,1
TXN_017371,Card,iOS,Tier 3,4G,20,1044.48,med,0,1
TXN_017372,UPI,Android,Tier 1,Wifi,1,258.93,low,0,1
TXN_017373,Card,iOS,Tier 1,5G,2,74.21,low,0,1
TXN_017374,UPI,Android,Tier 1,4G,23,1570.22,med,1,1
TXN_017375,UPI,Android,Tier 2,4G,11,144.83,low,0,1
TXN_017376,UPI,iOS,Tier 3,5G,23,726.96,med,3,1
TXN_017377,UPI,Android,Tier 1,4G,1,1638.0,med,0,1
TXN_017378,Card,Android,Tier 1,4G,7,628.81,med,0,1
TXN_017379,UPI,iOS,Tier 2,4G,11,322.35,low,0,1
TXN_017380,UPI,Android,Tier 3,4G,8,1326.13,med,0,1
TXN_017381,UPI,Android,Tier 3,5G,13,514.21,med,0,1
TXN_017382,PayLater,Desktop,Tier 3,4G,5,2791.86,high,3,0
TXN_017383,Card,Android,Tier 1,4G,16,836.69,med,0,0
TXN_017384,Card,iOS,Tier 1,4G,10,1041.76,med,4,0
TXN_017385,UPI,iOS,Tier 3,4G,18,3612.01,high,0,1
TXN_017386,UPI,Android,Tier 3,5G,20,644.6,med,0,1
TXN_017387,PayLater,Android,Tier 2,4G,12,214.66,low,0,1
TXN_017388,UPI,Android,Tier 2,4G,2,160.92,low,0,1
TXN_017389,UPI,Android,Tier 3,4G,2,1208.96,med,0,1
TXN_017390,Card,iOS,Tier 2,Wifi,20,1137.44,med,2,1
TXN_017391,UPI,iOS,Tier 1,4G,13,1157.71,med,0,1
TXN_017392,Netbanking,Android,Tier 2,Wifi,7,2275.2,high,1,1
TXN_017393,UPI,Android,Tier 3,4G,6,781.77,med,1,1
TXN_017394,UPI,Desktop,Tier 2,5G,3,14701.12,ultra_high,0,1
TXN_017395,UPI,Android,Tier 3,4G,2,1985.13,med,0,1
TXN_017396,UPI,iOS,Tier 2,4G,18,690.46,med,0,0
TXN_017397,Wallet,iOS,Tier 1,5G,1,142.08,low,0,1
TXN_017398,Card,Android,Tier 1,5G,4,375.35,low,0,1
TXN_017399,UPI,Android,Tier 3,4G,11,4026.88,high,1,1
TXN_017400,UPI,iOS,Tier 2,4G,1,4913.52,high,3,1
TXN_017401,Card,Android,Tier 1,4G,17,3579.54,high,0,1
TXN_017402,Card,Android,Tier 3,Wifi,14,343.9,low,0,1
TXN_017403,UPI,Android,Tier 2,Wifi,15,1005.54,med,0,1
TXN_017404,UPI,iOS,Tier 3,4G,11,1611.87,med,0,1
TXN_017405,UPI,Android,Tier 2,5G,11,4673.1,high,0,1
TXN_017406,Card,Android,Tier 1,4G,3,1204.2,med,2,1
TXN_017407,PayLater,Android,Tier 2,5G,21,519.26,med,1,1
TXN_017408,UPI,Android,Tier 3,5G,21,261.34,low,0,1
TXN_017409,Card,Android,Tier 1,4G,7,1858.19,med,2,0
TXN_017410,UPI,Android,Tier 3,4G,10,83.51,low,2,1
TXN_017411,UPI,Android,Tier 1,3G,21,954.97,med,0,1
TXN_017412,UPI,Android,Tier 1,Wifi,21,3883.92,high,0,1
TXN_017413,Netbanking,Android,Tier 1,Wifi,3,1660.58,med,0,1
TXN_017414,UPI,Android,Tier 3,4G,11,1684.17,med,0,1
TXN_017415,UPI,Android,Tier 2,4G,20,241.21,low,0,1
TXN_017416,UPI,Android,Tier 2,5G,22,181.29,low,1,1
TXN_017417,UPI,Desktop,Tier 3,Wifi,9,638.0,med,0,1
TXN_017418,UPI,Android,Tier 1,Wifi,8,317.27,low,2,1
TXN_017419,Card,Android,Tier 1,4G,15,684.05,med,0,1
TXN_017420,UPI,Desktop,Tier 1,5G,3,2043.38,high,0,0
TXN_017421,Card,Android,Tier 2,5G,16,1548.41,med,0,0
TXN_017422,UPI,iOS,Tier 2,4G,21,602.4,med,0,1
TXN_017423,UPI,Android,Tier 3,4G,17,680.01,med,1,1
TXN_017424,UPI,Android,Tier 2,4G,6,518.51,med,3,1
TXN_017425,UPI,Android,Tier 1,5G,21,1588.64,med,0,1
TXN_017426,UPI,Android,Tier 3,Wifi,8,19291.09,ultra_high,1,1
TXN_017427,UPI,Android,Tier 1,Wifi,5,410.18,low,0,1
TXN_017428,Card,Android,Tier 3,5G,21,356.24,low,0,1
TXN_017429,Card,Android,Tier 1,4G,19,1075.1,med,4,1
TXN_017430,UPI,Desktop,Tier 1,5G,2,262.24,low,0,1
TXN_017431,UPI,Android,Tier 2,Wifi,14,1720.46,med,0,1
TXN_017432,UPI,Android,Tier 1,5G,0,14037.25,ultra_high,1,1
TXN_017433,UPI,Android,Tier 1,4G,23,10531.05,ultra_high,1,1
TXN_017434,UPI,Android,Tier 2,Wifi,23,541.63,med,1,1
TXN_017435,Wallet,iOS,Tier 1,Wifi,16,291.0,low,0,1
TXN_017436,UPI,Android,Tier 1,Wifi,8,3043.25,high,0,1
TXN_017437,UPI,Android,Tier 1,Wifi,1,2305.25,high,1,1
TXN_017438,UPI,Android,Tier 2,4G,5,1589.45,med,0,1
TXN_017439,UPI,iOS,Tier 1,Wifi,15,746.48,med,0,1
TXN_017440,Card,Android,Tier 1,5G,12,1707.8,med,1,1
TXN_017441,UPI,Android,Tier 2,4G,5,679.75,med,0,1
TXN_017442,UPI,Android,Tier 2,5G,22,1991.12,med,0,1
TXN_017443,Card,Android,Tier 2,4G,14,1351.17,med,0,1
TXN_017444,UPI,Android,Tier 1,4G,4,806.97,med,0,1
TXN_017445,Card,Android,Tier 1,3G,16,2344.95,high,0,0
TXN_017446,Card,Desktop,Tier 2,4G,8,212.59,low,1,0
TXN_017447,UPI,Android,Tier 3,Wifi,12,2438.56,high,0,1
TXN_017448,Card,Android,Tier 2,4G,6,2675.98,high,0,0
TXN_017449,UPI,Android,Tier 1,4G,15,330.93,low,0,1
TXN_017450,UPI,Android,Tier 1,4G,7,305.3,low,0,1
TXN_017451,UPI,Android,Tier 3,5G,17,112.41,low,0,1
TXN_017452,UPI,Android,Tier 2,4G,4,2566.28,high,0,1
TXN_017453,Card,Android,Tier 1,3G,12,960.7,med,0,1
TXN_017454,Wallet,Android,Tier 1,5G,23,265.82,low,0,1
TXN_017455,PayLater,Android,Tier 3,Wifi,22,3073.59,high,0,0
TXN_017456,Card,Android,Tier 1,4G,6,549.65,med,0,1
TXN_017457,UPI,Android,Tier 2,4G,19,381.76,low,0,1
TXN_017458,UPI,Android,Tier 2,Wifi,12,3860.09,high,0,1
TXN_017459,UPI,Android,Tier 1,4G,1,316.16,low,1,1
TXN_017460,UPI,Android,Tier 1,4G,18,802.11,med,0,1
TXN_017461,UPI,iOS,Tier 1,4G,13,626.32,med,4,1
TXN_017462,Wallet,Android,Tier 3,Wifi,13,675.08,med,2,0
TXN_017463,UPI,Android,Tier 2,4G,8,393.81,low,4,1
TXN_017464,UPI,iOS,Tier 3,4G,3,2802.3,high,0,1
TXN_017465,UPI,Android,Tier 2,5G,16,740.34,med,0,1
TXN_017466,Netbanking,iOS,Tier 3,Wifi,19,558.38,med,1,1
TXN_017467,Card,Android,Tier 3,4G,15,833.21,med,0,1
TXN_017468,Card,Android,Tier 2,4G,23,399.72,low,0,1
TXN_017469,UPI,Android,Tier 1,4G,7,1879.9,med,1,1
TXN_017470,Netbanking,Android,Tier 2,4G,14,655.56,med,0,1
TXN_017471,UPI,Desktop,Tier 2,4G,17,3318.7,high,1,1
TXN_017472,Wallet,Android,Tier 2,4G,9,11037.2,ultra_high,0,0
TXN_017473,UPI,Android,Tier 3,5G,3,321.69,low,0,1
TXN_017474,UPI,Android,Tier 1,4G,6,71.65,low,0,1
TXN_017475,UPI,Android,Tier 1,4G,23,738.93,med,0,1
TXN_017476,Card,Android,Tier 2,Wifi,16,339.51,low,1,1
TXN_017477,UPI,Android,Tier 1,4G,7,307.72,low,1,1
TXN_017478,Wallet,Android,Tier 2,4G,0,422.35,low,4,1
TXN_017479,UPI,iOS,Tier 3,4G,21,1329.27,med,3,1
TXN_017480,UPI,Android,Tier 2,5G,20,78.0,low,0,1
TXN_017481,UPI,Android,Tier 3,5G,9,3128.97,high,0,1
TXN_017482,UPI,Android,Tier 2,Wifi,14,4446.97,high,1,1
TXN_017483,UPI,Desktop,Tier 2,5G,22,301.71,low,0,1
TXN_017484,UPI,Android,Tier 2,Wifi,5,336.07,low,0,1
TXN_017485,Card,Android,Tier 1,Wifi,9,904.61,med,1,0
TXN_017486,UPI,Desktop,Tier 2,4G,0,663.54,med,2,0
TXN_017487,PayLater,Android,Tier 1,4G,5,857.12,med,2,1
TXN_017488,Card,Android,Tier 3,5G,12,883.23,med,0,1
TXN_017489,Netbanking,Android,Tier 1,3G,2,380.22,low,0,0
TXN_017490,UPI,Desktop,Tier 1,4G,11,786.45,med,0,1
TXN_017491,UPI,Desktop,Tier 2,4G,14,338.1,low,0,1
TXN_017492,UPI,iOS,Tier 2,Wifi,21,1692.5,med,0,1
TXN_017493,Card,Android,Tier 1,4G,6,468.59,low,0,0
TXN_017494,Netbanking,Android,Tier 1,5G,5,173.94,low,1,1
TXN_017495,UPI,Android,Tier 3,4G,8,150.09,low,0,1
TXN_017496,UPI,iOS,Tier 2,4G,15,922.48,med,2,0
TXN_017497,Netbanking,Desktop,Tier 1,4G,11,825.83,med,0,1
TXN_017498,UPI,Android,Tier 2,5G,8,367.27,low,0,1
TXN_017499,Card,Android,Tier 1,4G,7,2523.81,high,1,1
TXN_017500,UPI,Android,Tier 1,5G,4,5765.35,high,2,1
TXN_017501,Netbanking,Android,Tier 3,4G,2,3938.6,high,2,0
TXN_017502,UPI,Android,Tier 1,5G,3,5094.42,high,0,1
TXN_017503,UPI,Android,Tier 1,4G,10,2793.47,high,2,1
TXN_017504,Card,Android,Tier 3,5G,9,2050.35,high,1,1
TXN_017505,Wallet,Android,Tier 3,Wifi,7,2234.94,high,0,0
TXN_017506,UPI,iOS,Tier 1,4G,8,2012.81,high,0,1
TXN_017507,UPI,iOS,Tier 2,4G,12,1028.83,med,0,1
TXN_017508,Card,Desktop,Tier 3,Wifi,23,1316.96,med,0,1
TXN_017509,Wallet,Android,Tier 1,4G,18,1181.9,med,0,1
TXN_017510,Netbanking,Android,Tier 2,4G,22,8880.98,high,0,1
TXN_017511,PayLater,Android,Tier 2,4G,10,981.87,med,0,1
TXN_017512,UPI,Desktop,Tier 2,3G,23,1039.46,med,0,1
TXN_017513,UPI,Android,Tier 2,Wifi,2,3418.31,high,0,1
TXN_017514,Card,Android,Tier 2,4G,0,1416.37,med,0,1
TXN_017515,Netbanking,Android,Tier 1,5G,22,1914.1,med,0,1
TXN_017516,UPI,iOS,Tier 3,Wifi,13,1053.18,med,0,1
TXN_017517,UPI,Android,Tier 1,4G,18,987.09,med,0,1
TXN_017518,Netbanking,Android,Tier 2,4G,0,2797.97,high,0,1
TXN_017519,UPI,Android,Tier 2,4G,22,117.03,low,1,1
TXN_017520,UPI,iOS,Tier 2,4G,11,1176.01,med,0,1
TXN_017521,UPI,Android,Tier 2,Wifi,13,109.69,low,2,1
TXN_017522,Card,Android,Tier 2,4G,14,118.62,low,0,1
TXN_017523,Card,Android,Tier 1,5G,6,61.63,low,0,1
TXN_017524,UPI,iOS,Tier 2,4G,3,1703.02,med,1,1
TXN_017525,Card,iOS,Tier 3,Wifi,13,203.06,low,0,1
TXN_017526,Card,Android,Tier 3,Wifi,17,406.62,low,0,1
TXN_017527,UPI,Android,Tier 2,5G,15,2470.22,high,1,1
TXN_017528,Card,Desktop,Tier 1,Wifi,13,583.57,med,0,1
TXN_017529,UPI,Android,Tier 1,4G,20,462.98,low,0,1
TXN_017530,UPI,iOS,Tier 1,Wifi,10,3620.01,high,0,1
TXN_017531,UPI,Android,Tier 2,5G,5,1500.52,med,0,1
TXN_017532,UPI,Android,Tier 1,4G,14,546.51,med,0,1
TXN_017533,UPI,iOS,Tier 3,4G,9,1331.75,med,0,1
TXN_017534,Netbanking,Android,Tier 3,4G,11,220.87,low,0,1
TXN_017535,Card,Android,Tier 1,Wifi,8,420.93,low,0,0
TXN_017536,Netbanking,Android,Tier 2,Wifi,16,5317.7,high,0,1
TXN_017537,UPI,iOS,Tier 3,5G,17,180.18,low,1,1
TXN_017538,UPI,Android,Tier 1,4G,10,390.64,low,0,1
TXN_017539,UPI,Android,Tier 2,Wifi,5,560.52,med,3,1
TXN_017540,UPI,Desktop,Tier 2,4G,18,420.85,low,0,1
TXN_017541,UPI,Android,Tier 1,5G,1,1371.95,med,0,1
TXN_017542,Card,Android,Tier 2,Wifi,21,1063.7,med,0,1
TXN_017543,PayLater,Android,Tier 3,4G,22,1703.22,med,1,0
TXN_017544,UPI,Desktop,Tier 1,5G,19,1968.58,med,0,1
TXN_017545,UPI,Android,Tier 2,4G,12,1702.95,med,1,1
TXN_017546,Netbanking,Android,Tier 1,4G,8,4640.51,high,1,1
TXN_017547,UPI,Android,Tier 3,5G,11,2872.46,high,0,1
TXN_017548,Netbanking,iOS,Tier 3,4G,15,683.23,med,2,1
TXN_017549,Card,iOS,Tier 1,4G,18,5052.85,high,0,1
TXN_017550,Wallet,Android,Tier 3,4G,1,435.28,low,0,1
TXN_017551,UPI,Android,Tier 1,4G,15,527.56,med,0,1
TXN_017552,Card,iOS,Tier 1,4G,4,989.57,med,1,1
TXN_017553,UPI,Android,Tier 2,5G,16,2413.61,high,0,1
TXN_017554,Card,Desktop,Tier 1,4G,5,1275.92,med,1,1
TXN_017555,UPI,Android,Tier 2,Wifi,23,748.0,med,1,1
TXN_017556,UPI,Android,Tier 2,5G,6,756.65,med,0,1
TXN_017557,UPI,Android,Tier 1,4G,5,3554.63,high,0,1
TXN_017558,UPI,iOS,Tier 1,Wifi,2,830.63,med,0,1
TXN_017559,Netbanking,Android,Tier 2,4G,20,2119.95,high,0,1
TXN_017560,Card,Android,Tier 1,4G,14,61.05,low,2,1
TXN_017561,Card,Android,Tier 1,4G,15,97.41,low,0,1
TXN_017562,UPI,Android,Tier 1,4G,16,4207.53,high,3,1
TXN_017563,Card,Android,Tier 3,3G,8,50.8,low,0,0
TXN_017564,UPI,Android,Tier 3,4G,8,99.83,low,3,1
TXN_017565,Wallet,iOS,Tier 1,Wifi,16,898.48,med,0,1
TXN_017566,Wallet,Android,Tier 1,5G,6,2578.05,high,0,0
TXN_017567,UPI,iOS,Tier 2,4G,1,64.97,low,0,1
TXN_017568,Netbanking,Android,Tier 3,Wifi,5,858.99,med,0,1
TXN_017569,UPI,Android,Tier 1,3G,9,2263.66,high,0,0
TXN_017570,UPI,Android,Tier 3,Wifi,16,469.18,low,0,1
TXN_017571,UPI,Desktop,Tier 2,5G,13,638.48,med,0,1
TXN_017572,UPI,iOS,Tier 3,4G,2,2329.34,high,0,1
TXN_017573,Card,Android,Tier 1,4G,15,1127.59,med,4,1
TXN_017574,UPI,iOS,Tier 3,5G,15,791.7,med,0,1
TXN_017575,UPI,Android,Tier 2,4G,4,338.53,low,0,1
TXN_017576,Card,Android,Tier 3,5G,15,384.13,low,0,1
TXN_017577,Card,Android,Tier 2,Wifi,22,1274.18,med,1,0
TXN_017578,Wallet,Android,Tier 2,4G,4,614.37,med,0,1
TXN_017579,Card,Android,Tier 3,4G,23,285.75,low,0,1
TXN_017580,Card,Android,Tier 2,Wifi,4,218.94,low,4,0
TXN_017581,UPI,Android,Tier 2,4G,5,61.43,low,1,1
TXN_017582,UPI,iOS,Tier 2,4G,17,386.13,low,0,1
TXN_017583,UPI,Android,Tier 3,4G,11,882.75,med,0,1
TXN_017584,UPI,Android,Tier 3,4G,20,3929.85,high,1,1
TXN_017585,Card,iOS,Tier 1,4G,6,2513.49,high,1,0
TXN_017586,UPI,iOS,Tier 2,4G,16,573.53,med,0,1
TXN_017587,Card,Desktop,Tier 3,4G,9,494.98,low,0,1
TXN_017588,UPI,Android,Tier 2,5G,8,426.54,low,2,1
TXN_017589,UPI,iOS,Tier 3,4G,8,127.91,low,0,1
TXN_017590,UPI,iOS,Tier 3,4G,23,186.46,low,0,1
TXN_017591,Netbanking,Android,Tier 2,Wifi,10,530.77,med,1,1
TXN_017592,Card,Android,Tier 2,5G,13,707.27,med,0,1
TXN_017593,Wallet,Android,Tier 3,4G,4,552.43,med,3,1
TXN_017594,UPI,Android,Tier 3,Wifi,6,223.22,low,0,1
TXN_017595,PayLater,Android,Tier 3,4G,16,489.61,low,0,1
TXN_017596,UPI,Desktop,Tier 1,4G,22,279.68,low,0,1
TXN_017597,UPI,Android,Tier 1,Wifi,8,3907.0,high,0,1
TXN_017598,PayLater,iOS,Tier 2,4G,18,2226.22,high,1,0
TXN_017599,UPI,Android,Tier 2,Wifi,20,717.93,med,1,1
TXN_017600,Card,Android,Tier 1,Wifi,12,3629.44,high,1,1
TXN_017601,UPI,Android,Tier 1,4G,8,1450.5,med,0,1
TXN_017602,Card,Android,Tier 1,4G,12,1102.19,med,0,0
TXN_017603,Wallet,Android,Tier 2,4G,13,974.99,med,0,1
TXN_017604,UPI,Desktop,Tier 3,4G,7,139.04,low,0,1
TXN_017605,Card,Android,Tier 3,Wifi,13,1531.19,med,1,1
TXN_017606,UPI,iOS,Tier 1,4G,12,2703.75,high,0,1
TXN_017607,Card,Android,Tier 1,4G,22,1752.92,med,1,1
TXN_017608,UPI,Android,Tier 2,5G,9,1003.91,med,1,1
TXN_017609,UPI,Android,Tier 1,4G,21,1398.83,med,0,1
TXN_017610,UPI,Android,Tier 2,4G,1,1759.12,med,2,1
TXN_017611,UPI,Android,Tier 1,4G,11,2510.26,high,2,0
TXN_017612,Wallet,Android,Tier 1,5G,15,1619.29,med,0,1
TXN_017613,UPI,Android,Tier 2,4G,6,4717.31,high,0,1
TXN_017614,UPI,iOS,Tier 1,4G,1,493.05,low,0,1
TXN_017615,UPI,Android,Tier 1,4G,15,662.7,med,0,1
TXN_017616,UPI,Android,Tier 2,5G,21,2352.35,high,0,0
TXN_017617,Card,Android,Tier 1,4G,5,1707.53,med,3,0
TXN_017618,PayLater,iOS,Tier 2,4G,15,1445.06,med,0,1
TXN_017619,UPI,iOS,Tier 1,4G,12,3625.3,high,0,1
TXN_017620,Netbanking,iOS,Tier 2,5G,9,175.03,low,0,1
TXN_017621,Card,Android,Tier 3,4G,19,1497.63,med,0,1
TXN_017622,UPI,Android,Tier 2,5G,8,474.49,low,4,0
TXN_017623,Card,iOS,Tier 2,4G,1,2084.56,high,1,0
TXN_017624,UPI,Android,Tier 3,5G,20,474.24,low,0,1
TXN_017625,Card,Android,Tier 1,5G,15,2730.65,high,2,0
TXN_017626,Wallet,Android,Tier 1,Wifi,2,3752.46,high,0,1
TXN_017627,UPI,Android,Tier 1,5G,21,394.97,low,0,1
TXN_017628,Wallet,Android,Tier 2,4G,1,214.21,low,3,1
TXN_017629,Netbanking,Android,Tier 2,Wifi,9,1400.63,med,0,0
TXN_017630,UPI,Android,Tier 1,Wifi,19,4036.63,high,2,0
TXN_017631,Card,Android,Tier 3,3G,22,5433.69,high,4,0
TXN_017632,UPI,Desktop,Tier 1,4G,4,7064.91,high,0,1
TXN_017633,PayLater,Android,Tier 3,5G,7,287.03,low,0,1
TXN_017634,Card,Android,Tier 3,4G,11,603.29,med,1,0
TXN_017635,UPI,Android,Tier 3,5G,3,378.32,low,0,1
TXN_017636,UPI,Android,Tier 3,3G,13,747.55,med,0,1
TXN_017637,Card,Android,Tier 1,5G,22,1145.03,med,0,1
TXN_017638,UPI,Android,Tier 2,5G,14,2615.98,high,0,1
TXN_017639,UPI,Android,Tier 1,4G,20,1825.0,med,0,1
TXN_017640,UPI,Android,Tier 3,4G,2,3957.55,high,0,1
TXN_017641,UPI,iOS,Tier 1,4G,23,581.55,med,2,0
TXN_017642,UPI,Android,Tier 1,4G,21,5063.75,high,2,1
TXN_017643,UPI,Android,Tier 3,4G,14,858.97,med,1,1
TXN_017644,UPI,Android,Tier 1,4G,3,1404.83,med,0,1
TXN_017645,Card,Desktop,Tier 1,4G,14,5773.1,high,0,1
TXN_017646,UPI,Android,Tier 2,4G,8,94.61,low,1,1
TXN_017647,UPI,iOS,Tier 2,5G,17,972.53,med,0,1
TXN_017648,UPI,Android,Tier 2,5G,12,110.33,low,0,1
TXN_017649,Card,Android,Tier 2,4G,8,161.53,low,0,1
TXN_017650,UPI,Android,Tier 3,4G,3,962.61,med,0,1
TXN_017651,UPI,Android,Tier 1,Wifi,12,284.97,low,1,1
TXN_017652,UPI,Android,Tier 2,4G,9,1520.03,med,0,1
TXN_017653,Netbanking,Android,Tier 2,3G,7,982.56,med,1,0
TXN_017654,Netbanking,Android,Tier 2,4G,13,377.74,low,0,1
TXN_017655,Netbanking,Android,Tier 2,4G,15,138.42,low,0,1
TXN_017656,Card,Android,Tier 1,4G,18,3565.91,high,1,0
TXN_017657,Card,iOS,Tier 1,4G,6,1099.55,med,0,0
TXN_017658,UPI,iOS,Tier 1,4G,11,323.94,low,0,1
TXN_017659,Card,Android,Tier 1,4G,12,354.72,low,0,1
TXN_017660,UPI,Desktop,Tier 1,5G,14,245.77,low,0,1
TXN_017661,Card,Android,Tier 2,4G,14,1003.46,med,2,0
TXN_017662,Netbanking,Android,Tier 1,5G,17,2295.94,high,0,0
TXN_017663,UPI,Android,Tier 2,Wifi,1,1499.07,med,3,1
TXN_017664,UPI,Android,Tier 3,5G,13,3882.61,high,1,1
TXN_017665,UPI,Android,Tier 1,4G,19,1278.48,med,1,1
TXN_017666,Card,Android,Tier 2,4G,6,5436.86,high,0,1
TXN_017667,Card,Android,Tier 3,4G,19,843.15,med,1,1
TXN_017668,Wallet,Android,Tier 2,5G,1,94.82,low,2,0
TXN_017669,UPI,iOS,Tier 3,5G,1,189.79,low,0,1
TXN_017670,Netbanking,iOS,Tier 1,4G,4,586.54,med,0,0
TXN_017671,Card,Android,Tier 3,4G,2,608.48,med,1,1
TXN_017672,Wallet,Android,Tier 2,4G,2,383.84,low,0,1
TXN_017673,UPI,Android,Tier 1,Wifi,0,1686.44,med,0,1
TXN_017674,UPI,Android,Tier 3,4G,18,3374.19,high,1,1
TXN_017675,Card,Android,Tier 3,3G,19,59.49,low,0,0
TXN_017676,Card,Android,Tier 1,3G,11,2177.58,high,0,1
TXN_017677,PayLater,Android,Tier 3,Wifi,21,479.16,low,2,0
TXN_017678,UPI,Android,Tier 1,4G,5,115.47,low,0,1
TXN_017679,UPI,Desktop,Tier 2,4G,20,184.09,low,0,1
TXN_017680,Wallet,iOS,Tier 1,4G,19,479.42,low,0,1
TXN_017681,UPI,Android,Tier 1,3G,5,436.76,low,1,1
TXN_017682,Card,Android,Tier 2,4G,12,285.84,low,0,0
TXN_017683,UPI,Desktop,Tier 1,5G,20,183.91,low,0,1
TXN_017684,UPI,Android,Tier 1,Wifi,9,8623.07,high,0,1
TXN_017685,Netbanking,Android,Tier 2,Wifi,0,965.11,med,0,0
TXN_017686,Card,Android,Tier 1,5G,15,1808.7,med,0,1
TXN_017687,UPI,Android,Tier 2,4G,13,2906.13,high,0,1
TXN_017688,UPI,iOS,Tier 1,4G,17,469.54,low,1,1
TXN_017689,Netbanking,Android,Tier 3,4G,13,672.42,med,0,1
TXN_017690,UPI,Android,Tier 1,Wifi,9,1083.97,med,0,1
TXN_017691,Wallet,Android,Tier 1,Wifi,19,239.69,low,0,1
TXN_017692,UPI,Android,Tier 1,4G,21,248.59,low,0,1
TXN_017693,Card,Android,Tier 2,4G,4,11169.66,ultra_high,0,1
TXN_017694,Wallet,Android,Tier 1,5G,1,18989.46,ultra_high,0,1
TXN_017695,Card,Android,Tier 2,4G,16,137.87,low,0,1
TXN_017696,UPI,Android,Tier 1,4G,0,1721.33,med,0,1
TXN_017697,Card,Android,Tier 3,4G,0,1685.11,med,1,0
TXN_017698,UPI,Android,Tier 1,Wifi,5,1212.43,med,3,1
TXN_017699,UPI,Android,Tier 3,Wifi,6,311.34,low,1,1
TXN_017700,PayLater,Android,Tier 1,5G,6,270.01,low,0,0
TXN_017701,Netbanking,Android,Tier 1,5G,15,4147.16,high,0,1
TXN_017702,Card,Android,Tier 1,4G,18,7690.67,high,0,1
TXN_017703,UPI,Android,Tier 1,5G,8,840.68,med,0,1
TXN_017704,UPI,Desktop,Tier 2,4G,0,168.59,low,0,1
TXN_017705,UPI,Android,Tier 3,4G,17,691.34,med,0,1
TXN_017706,Card,Android,Tier 1,4G,6,495.5,low,0,0
TXN_017707,Netbanking,Android,Tier 2,4G,17,342.38,low,0,0
TXN_017708,UPI,Android,Tier 1,Wifi,9,657.99,med,0,1
TXN_017709,Netbanking,Android,Tier 1,3G,19,2415.8,high,0,0
TXN_017710,UPI,Android,Tier 1,5G,1,2496.29,high,0,1
TXN_017711,UPI,Android,Tier 3,5G,10,1182.15,med,2,1
TXN_017712,UPI,Android,Tier 1,4G,17,1405.37,med,4,0
TXN_017713,UPI,Android,Tier 2,5G,10,1184.06,med,0,1
TXN_017714,UPI,Android,Tier 1,5G,13,411.86,low,2,1
TXN_017715,PayLater,Android,Tier 1,4G,12,4174.5,high,0,0
TXN_017716,UPI,Android,Tier 2,4G,0,176.0,low,0,1
TXN_017717,Wallet,iOS,Tier 1,5G,9,1451.16,med,0,1
TXN_017718,UPI,Desktop,Tier 1,4G,14,1360.52,med,0,1
TXN_017719,PayLater,Android,Tier 1,4G,18,9534.3,high,0,0
TXN_017720,Card,Android,Tier 1,4G,16,209.45,low,0,1
TXN_017721,Wallet,Android,Tier 3,4G,9,685.62,med,0,1
TXN_017722,UPI,Android,Tier 1,5G,21,299.96,low,0,1
TXN_017723,Card,Android,Tier 2,5G,7,4357.25,high,0,1
TXN_017724,Wallet,Android,Tier 1,4G,22,346.91,low,0,1
TXN_017725,UPI,Android,Tier 3,3G,6,516.89,med,0,0
TXN_017726,UPI,Android,Tier 2,Wifi,17,5276.74,high,0,1
TXN_017727,UPI,Android,Tier 1,4G,3,260.15,low,0,1
TXN_017728,Wallet,iOS,Tier 3,5G,5,541.96,med,0,0
TXN_017729,UPI,Android,Tier 1,4G,1,3068.45,high,0,1
TXN_017730,UPI,Android,Tier 2,5G,12,5823.99,high,4,1
TXN_017731,UPI,Android,Tier 2,Wifi,20,417.0,low,1,1
TXN_017732,UPI,Android,Tier 1,4G,11,3584.94,high,0,1
TXN_017733,Netbanking,Android,Tier 3,5G,4,1052.12,med,0,1
TXN_017734,UPI,Android,Tier 3,Wifi,18,618.12,med,0,1
TXN_017735,Card,Android,Tier 3,4G,1,2800.36,high,0,1
TXN_017736,Wallet,Android,Tier 3,4G,10,503.04,med,0,0
TXN_017737,UPI,Android,Tier 2,4G,22,168.23,low,0,0
TXN_017738,Card,Android,Tier 1,4G,7,80.22,low,1,1
TXN_017739,UPI,Android,Tier 2,4G,3,1276.38,med,1,1
TXN_017740,Card,Android,Tier 1,4G,3,1279.66,med,0,1
TXN_017741,UPI,Android,Tier 1,4G,10,1135.37,med,1,1
TXN_017742,Card,Android,Tier 2,4G,13,304.01,low,1,1
TXN_017743,UPI,Android,Tier 3,5G,8,2383.98,high,0,1
TXN_017744,UPI,iOS,Tier 1,3G,19,2120.75,high,0,0
TXN_017745,Card,Android,Tier 3,Wifi,13,3324.7,high,0,1
TXN_017746,UPI,iOS,Tier 2,4G,2,745.54,med,1,1
TXN_017747,Card,Android,Tier 1,5G,12,1372.15,med,0,0
TXN_017748,UPI,Desktop,Tier 3,Wifi,13,879.6,med,0,1
TXN_017749,Card,Android,Tier 3,Wifi,16,212.32,low,1,1
TXN_017750,UPI,Desktop,Tier 1,Wifi,2,1278.88,med,0,0
TXN_017751,Card,Android,Tier 1,Wifi,14,652.99,med,1,0
TXN_017752,UPI,Android,Tier 1,4G,20,381.14,low,0,1
TXN_017753,UPI,Android,Tier 3,4G,1,7523.29,high,2,1
TXN_017754,UPI,Desktop,Tier 1,4G,20,117.86,low,1,1
TXN_017755,Card,Android,Tier 1,4G,9,851.73,med,2,0
TXN_017756,UPI,Android,Tier 2,3G,21,797.61,med,1,1
TXN_017757,Wallet,Android,Tier 2,4G,14,1272.52,med,0,0
TXN_017758,Wallet,Android,Tier 1,Wifi,18,442.95,low,0,1
TXN_017759,UPI,Android,Tier 3,5G,20,57.74,low,0,1
TXN_017760,Card,Android,Tier 3,4G,11,427.34,low,0,1
TXN_017761,UPI,Desktop,Tier 3,4G,16,445.66,low,0,1
TXN_017762,UPI,iOS,Tier 1,4G,15,4674.05,high,0,1
TXN_017763,Card,Android,Tier 3,5G,7,1643.24,med,0,0
TXN_017764,Card,Android,Tier 2,Wifi,4,1462.48,med,0,1
TXN_017765,Card,Android,Tier 1,3G,23,5855.38,high,0,1
TXN_017766,UPI,Android,Tier 2,4G,14,2667.69,high,0,1
TXN_017767,UPI,Android,Tier 1,4G,7,9654.62,high,0,1
TXN_017768,UPI,iOS,Tier 2,4G,17,638.17,med,1,1
TXN_017769,Card,Android,Tier 2,4G,20,2799.32,high,0,1
TXN_017770,UPI,iOS,Tier 3,Wifi,7,727.8,med,0,1
TXN_017771,Card,Desktop,Tier 1,4G,18,263.43,low,1,0
TXN_017772,UPI,Android,Tier 2,5G,16,408.07,low,2,1
TXN_017773,UPI,Desktop,Tier 1,4G,3,1054.89,med,0,1
TXN_017774,UPI,Android,Tier 3,4G,3,2613.27,high,3,1
TXN_017775,UPI,Android,Tier 2,5G,19,4239.32,high,3,1
TXN_017776,UPI,Android,Tier 1,5G,19,205.85,low,0,1
TXN_017777,Netbanking,Android,Tier 1,4G,8,726.95,med,0,1
TXN_017778,Wallet,Android,Tier 2,5G,13,551.52,med,0,1
TXN_017779,UPI,Android,Tier 2,4G,0,16839.09,ultra_high,1,1
TXN_017780,UPI,Android,Tier 2,5G,8,754.48,med,0,1
TXN_017781,UPI,Android,Tier 1,Wifi,22,424.81,low,0,1
TXN_017782,Wallet,Android,Tier 2,5G,12,766.59,med,1,1
TXN_017783,UPI,Android,Tier 1,4G,20,1965.03,med,0,1
TXN_017784,Wallet,Android,Tier 2,5G,17,6484.53,high,0,1
TXN_017785,UPI,Android,Tier 3,Wifi,9,79.05,low,1,1
TXN_017786,UPI,Android,Tier 2,4G,3,534.97,med,0,1
TXN_017787,Wallet,Android,Tier 1,5G,14,701.82,med,0,0
TXN_017788,UPI,iOS,Tier 3,4G,3,774.82,med,0,1
TXN_017789,Card,Android,Tier 1,Wifi,19,18547.78,ultra_high,1,0
TXN_017790,UPI,Android,Tier 2,4G,10,661.34,med,1,1
TXN_017791,UPI,Android,Tier 2,Wifi,11,9653.71,high,0,1
TXN_017792,UPI,Android,Tier 1,5G,12,417.6,low,0,1
TXN_017793,Card,Android,Tier 1,4G,1,168.56,low,0,1
TXN_017794,Card,Android,Tier 1,4G,7,1913.5,med,0,0
TXN_017795,UPI,iOS,Tier 3,4G,3,707.14,med,0,1
TXN_017796,Wallet,iOS,Tier 3,4G,8,170.46,low,0,1
TXN_017797,UPI,Android,Tier 2,4G,1,2503.08,high,0,1
TXN_017798,UPI,iOS,Tier 1,4G,22,4042.94,high,2,0
TXN_017799,UPI,Android,Tier 3,4G,4,1461.42,med,0,0
TXN_017800,UPI,Desktop,Tier 2,4G,4,1330.58,med,0,1
TXN_017801,UPI,Android,Tier 2,4G,22,1202.29,med,0,1
TXN_017802,PayLater,Android,Tier 2,5G,3,2028.35,high,0,1
TXN_017803,UPI,Android,Tier 1,4G,18,2971.79,high,0,1
TXN_017804,UPI,Android,Tier 2,4G,8,222.06,low,0,1
TXN_017805,UPI,iOS,Tier 2,4G,11,540.6,med,0,1
TXN_017806,Card,Android,Tier 2,5G,2,992.53,med,0,1
TXN_017807,Netbanking,Android,Tier 3,4G,4,792.98,med,0,1
TXN_017808,UPI,Android,Tier 1,4G,1,1393.32,med,0,1
TXN_017809,UPI,Android,Tier 2,4G,22,1208.54,med,1,1
TXN_017810,UPI,Android,Tier 1,4G,12,1134.26,med,0,1
TXN_017811,UPI,Desktop,Tier 2,4G,6,427.64,low,0,1
TXN_017812,UPI,iOS,Tier 1,4G,20,418.15,low,3,1
TXN_017813,UPI,Android,Tier 1,Wifi,7,6164.88,high,1,1
TXN_017814,UPI,Android,Tier 3,Wifi,19,581.47,med,0,1
TXN_017815,UPI,Android,Tier 1,3G,10,47298.99,ultra_high,0,0
TXN_017816,UPI,iOS,Tier 2,5G,11,112.06,low,0,1
TXN_017817,Wallet,Desktop,Tier 3,5G,17,470.33,low,0,1
TXN_017818,Wallet,Android,Tier 2,Wifi,17,1671.1,med,0,1
TXN_017819,Card,iOS,Tier 1,4G,15,1511.35,med,0,1
TXN_017820,UPI,Android,Tier 1,5G,19,274.73,low,0,1
TXN_017821,UPI,Android,Tier 3,4G,21,18434.16,ultra_high,1,1
TXN_017822,UPI,Desktop,Tier 1,5G,5,418.07,low,1,1
TXN_017823,Card,Android,Tier 2,4G,17,342.29,low,0,1
TXN_017824,UPI,Android,Tier 2,Wifi,16,810.56,med,0,1
TXN_017825,Netbanking,Android,Tier 2,3G,17,227.34,low,0,1
TXN_017826,Wallet,Android,Tier 3,4G,23,339.16,low,0,1
TXN_017827,UPI,Android,Tier 1,Wifi,20,393.38,low,0,1
TXN_017828,Card,Desktop,Tier 2,4G,2,157.84,low,0,1
TXN_017829,UPI,Android,Tier 2,4G,8,1205.56,med,1,1
TXN_017830,UPI,iOS,Tier 1,5G,6,231.8,low,0,1
TXN_017831,UPI,Android,Tier 1,4G,23,1277.02,med,0,1
TXN_017832,UPI,Android,Tier 2,4G,21,258.37,low,0,1
TXN_017833,Wallet,Desktop,Tier 2,4G,6,3299.33,high,2,1
TXN_017834,UPI,Android,Tier 2,5G,18,2129.41,high,0,1
TXN_017835,UPI,Android,Tier 3,4G,0,1933.58,med,0,0
TXN_017836,Card,Android,Tier 2,Wifi,0,815.12,med,0,1
TXN_017837,Card,Android,Tier 3,5G,0,4694.5,high,0,1
TXN_017838,UPI,Android,Tier 2,4G,10,1348.18,med,0,1
TXN_017839,Netbanking,iOS,Tier 1,4G,22,495.16,low,0,0
TXN_017840,Card,Desktop,Tier 1,Wifi,17,225.76,low,0,1
TXN_017841,UPI,Android,Tier 2,5G,12,1614.89,med,0,1
TXN_017842,UPI,iOS,Tier 3,5G,21,295.46,low,0,1
TXN_017843,UPI,iOS,Tier 1,5G,14,1643.04,med,3,0
TXN_017844,Netbanking,Android,Tier 2,4G,16,822.64,med,0,1
TXN_017845,Card,Android,Tier 1,5G,9,908.29,med,0,1
TXN_017846,Netbanking,Android,Tier 1,5G,7,2454.83,high,1,1
TXN_017847,UPI,Android,Tier 2,4G,20,3058.33,high,1,1
TXN_017848,UPI,Android,Tier 1,3G,8,604.51,med,0,1
TXN_017849,UPI,Android,Tier 2,4G,18,1022.58,med,0,1
TXN_017850,UPI,Android,Tier 3,4G,17,3562.73,high,0,1
TXN_017851,Card,Android,Tier 3,4G,7,6002.33,high,1,1
TXN_017852,Netbanking,Android,Tier 1,5G,4,1910.54,med,1,1
TXN_017853,UPI,Android,Tier 2,4G,13,12281.96,ultra_high,0,1
TXN_017854,UPI,Android,Tier 3,4G,12,227.24,low,0,1
TXN_017855,UPI,iOS,Tier 1,3G,0,373.79,low,0,1
TXN_017856,UPI,Android,Tier 2,4G,10,63.03,low,0,1
TXN_017857,UPI,iOS,Tier 3,4G,11,327.57,low,0,1
TXN_017858,UPI,Desktop,Tier 1,4G,5,234.37,low,0,1
TXN_017859,UPI,Android,Tier 3,4G,11,2695.67,high,0,1
TXN_017860,UPI,iOS,Tier 2,4G,2,1035.57,med,0,1
TXN_017861,UPI,Desktop,Tier 1,4G,7,8951.97,high,1,1
TXN_017862,UPI,Android,Tier 2,4G,21,1630.71,med,0,1
TXN_017863,Card,Desktop,Tier 1,Wifi,1,123.5,low,0,1
TXN_017864,UPI,iOS,Tier 1,4G,5,172.24,low,1,1
TXN_017865,PayLater,iOS,Tier 2,5G,2,654.76,med,0,1
TXN_017866,UPI,Android,Tier 2,4G,6,575.43,med,0,1
TXN_017867,UPI,Android,Tier 2,4G,15,1245.03,med,0,1
TXN_017868,UPI,Android,Tier 1,4G,16,166.85,low,0,1
TXN_017869,UPI,Android,Tier 3,4G,11,596.36,med,0,1
TXN_017870,Netbanking,Android,Tier 2,5G,14,3423.86,high,0,1
TXN_017871,UPI,Android,Tier 3,4G,13,1079.17,med,1,1
TXN_017872,Wallet,Android,Tier 3,3G,0,984.49,med,0,1
TXN_017873,Wallet,Android,Tier 1,5G,11,2923.19,high,1,0
TXN_017874,UPI,Android,Tier 1,4G,19,426.92,low,0,1
TXN_017875,UPI,Android,Tier 3,4G,22,172.73,low,0,1
TXN_017876,Card,Android,Tier 2,4G,19,233.08,low,1,1
TXN_017877,UPI,Android,Tier 1,4G,13,2980.33,high,0,1
TXN_017878,Card,Android,Tier 2,5G,15,507.13,med,0,0
TXN_017879,UPI,Android,Tier 1,Wifi,14,367.67,low,0,1
TXN_017880,UPI,Desktop,Tier 1,4G,7,579.33,med,1,1
TXN_017881,UPI,iOS,Tier 2,4G,20,427.32,low,2,1
TXN_017882,UPI,iOS,Tier 1,4G,0,658.61,med,0,1
TXN_017883,Wallet,Android,Tier 3,5G,12,1268.01,med,0,1
TXN_017884,UPI,Android,Tier 3,4G,2,262.68,low,0,1
TXN_017885,Netbanking,Android,Tier 2,Wifi,23,68.17,low,0,1
TXN_017886,UPI,Desktop,Tier 1,5G,11,416.17,low,1,1
TXN_017887,UPI,iOS,Tier 1,Wifi,6,582.8,med,1,1
TXN_017888,UPI,Android,Tier 1,4G,7,2991.59,high,0,1
TXN_017889,UPI,iOS,Tier 2,5G,16,1441.43,med,1,1
TXN_017890,UPI,Android,Tier 1,5G,17,371.47,low,0,1
TXN_017891,UPI,Android,Tier 2,5G,9,1316.4,med,0,1
TXN_017892,Netbanking,Android,Tier 2,4G,14,6309.46,high,0,1
TXN_017893,UPI,Android,Tier 3,3G,22,3997.84,high,1,1
TXN_017894,UPI,Android,Tier 3,Wifi,20,522.32,med,3,1
TXN_017895,Netbanking,iOS,Tier 2,4G,20,1139.97,med,0,1
TXN_017896,Card,Android,Tier 2,5G,9,2451.2,high,1,1
TXN_017897,UPI,Android,Tier 1,4G,8,6010.97,high,0,1
TXN_017898,UPI,Desktop,Tier 1,Wifi,0,803.27,med,0,1
TXN_017899,Wallet,Android,Tier 3,5G,20,1014.71,med,0,1
TXN_017900,Card,Android,Tier 2,4G,22,665.23,med,0,1
TXN_017901,UPI,Android,Tier 1,4G,4,332.5,low,0,1
TXN_017902,UPI,Android,Tier 2,4G,14,556.37,med,0,1
TXN_017903,Netbanking,Android,Tier 3,4G,13,1990.75,med,2,1
TXN_017904,UPI,Android,Tier 1,4G,10,10867.12,ultra_high,1,1
TXN_017905,PayLater,Android,Tier 1,5G,22,251.33,low,1,1
TXN_017906,UPI,Android,Tier 3,5G,16,3655.93,high,1,1
TXN_017907,Netbanking,Android,Tier 2,4G,20,7161.08,high,1,0
TXN_017908,UPI,iOS,Tier 2,5G,13,720.78,med,1,1
TXN_017909,UPI,iOS,Tier 1,4G,5,1057.59,med,0,1
TXN_017910,Wallet,Android,Tier 3,4G,21,928.4,med,1,1
TXN_017911,UPI,Android,Tier 3,5G,3,7028.22,high,2,1
TXN_017912,UPI,Android,Tier 2,4G,12,250.15,low,1,1
TXN_017913,UPI,Android,Tier 1,4G,20,785.13,med,0,1
TXN_017914,UPI,Android,Tier 2,4G,23,1716.99,med,0,1
TXN_017915,UPI,iOS,Tier 1,5G,21,397.31,low,1,1
TXN_017916,Card,Android,Tier 1,Wifi,16,122.42,low,0,1
TXN_017917,UPI,Android,Tier 1,4G,20,305.26,low,0,1
TXN_017918,UPI,iOS,Tier 1,4G,11,188.87,low,0,1
TXN_017919,UPI,Desktop,Tier 3,Wifi,22,1399.57,med,1,1
TXN_017920,Card,Android,Tier 1,4G,11,3816.35,high,0,1
TXN_017921,Card,Android,Tier 2,4G,23,1268.1,med,0,0
TXN_017922,UPI,Android,Tier 1,4G,3,228.12,low,0,1
TXN_017923,UPI,iOS,Tier 2,Wifi,1,1689.91,med,0,1
TXN_017924,Wallet,Android,Tier 1,5G,19,656.26,med,0,1
TXN_017925,UPI,Android,Tier 2,5G,5,6379.4,high,0,1
TXN_017926,Netbanking,Desktop,Tier 2,5G,5,603.28,med,0,0
TXN_017927,Netbanking,Android,Tier 3,5G,21,368.59,low,1,1
TXN_017928,Netbanking,Desktop,Tier 2,4G,0,1891.9,med,0,0
TXN_017929,UPI,Desktop,Tier 1,5G,10,512.3,med,2,0
TXN_017930,Netbanking,Android,Tier 1,4G,22,973.84,med,1,1
TXN_017931,Netbanking,iOS,Tier 2,5G,22,139.29,low,0,0
TXN_017932,Card,Android,Tier 1,4G,20,506.06,med,0,1
TXN_017933,UPI,iOS,Tier 2,4G,11,1093.16,med,0,1
TXN_017934,UPI,iOS,Tier 3,5G,3,1386.15,med,0,1
TXN_017935,UPI,Android,Tier 3,4G,15,521.58,med,0,1
TXN_017936,UPI,Android,Tier 3,4G,18,4259.64,high,0,1
TXN_017937,Card,iOS,Tier 3,4G,10,269.58,low,0,1
TXN_017938,UPI,Android,Tier 2,5G,10,2075.58,high,0,1
TXN_017939,UPI,Android,Tier 2,4G,12,4116.35,high,0,1
TXN_017940,UPI,Android,Tier 1,4G,12,737.48,med,0,1
TXN_017941,Card,Android,Tier 3,5G,7,22525.98,ultra_high,0,1
TXN_017942,Wallet,Desktop,Tier 1,4G,10,249.84,low,1,1
TXN_017943,UPI,iOS,Tier 2,Wifi,15,607.51,med,0,1
TXN_017944,UPI,Android,Tier 1,4G,12,970.34,med,0,1
TXN_017945,UPI,Android,Tier 1,Wifi,23,1162.96,med,0,1
TXN_017946,Card,Android,Tier 2,5G,2,1552.7,med,1,0
TXN_017947,Card,Android,Tier 1,4G,10,545.82,med,0,1
TXN_017948,Wallet,Android,Tier 2,Wifi,20,1738.22,med,0,1
TXN_017949,UPI,Android,Tier 2,5G,7,2083.9,high,0,1
TXN_017950,PayLater,Android,Tier 2,Wifi,9,293.73,low,0,1
TXN_017951,UPI,Desktop,Tier 1,4G,21,1973.07,med,1,1
TXN_017952,Card,Android,Tier 2,4G,17,1576.48,med,1,0
TXN_017953,UPI,Android,Tier 3,5G,16,2725.87,high,0,1
TXN_017954,Wallet,Android,Tier 1,4G,6,679.48,med,0,1
TXN_017955,UPI,Desktop,Tier 2,Wifi,17,54.48,low,0,1
TXN_017956,Card,iOS,Tier 2,5G,9,51.57,low,4,1
TXN_017957,Netbanking,iOS,Tier 3,5G,19,957.78,med,0,1
TXN_017958,UPI,Android,Tier 2,Wifi,21,409.0,low,2,1
TXN_017959,UPI,Android,Tier 1,3G,12,1588.16,med,0,1
TXN_017960,Wallet,Android,Tier 3,4G,6,809.25,med,0,1
TXN_017961,UPI,Android,Tier 3,5G,22,658.12,med,0,1
TXN_017962,UPI,Android,Tier 2,5G,6,2083.0,high,0,0
TXN_017963,UPI,Desktop,Tier 2,4G,19,996.88,med,0,1
TXN_017964,Card,Android,Tier 2,3G,10,728.47,med,0,1
TXN_017965,UPI,Android,Tier 2,Wifi,9,248.22,low,0,1
TXN_017966,UPI,iOS,Tier 2,5G,11,316.57,low,0,1
TXN_017967,UPI,Android,Tier 3,4G,12,1172.19,med,0,1
TXN_017968,UPI,Android,Tier 3,5G,11,1486.55,med,3,0
TXN_017969,Wallet,Android,Tier 2,5G,11,7148.81,high,0,1
TXN_017970,PayLater,Android,Tier 3,4G,5,2099.34,high,0,1
TXN_017971,Card,iOS,Tier 1,4G,2,415.11,low,0,1
TXN_017972,UPI,Android,Tier 1,4G,7,2727.58,high,1,1
TXN_017973,Wallet,iOS,Tier 2,5G,16,5199.64,high,0,1
TXN_017974,UPI,iOS,Tier 2,5G,12,2057.22,high,0,1
TXN_017975,UPI,iOS,Tier 1,4G,7,284.64,low,0,1
TXN_017976,Wallet,Android,Tier 2,5G,4,9115.49,high,0,1
TXN_017977,Netbanking,Android,Tier 1,4G,23,13980.33,ultra_high,0,1
TXN_017978,Card,Android,Tier 2,5G,3,60.58,low,0,1
TXN_017979,Card,Android,Tier 3,5G,15,791.49,med,0,1
TXN_017980,UPI,iOS,Tier 2,5G,17,388.49,low,0,1
TXN_017981,UPI,Android,Tier 1,5G,3,6174.94,high,1,1
TXN_017982,Card,iOS,Tier 3,4G,10,1229.22,med,0,0
TXN_017983,UPI,Android,Tier 2,4G,7,508.33,med,0,1
TXN_017984,UPI,Android,Tier 3,5G,0,456.07,low,0,1
TXN_017985,Netbanking,iOS,Tier 2,5G,12,282.42,low,0,1
TXN_017986,Netbanking,Android,Tier 3,4G,20,32135.63,ultra_high,1,1
TXN_017987,UPI,iOS,Tier 3,4G,21,935.3,med,0,1
TXN_017988,Netbanking,Android,Tier 2,4G,3,588.69,med,0,1
TXN_017989,Netbanking,Desktop,Tier 1,4G,3,99.2,low,2,0
TXN_017990,Card,Android,Tier 2,4G,3,1569.36,med,0,1
TXN_017991,UPI,iOS,Tier 2,4G,12,227.0,low,0,1
TXN_017992,UPI,Android,Tier 2,5G,18,1976.49,med,0,1
TXN_017993,UPI,Android,Tier 1,4G,15,461.96,low,0,1
TXN_017994,UPI,Desktop,Tier 2,Wifi,13,5651.53,high,1,1
TXN_017995,UPI,iOS,Tier 2,4G,9,356.67,low,0,1
TXN_017996,UPI,Android,Tier 3,4G,4,764.59,med,0,1
TXN_017997,UPI,Android,Tier 2,4G,14,2964.79,high,0,1
TXN_017998,Wallet,Android,Tier 1,5G,5,2672.69,high,0,1
TXN_017999,UPI,Android,Tier 1,5G,18,1565.52,med,3,1
TXN_018000,Card,iOS,Tier 1,5G,13,1586.65,med,0,1
TXN_018001,Card,Android,Tier 1,Wifi,10,617.12,med,3,0
TXN_018002,UPI,Android,Tier 1,5G,2,272.2,low,0,1
TXN_018003,Wallet,Android,Tier 3,Wifi,1,821.51,med,1,1
TXN_018004,Card,Android,Tier 3,4G,5,627.97,med,0,1
TXN_018005,UPI,iOS,Tier 1,4G,23,1525.74,med,0,1
TXN_018006,Netbanking,Desktop,Tier 2,4G,7,1796.99,med,0,0
TXN_018007,UPI,Android,Tier 2,5G,0,731.86,med,4,1
TXN_018008,Card,Android,Tier 3,4G,13,2233.3,high,1,0
TXN_018009,UPI,Android,Tier 3,5G,15,1024.99,med,0,1
TXN_018010,Netbanking,Android,Tier 1,4G,16,1376.46,med,0,1
TXN_018011,UPI,Android,Tier 1,4G,7,867.84,med,1,1
TXN_018012,Card,Android,Tier 1,4G,16,1775.18,med,0,1
TXN_018013,UPI,Android,Tier 2,4G,12,778.87,med,0,1
TXN_018014,Card,Android,Tier 2,4G,18,469.8,low,0,1
TXN_018015,Netbanking,iOS,Tier 1,4G,8,1820.26,med,3,0
TXN_018016,UPI,iOS,Tier 3,4G,2,707.51,med,0,1
TXN_018017,Card,Desktop,Tier 2,5G,17,1220.87,med,0,1
TXN_018018,UPI,Android,Tier 3,4G,0,1382.55,med,0,1
TXN_018019,Wallet,Android,Tier 1,4G,12,152.1,low,0,1
TXN_018020,UPI,Android,Tier 1,4G,12,536.13,med,0,1
TXN_018021,Netbanking,Android,Tier 1,Wifi,11,210.11,low,0,1
TXN_018022,Netbanking,Android,Tier 1,5G,0,1164.54,med,0,0
TXN_018023,UPI,Android,Tier 3,3G,9,202.31,low,3,1
TXN_018024,UPI,Android,Tier 1,5G,18,183.0,low,1,1
TXN_018025,UPI,Android,Tier 2,3G,21,1687.71,med,0,1
TXN_018026,Netbanking,Android,Tier 1,4G,6,3045.32,high,0,0
TXN_018027,UPI,Android,Tier 1,4G,13,308.24,low,0,1
TXN_018028,UPI,Android,Tier 3,5G,5,799.16,med,0,0
TXN_018029,Netbanking,Android,Tier 3,3G,5,323.08,low,1,0
TXN_018030,UPI,iOS,Tier 2,Wifi,8,395.18,low,1,1
TXN_018031,Card,Android,Tier 3,5G,19,125.8,low,1,0
TXN_018032,UPI,iOS,Tier 2,4G,15,1304.7,med,0,1
TXN_018033,UPI,Android,Tier 2,4G,4,662.48,med,3,1
TXN_018034,Netbanking,Android,Tier 3,4G,14,579.53,med,0,1
TXN_018035,UPI,iOS,Tier 1,4G,0,1956.61,med,4,0
TXN_018036,UPI,Android,Tier 1,4G,3,3796.75,high,2,1
TXN_018037,Netbanking,Android,Tier 2,4G,9,201.14,low,0,1
TXN_018038,UPI,iOS,Tier 1,Wifi,5,2082.15,high,2,1
TXN_018039,PayLater,Android,Tier 1,4G,22,645.87,med,0,0
TXN_018040,PayLater,Android,Tier 1,4G,1,467.05,low,1,1
TXN_018041,UPI,iOS,Tier 3,4G,9,3582.55,high,0,1
TXN_018042,UPI,Android,Tier 2,4G,21,468.45,low,0,1
TXN_018043,Card,Android,Tier 2,4G,18,813.74,med,1,0
TXN_018044,UPI,Android,Tier 3,4G,22,866.84,med,3,1
TXN_018045,UPI,iOS,Tier 2,Wifi,8,1681.01,med,0,1
TXN_018046,Card,Android,Tier 2,4G,10,540.46,med,0,0
TXN_018047,UPI,Android,Tier 3,4G,3,513.0,med,0,1
TXN_018048,Wallet,Android,Tier 3,4G,23,10047.22,ultra_high,3,0
TXN_018049,UPI,Desktop,Tier 2,4G,9,621.28,med,0,1
TXN_018050,UPI,Android,Tier 2,4G,5,54.86,low,2,1
TXN_018051,UPI,iOS,Tier 2,4G,2,356.27,low,3,0
TXN_018052,PayLater,Android,Tier 2,4G,12,1013.07,med,2,0
TXN_018053,Card,Android,Tier 1,5G,18,1311.42,med,1,1
TXN_018054,Netbanking,iOS,Tier 2,Wifi,2,6648.02,high,0,0
TXN_018055,UPI,Desktop,Tier 1,4G,19,337.98,low,0,0
TXN_018056,UPI,Android,Tier 1,5G,17,462.97,low,1,1
TXN_018057,UPI,Android,Tier 2,4G,11,3855.01,high,3,0
TXN_018058,UPI,Desktop,Tier 3,4G,11,12544.45,ultra_high,1,1
TXN_018059,Card,Android,Tier 1,4G,20,565.05,med,0,1
TXN_018060,Card,Android,Tier 1,5G,11,243.1,low,0,0
TXN_018061,UPI,Android,Tier 2,4G,23,1562.38,med,0,1
TXN_018062,Wallet,iOS,Tier 2,5G,6,115.5,low,0,1
TXN_018063,UPI,iOS,Tier 1,5G,8,874.97,med,0,1
TXN_018064,PayLater,Desktop,Tier 1,Wifi,11,889.87,med,0,1
TXN_018065,UPI,Android,Tier 2,4G,18,2553.57,high,0,1
TXN_018066,UPI,Android,Tier 3,4G,3,246.37,low,1,1
TXN_018067,UPI,Android,Tier 1,4G,23,573.24,med,0,1
TXN_018068,UPI,Android,Tier 1,Wifi,9,4186.63,high,0,1
TXN_018069,Card,Android,Tier 2,5G,18,513.65,med,0,1
TXN_018070,UPI,Android,Tier 1,Wifi,16,583.21,med,3,1
TXN_018071,UPI,Android,Tier 1,5G,17,392.08,low,2,1
TXN_018072,Card,Android,Tier 2,5G,9,238.51,low,0,1
TXN_018073,Card,Android,Tier 3,4G,23,1839.23,med,0,1
TXN_018074,Netbanking,iOS,Tier 1,Wifi,11,327.63,low,0,1
TXN_018075,UPI,Android,Tier 2,Wifi,22,104.97,low,0,1
TXN_018076,Card,Android,Tier 1,4G,19,301.97,low,0,1
TXN_018077,Card,Android,Tier 3,4G,7,217.38,low,1,0
TXN_018078,UPI,iOS,Tier 1,5G,18,13622.37,ultra_high,0,1
TXN_018079,UPI,Android,Tier 2,4G,0,812.59,med,1,1
TXN_018080,UPI,Android,Tier 3,Wifi,3,2171.95,high,1,1
TXN_018081,UPI,Android,Tier 3,4G,5,290.29,low,0,1
TXN_018082,UPI,Android,Tier 2,4G,21,1232.37,med,0,0
TXN_018083,UPI,iOS,Tier 1,5G,3,1019.51,med,0,1
TXN_018084,Card,Android,Tier 2,5G,15,60.57,low,1,1
TXN_018085,Card,Android,Tier 1,4G,7,355.38,low,1,0
TXN_018086,PayLater,Android,Tier 2,Wifi,8,175.75,low,0,1
TXN_018087,Card,Android,Tier 2,3G,14,169.06,low,2,0
TXN_018088,UPI,Android,Tier 3,5G,17,741.59,med,0,1
TXN_018089,Wallet,Android,Tier 2,5G,2,478.42,low,0,1
TXN_018090,Netbanking,Android,Tier 2,5G,23,1897.92,med,0,1
TXN_018091,UPI,iOS,Tier 3,4G,16,212.19,low,0,1
TXN_018092,Card,iOS,Tier 3,Wifi,0,1255.35,med,0,0
TXN_018093,PayLater,Android,Tier 2,4G,6,2362.44,high,0,0
TXN_018094,UPI,Android,Tier 2,4G,9,151.43,low,0,1
TXN_018095,Wallet,Android,Tier 2,Wifi,14,629.82,med,0,1
TXN_018096,UPI,Android,Tier 1,4G,22,3713.03,high,0,1
TXN_018097,UPI,Android,Tier 1,5G,12,1095.06,med,0,1
TXN_018098,UPI,Desktop,Tier 2,4G,22,192.14,low,1,1
TXN_018099,Card,Android,Tier 1,3G,4,186.95,low,0,0
TXN_018100,Netbanking,Desktop,Tier 2,Wifi,6,837.38,med,1,1
TXN_018101,PayLater,Android,Tier 2,Wifi,13,1890.54,med,0,1
TXN_018102,UPI,Android,Tier 2,Wifi,13,1869.27,med,0,1
TXN_018103,UPI,Android,Tier 1,4G,8,1440.53,med,1,1
TXN_018104,Netbanking,Android,Tier 1,4G,21,610.85,med,0,0
TXN_018105,Card,Android,Tier 1,5G,5,478.39,low,0,1
TXN_018106,UPI,iOS,Tier 1,Wifi,18,91.76,low,0,1
TXN_018107,UPI,iOS,Tier 3,4G,14,918.09,med,1,1
TXN_018108,Card,Android,Tier 1,Wifi,15,730.6,med,3,0
TXN_018109,Netbanking,Android,Tier 1,4G,22,795.76,med,0,1
TXN_018110,UPI,Desktop,Tier 1,Wifi,21,4382.27,high,2,1
TXN_018111,UPI,iOS,Tier 2,5G,11,599.15,med,0,1
TXN_018112,PayLater,Android,Tier 2,5G,20,677.67,med,0,1
TXN_018113,Card,Android,Tier 1,4G,2,204.78,low,0,0
TXN_018114,UPI,Android,Tier 3,4G,2,1586.86,med,1,1
TXN_018115,UPI,Android,Tier 3,4G,5,511.33,med,0,1
TXN_018116,Card,Android,Tier 1,4G,21,19968.92,ultra_high,0,0
TXN_018117,UPI,Android,Tier 2,4G,20,2217.21,high,0,1
TXN_018118,UPI,Android,Tier 2,5G,18,12610.21,ultra_high,2,1
TXN_018119,UPI,Android,Tier 1,4G,11,552.99,med,0,1
TXN_018120,UPI,Android,Tier 3,4G,15,534.21,med,0,1
TXN_018121,Card,Desktop,Tier 1,Wifi,17,2582.8,high,0,0
TXN_018122,UPI,Desktop,Tier 2,5G,3,1334.46,med,0,1
TXN_018123,Card,Android,Tier 2,4G,19,2736.11,high,0,1
TXN_018124,UPI,Android,Tier 2,Wifi,12,1460.88,med,0,1
TXN_018125,UPI,Android,Tier 3,3G,12,694.88,med,0,0
TXN_018126,UPI,Android,Tier 1,Wifi,1,1047.39,med,0,1
TXN_018127,Wallet,Android,Tier 1,Wifi,8,423.12,low,0,1
TXN_018128,Netbanking,Android,Tier 2,5G,10,126.8,low,0,0
TXN_018129,UPI,Android,Tier 1,4G,2,1449.23,med,0,1
TXN_018130,Netbanking,Android,Tier 1,5G,16,3410.82,high,0,0
TXN_018131,Card,Android,Tier 2,5G,11,583.01,med,0,1
TXN_018132,PayLater,iOS,Tier 1,4G,4,516.5,med,0,1
TXN_018133,UPI,Android,Tier 1,4G,13,975.33,med,0,1
TXN_018134,Card,Android,Tier 1,4G,18,1026.35,med,0,1
TXN_018135,UPI,Android,Tier 1,5G,21,3264.9,high,1,1
TXN_018136,UPI,Android,Tier 2,4G,16,1907.12,med,0,1
TXN_018137,PayLater,Android,Tier 1,5G,3,309.98,low,0,1
TXN_018138,UPI,iOS,Tier 3,Wifi,0,174.93,low,0,1
TXN_018139,UPI,Android,Tier 1,4G,16,1073.24,med,0,1
TXN_018140,UPI,iOS,Tier 2,3G,9,4225.45,high,3,0
TXN_018141,Card,Android,Tier 3,4G,7,4647.1,high,2,1
TXN_018142,Card,Android,Tier 1,4G,10,89.32,low,0,1
TXN_018143,UPI,Android,Tier 2,4G,19,1675.18,med,0,1
TXN_018144,PayLater,Android,Tier 3,4G,9,957.05,med,0,1
TXN_018145,UPI,Android,Tier 1,4G,18,91.42,low,0,1
TXN_018146,UPI,Desktop,Tier 3,Wifi,5,2216.95,high,2,1
TXN_018147,Wallet,Android,Tier 1,5G,10,5726.69,high,0,1
TXN_018148,UPI,Android,Tier 1,Wifi,15,1930.3,med,0,1
TXN_018149,UPI,iOS,Tier 3,5G,9,6729.09,high,0,1
TXN_018150,UPI,Android,Tier 1,4G,21,1523.71,med,0,1
TXN_018151,Netbanking,Android,Tier 2,4G,0,693.54,med,0,0
TXN_018152,UPI,Android,Tier 3,5G,7,1467.54,med,0,1
TXN_018153,Wallet,Android,Tier 3,5G,16,292.51,low,0,1
TXN_018154,Netbanking,Android,Tier 2,4G,18,380.77,low,4,1
TXN_018155,UPI,Android,Tier 3,Wifi,8,1217.5,med,0,1
TXN_018156,Card,Android,Tier 2,5G,19,695.3,med,4,0
TXN_018157,UPI,Android,Tier 1,Wifi,7,8339.43,high,2,0
TXN_018158,UPI,Android,Tier 2,5G,8,697.72,med,2,1
TXN_018159,Netbanking,Android,Tier 2,4G,15,898.19,med,1,1
TXN_018160,PayLater,Android,Tier 2,5G,13,1191.8,med,2,0
TXN_018161,UPI,Desktop,Tier 2,4G,23,2485.47,high,0,1
TXN_018162,UPI,Android,Tier 2,5G,5,133.81,low,0,1
TXN_018163,UPI,iOS,Tier 2,4G,8,5401.93,high,0,1
TXN_018164,UPI,Android,Tier 3,4G,10,2506.0,high,0,1
TXN_018165,UPI,Android,Tier 2,4G,21,1672.16,med,4,1
TXN_018166,UPI,Android,Tier 1,4G,14,36151.06,ultra_high,0,1
TXN_018167,Card,iOS,Tier 2,4G,14,596.24,med,0,1
TXN_018168,UPI,Android,Tier 1,Wifi,4,443.9,low,4,0
TXN_018169,UPI,iOS,Tier 3,4G,7,221.53,low,0,1
TXN_018170,Netbanking,Desktop,Tier 1,4G,19,10757.25,ultra_high,0,1
TXN_018171,Netbanking,Android,Tier 1,5G,2,549.9,med,0,0
TXN_018172,UPI,Android,Tier 1,5G,19,15022.2,ultra_high,0,1
TXN_018173,UPI,Android,Tier 1,4G,3,1876.46,med,0,1
TXN_018174,Card,Android,Tier 2,5G,6,1350.6,med,0,1
TXN_018175,UPI,Android,Tier 1,4G,16,1321.89,med,0,1
TXN_018176,UPI,iOS,Tier 3,Wifi,11,246.31,low,3,0
TXN_018177,Card,Android,Tier 2,5G,5,1773.31,med,1,1
TXN_018178,UPI,Android,Tier 1,4G,23,1447.8,med,0,1
TXN_018179,UPI,Android,Tier 2,4G,22,4924.71,high,1,1
TXN_018180,UPI,Desktop,Tier 2,5G,20,2004.3,high,0,1
TXN_018181,UPI,Android,Tier 3,4G,3,985.92,med,0,1
TXN_018182,UPI,Desktop,Tier 2,Wifi,17,429.14,low,1,0
TXN_018183,PayLater,Desktop,Tier 1,4G,15,1707.26,med,1,1
TXN_018184,UPI,Android,Tier 2,4G,0,834.98,med,3,0
TXN_018185,UPI,Android,Tier 1,4G,16,1448.47,med,0,1
TXN_018186,UPI,Android,Tier 2,5G,4,597.22,med,0,1
TXN_018187,Wallet,Android,Tier 3,4G,22,876.39,med,0,1
TXN_018188,UPI,Android,Tier 1,4G,17,201.71,low,0,1
TXN_018189,UPI,Android,Tier 2,Wifi,5,342.66,low,0,1
TXN_018190,Wallet,Android,Tier 1,4G,22,117.82,low,0,1
TXN_018191,UPI,Android,Tier 1,4G,12,577.34,med,0,1
TXN_018192,UPI,Android,Tier 2,4G,7,225.58,low,2,1
TXN_018193,UPI,Android,Tier 2,Wifi,18,730.24,med,0,1
TXN_018194,UPI,Android,Tier 2,5G,15,1055.37,med,0,1
TXN_018195,UPI,iOS,Tier 1,5G,17,1401.34,med,4,0
TXN_018196,Card,Android,Tier 3,4G,6,88.44,low,1,1
TXN_018197,UPI,Android,Tier 1,5G,23,347.85,low,4,0
TXN_018198,Card,iOS,Tier 1,5G,8,1521.06,med,0,1
TXN_018199,UPI,Desktop,Tier 3,4G,20,1396.32,med,0,1
TXN_018200,UPI,Android,Tier 3,4G,0,1448.67,med,1,1
TXN_018201,UPI,Android,Tier 2,Wifi,8,3288.16,high,0,1
TXN_018202,Wallet,Android,Tier 3,4G,9,255.36,low,0,1
TXN_018203,UPI,Android,Tier 1,5G,20,285.22,low,0,1
TXN_018204,Card,iOS,Tier 1,4G,17,470.69,low,0,1
TXN_018205,UPI,Android,Tier 3,5G,21,546.93,med,0,1
TXN_018206,UPI,iOS,Tier 3,4G,0,3133.91,high,1,1
TXN_018207,UPI,Android,Tier 1,4G,12,615.75,med,1,1
TXN_018208,UPI,Android,Tier 1,5G,13,1559.97,med,0,1
TXN_018209,UPI,Android,Tier 1,3G,22,300.54,low,0,0
TXN_018210,UPI,Android,Tier 1,3G,6,2818.04,high,1,1
TXN_018211,Netbanking,Android,Tier 2,4G,7,275.72,low,0,1
TXN_018212,UPI,Android,Tier 2,4G,0,424.32,low,0,0
TXN_018213,Card,Android,Tier 2,5G,1,498.5,low,0,0
TXN_018214,UPI,iOS,Tier 2,4G,10,4998.0,high,0,1
TXN_018215,UPI,Android,Tier 3,5G,0,3124.08,high,0,1
TXN_018216,Card,iOS,Tier 1,5G,23,955.28,med,0,1
TXN_018217,UPI,Android,Tier 2,5G,11,176.33,low,0,1
TXN_018218,UPI,iOS,Tier 3,5G,7,1377.79,med,2,1
TXN_018219,Card,Desktop,Tier 1,4G,2,2168.96,high,2,1
TXN_018220,Wallet,Android,Tier 3,5G,9,3701.98,high,4,1
TXN_018221,UPI,iOS,Tier 2,4G,14,2736.74,high,0,1
TXN_018222,UPI,Android,Tier 1,Wifi,11,226.4,low,0,1
TXN_018223,Wallet,iOS,Tier 1,4G,1,444.67,low,2,1
TXN_018224,UPI,Android,Tier 2,4G,4,2343.54,high,0,0
TXN_018225,Card,Android,Tier 2,Wifi,8,1841.19,med,1,1
TXN_018226,UPI,Android,Tier 2,5G,17,1054.07,med,0,1
TXN_018227,UPI,Android,Tier 1,Wifi,5,1113.28,med,0,1
TXN_018228,Card,Android,Tier 2,5G,10,522.52,med,0,1
TXN_018229,UPI,Desktop,Tier 1,Wifi,13,72.05,low,0,1
TXN_018230,UPI,iOS,Tier 1,4G,0,1143.05,med,4,1
TXN_018231,UPI,Android,Tier 1,4G,22,5419.33,high,0,1
TXN_018232,Netbanking,iOS,Tier 2,Wifi,3,2004.06,high,0,1
TXN_018233,Card,iOS,Tier 1,Wifi,6,995.95,med,1,0
TXN_018234,UPI,Android,Tier 1,5G,8,433.47,low,0,1
TXN_018235,UPI,Android,Tier 1,5G,16,2338.12,high,0,0
TXN_018236,Card,Android,Tier 1,Wifi,16,443.5,low,1,1
TXN_018237,Netbanking,iOS,Tier 1,4G,10,17989.82,ultra_high,3,1
TXN_018238,Card,iOS,Tier 2,5G,22,1427.73,med,0,1
TXN_018239,UPI,Android,Tier 2,4G,11,720.93,med,0,1
TXN_018240,Card,Android,Tier 2,4G,14,3492.33,high,0,1
TXN_018241,Card,iOS,Tier 2,4G,1,1623.39,med,1,0
TXN_018242,UPI,Desktop,Tier 1,Wifi,7,178.44,low,0,1
TXN_018243,UPI,iOS,Tier 3,5G,19,725.52,med,1,1
TXN_018244,UPI,Android,Tier 1,3G,22,1291.37,med,0,1
TXN_018245,Card,Android,Tier 2,4G,1,1453.74,med,1,0
TXN_018246,UPI,Android,Tier 3,4G,23,356.44,low,0,1
TXN_018247,Card,Android,Tier 2,4G,5,2036.04,high,0,1
TXN_018248,Wallet,iOS,Tier 1,4G,0,80.11,low,0,1
TXN_018249,Netbanking,Android,Tier 1,4G,17,1205.84,med,1,0
TXN_018250,Wallet,iOS,Tier 1,4G,3,1995.15,med,0,1
TXN_018251,PayLater,Android,Tier 2,4G,7,14428.33,ultra_high,1,0
TXN_018252,UPI,iOS,Tier 2,4G,7,1513.87,med,0,1
TXN_018253,Card,Android,Tier 2,4G,13,229.94,low,0,0
TXN_018254,UPI,Android,Tier 1,Wifi,19,1309.3,med,1,1
TXN_018255,Netbanking,Android,Tier 3,5G,13,196.65,low,0,1
TXN_018256,UPI,Android,Tier 2,Wifi,0,2230.55,high,4,1
TXN_018257,PayLater,Desktop,Tier 1,Wifi,19,2071.36,high,1,1
TXN_018258,Card,Android,Tier 1,4G,2,359.46,low,0,1
TXN_018259,Netbanking,Android,Tier 2,5G,14,153.58,low,1,1
TXN_018260,UPI,iOS,Tier 2,5G,18,36181.85,ultra_high,1,1
TXN_018261,UPI,iOS,Tier 1,4G,0,598.58,med,0,1
TXN_018262,Netbanking,Android,Tier 1,Wifi,2,1085.62,med,0,0
TXN_018263,UPI,Desktop,Tier 3,4G,19,1326.07,med,0,1
TXN_018264,Netbanking,Android,Tier 1,4G,0,753.06,med,0,0
TXN_018265,UPI,Android,Tier 1,5G,18,1269.5,med,1,1
TXN_018266,Card,Android,Tier 3,5G,16,2022.81,high,0,1
TXN_018267,UPI,Android,Tier 2,5G,12,5745.01,high,0,1
TXN_018268,Card,Android,Tier 2,4G,19,282.19,low,0,1
TXN_018269,Card,Android,Tier 2,4G,15,397.73,low,4,0
TXN_018270,UPI,Android,Tier 2,4G,11,1204.51,med,0,1
TXN_018271,UPI,iOS,Tier 2,3G,6,5604.64,high,4,1
TXN_018272,UPI,Android,Tier 3,Wifi,23,106.14,low,1,1
TXN_018273,Card,Desktop,Tier 1,5G,23,1394.23,med,0,1
TXN_018274,UPI,iOS,Tier 1,4G,16,2990.65,high,0,1
TXN_018275,Card,Android,Tier 1,4G,10,7267.27,high,0,0
TXN_018276,UPI,Android,Tier 2,4G,21,3986.78,high,0,1
TXN_018277,UPI,Android,Tier 2,4G,7,525.05,med,3,0
TXN_018278,UPI,iOS,Tier 1,4G,9,3330.27,high,0,1
TXN_018279,UPI,Android,Tier 1,5G,15,124.26,low,0,1
TXN_018280,UPI,Android,Tier 1,4G,9,4657.48,high,0,1
TXN_018281,PayLater,Desktop,Tier 1,5G,23,3511.05,high,2,1
TXN_018282,Wallet,Android,Tier 3,4G,7,597.23,med,0,1
TXN_018283,UPI,Android,Tier 2,4G,4,1378.63,med,0,1
TXN_018284,Card,Android,Tier 1,5G,16,674.18,med,1,1
TXN_018285,Netbanking,iOS,Tier 1,5G,12,601.77,med,0,1
TXN_018286,UPI,iOS,Tier 1,Wifi,9,2444.17,high,1,1
TXN_018287,UPI,Android,Tier 2,5G,9,2225.92,high,0,1
TXN_018288,UPI,Android,Tier 2,Wifi,20,891.04,med,0,1
TXN_018289,UPI,iOS,Tier 3,4G,22,1428.35,med,1,1
TXN_018290,PayLater,iOS,Tier 2,4G,11,14022.14,ultra_high,0,0
TXN_018291,Card,iOS,Tier 2,5G,11,2163.78,high,0,0
TXN_018292,UPI,Android,Tier 3,Wifi,6,409.57,low,0,1
TXN_018293,UPI,Desktop,Tier 2,5G,10,1148.54,med,0,0
TXN_018294,Netbanking,Android,Tier 1,4G,19,30.17,low,0,0
TXN_018295,Netbanking,Android,Tier 2,4G,23,1926.97,med,0,1
TXN_018296,Card,Android,Tier 2,4G,11,538.21,med,0,1
TXN_018297,Card,Android,Tier 2,4G,3,122.05,low,0,1
TXN_018298,UPI,iOS,Tier 1,5G,17,2466.15,high,0,1
TXN_018299,Netbanking,Android,Tier 1,4G,9,1615.64,med,1,1
TXN_018300,Netbanking,iOS,Tier 1,4G,19,1471.49,med,0,1
TXN_018301,UPI,Android,Tier 1,4G,1,4715.3,high,0,1
TXN_018302,Card,Android,Tier 3,4G,0,1300.53,med,0,1
TXN_018303,UPI,Android,Tier 2,4G,13,1917.53,med,0,1
TXN_018304,UPI,Android,Tier 2,4G,16,597.31,med,0,1
TXN_018305,UPI,Android,Tier 2,5G,3,3479.72,high,0,1
TXN_018306,UPI,Android,Tier 2,5G,8,520.07,med,0,1
TXN_018307,UPI,Android,Tier 3,4G,6,1158.14,med,0,1
TXN_018308,UPI,Android,Tier 1,4G,20,1040.78,med,1,1
TXN_018309,UPI,iOS,Tier 2,Wifi,21,1513.57,med,0,1
TXN_018310,UPI,Android,Tier 1,4G,16,848.12,med,0,1
TXN_018311,UPI,Android,Tier 3,5G,2,3611.12,high,0,1
TXN_018312,UPI,Android,Tier 3,4G,0,888.68,med,2,1
TXN_018313,Card,Desktop,Tier 3,4G,9,490.38,low,1,0
TXN_018314,UPI,Android,Tier 1,4G,4,661.49,med,0,1
TXN_018315,UPI,Android,Tier 1,4G,3,1052.26,med,0,1
TXN_018316,Netbanking,iOS,Tier 1,4G,18,1251.55,med,0,1
TXN_018317,Card,Android,Tier 2,Wifi,5,297.63,low,0,1
TXN_018318,Netbanking,Android,Tier 2,4G,5,812.87,med,1,0
TXN_018319,UPI,Desktop,Tier 1,Wifi,8,3230.22,high,0,1
TXN_018320,UPI,Android,Tier 2,Wifi,19,549.21,med,0,1
TXN_018321,Card,Android,Tier 1,5G,8,4009.78,high,0,0
TXN_018322,UPI,Android,Tier 3,5G,14,741.43,med,0,1
TXN_018323,UPI,iOS,Tier 1,4G,19,1095.09,med,0,1
TXN_018324,UPI,Android,Tier 1,5G,7,2132.07,high,1,1
TXN_018325,Netbanking,Android,Tier 2,Wifi,23,21396.23,ultra_high,0,1
TXN_018326,UPI,Android,Tier 2,4G,1,668.46,med,3,0
TXN_018327,Wallet,iOS,Tier 1,4G,9,573.85,med,3,1
TXN_018328,Netbanking,Android,Tier 3,4G,13,5814.15,high,1,1
TXN_018329,UPI,Android,Tier 2,5G,23,807.8,med,0,1
TXN_018330,Card,Android,Tier 3,4G,1,1222.54,med,0,1
TXN_018331,Card,Android,Tier 3,4G,23,1525.71,med,0,1
TXN_018332,Netbanking,iOS,Tier 2,5G,21,443.22,low,0,0
TXN_018333,UPI,Android,Tier 3,4G,12,621.51,med,4,1
TXN_018334,Netbanking,iOS,Tier 3,5G,18,70.45,low,0,1
TXN_018335,UPI,Android,Tier 3,4G,6,1356.16,med,0,1
TXN_018336,Wallet,iOS,Tier 3,4G,11,78.61,low,0,0
TXN_018337,UPI,Android,Tier 3,4G,5,4068.79,high,0,1
TXN_018338,UPI,Android,Tier 2,Wifi,2,2206.2,high,0,1
TXN_018339,Netbanking,Desktop,Tier 1,Wifi,4,689.78,med,0,1
TXN_018340,Netbanking,Desktop,Tier 3,4G,3,3903.35,high,1,1
TXN_018341,Card,Android,Tier 2,4G,13,3830.65,high,1,1
TXN_018342,UPI,Android,Tier 1,Wifi,5,627.53,med,0,1
TXN_018343,UPI,Android,Tier 1,5G,16,273.37,low,0,1
TXN_018344,PayLater,iOS,Tier 2,4G,16,1427.26,med,0,1
TXN_018345,Netbanking,Android,Tier 2,5G,23,5537.2,high,0,0
TXN_018346,Netbanking,Android,Tier 1,Wifi,12,1553.22,med,0,1
TXN_018347,UPI,Android,Tier 1,4G,23,857.52,med,0,1
TXN_018348,UPI,Desktop,Tier 2,4G,11,796.0,med,0,1
TXN_018349,Card,Android,Tier 1,4G,23,789.14,med,3,1
TXN_018350,Netbanking,Android,Tier 2,5G,1,79.22,low,0,1
TXN_018351,UPI,Android,Tier 2,4G,13,4534.03,high,1,1
TXN_018352,Netbanking,Android,Tier 2,Wifi,4,25687.36,ultra_high,2,0
TXN_018353,UPI,Android,Tier 1,5G,7,232.02,low,0,1
TXN_018354,UPI,Desktop,Tier 1,5G,14,567.04,med,0,0
TXN_018355,UPI,iOS,Tier 2,4G,8,426.34,low,0,1
TXN_018356,UPI,Android,Tier 2,3G,15,171.64,low,0,1
TXN_018357,UPI,iOS,Tier 1,4G,12,1097.31,med,2,1
TXN_018358,UPI,Android,Tier 1,4G,21,1538.02,med,0,1
TXN_018359,UPI,Android,Tier 3,3G,14,1710.9,med,0,1
TXN_018360,Netbanking,Desktop,Tier 3,Wifi,3,698.37,med,1,1
TXN_018361,UPI,Android,Tier 2,4G,15,26268.98,ultra_high,2,0
TXN_018362,UPI,Android,Tier 1,4G,11,966.02,med,0,1
TXN_018363,UPI,Desktop,Tier 1,4G,19,1016.97,med,0,1
TXN_018364,UPI,Android,Tier 1,Wifi,21,253.41,low,0,1
TXN_018365,Netbanking,iOS,Tier 1,Wifi,11,686.03,med,1,0
TXN_018366,UPI,Desktop,Tier 2,4G,14,568.32,med,2,1
TXN_018367,Netbanking,Android,Tier 2,5G,4,286.8,low,0,0
TXN_018368,Card,Android,Tier 1,5G,0,2584.89,high,1,0
TXN_018369,UPI,Android,Tier 3,4G,19,396.67,low,0,1
TXN_018370,UPI,Android,Tier 2,5G,2,597.7,med,0,1
TXN_018371,UPI,Android,Tier 2,4G,7,2713.93,high,0,1
TXN_018372,UPI,iOS,Tier 3,Wifi,6,737.39,med,0,1
TXN_018373,Card,Android,Tier 2,4G,12,2601.21,high,2,1
TXN_018374,Card,Android,Tier 3,5G,9,376.91,low,0,1
TXN_018375,UPI,Android,Tier 1,4G,16,128.75,low,1,1
TXN_018376,UPI,Android,Tier 1,4G,10,1194.22,med,1,1
TXN_018377,UPI,iOS,Tier 2,4G,7,4090.91,high,3,1
TXN_018378,Card,Android,Tier 2,5G,22,3774.99,high,0,1
TXN_018379,UPI,iOS,Tier 1,4G,14,1451.87,med,4,0
TXN_018380,UPI,Android,Tier 2,5G,11,1241.0,med,0,1
TXN_018381,UPI,Android,Tier 1,4G,17,1282.21,med,0,1
TXN_018382,Card,Android,Tier 2,5G,9,53.25,low,1,0
TXN_018383,Netbanking,Android,Tier 2,4G,11,1224.56,med,0,1
TXN_018384,UPI,Android,Tier 2,4G,3,535.65,med,0,0
TXN_018385,UPI,Android,Tier 2,4G,14,5776.83,high,1,1
TXN_018386,PayLater,Desktop,Tier 3,4G,17,822.27,med,3,1
TXN_018387,UPI,Android,Tier 1,5G,12,1249.05,med,1,1
TXN_018388,Card,Desktop,Tier 3,5G,23,226.79,low,1,1
TXN_018389,UPI,Android,Tier 1,4G,16,3084.37,high,0,1
TXN_018390,Card,Android,Tier 2,5G,0,1117.07,med,0,0
TXN_018391,UPI,Android,Tier 2,4G,23,1100.62,med,2,1
TXN_018392,PayLater,Android,Tier 3,4G,4,27439.63,ultra_high,0,1
TXN_018393,Card,iOS,Tier 3,5G,16,1482.75,med,0,1
TXN_018394,Netbanking,Android,Tier 3,4G,19,13142.31,ultra_high,0,1
TXN_018395,Card,Android,Tier 1,5G,17,60.24,low,1,1
TXN_018396,Card,Android,Tier 3,Wifi,8,1730.59,med,1,0
TXN_018397,UPI,Android,Tier 1,4G,9,1895.91,med,0,1
TXN_018398,Netbanking,iOS,Tier 1,5G,21,239.07,low,0,1
TXN_018399,PayLater,Android,Tier 1,Wifi,16,1328.97,med,1,1
TXN_018400,UPI,iOS,Tier 2,4G,0,336.75,low,0,1
TXN_018401,Wallet,Android,Tier 2,4G,3,716.94,med,1,0
TXN_018402,Card,Desktop,Tier 1,4G,17,539.11,med,0,1
TXN_018403,UPI,Android,Tier 1,5G,14,467.73,low,0,1
TXN_018404,UPI,Android,Tier 2,5G,14,392.21,low,1,1
TXN_018405,UPI,Android,Tier 3,5G,0,89.76,low,0,1
TXN_018406,UPI,Desktop,Tier 2,5G,21,816.45,med,0,1
TXN_018407,UPI,Android,Tier 2,5G,23,1616.34,med,0,1
TXN_018408,UPI,Android,Tier 2,4G,0,1725.27,med,3,0
TXN_018409,UPI,Android,Tier 3,Wifi,10,47.26,low,0,1
TXN_018410,UPI,Android,Tier 3,4G,10,203.59,low,2,0
TXN_018411,PayLater,iOS,Tier 2,4G,5,2692.57,high,0,1
TXN_018412,UPI,Android,Tier 2,Wifi,0,186.78,low,3,1
TXN_018413,UPI,Android,Tier 3,Wifi,13,3213.88,high,1,1
TXN_018414,UPI,Android,Tier 3,5G,23,3988.71,high,1,1
TXN_018415,UPI,Android,Tier 1,4G,5,4311.72,high,0,1
TXN_018416,Netbanking,iOS,Tier 2,Wifi,16,67.17,low,1,0
TXN_018417,Card,Desktop,Tier 3,5G,8,2816.33,high,0,1
TXN_018418,Netbanking,iOS,Tier 2,5G,16,1244.96,med,0,0
TXN_018419,UPI,Android,Tier 2,3G,13,429.5,low,1,1
TXN_018420,Card,Android,Tier 2,4G,18,1363.24,med,0,1
TXN_018421,UPI,iOS,Tier 1,5G,7,791.18,med,0,0
TXN_018422,UPI,Android,Tier 1,5G,23,61.43,low,1,1
TXN_018423,UPI,Android,Tier 3,4G,22,117.86,low,0,1
TXN_018424,UPI,Desktop,Tier 2,4G,11,262.99,low,3,1
TXN_018425,UPI,Android,Tier 3,4G,1,2776.75,high,1,1
TXN_018426,UPI,Android,Tier 3,5G,2,2257.38,high,1,1
TXN_018427,PayLater,Android,Tier 2,4G,20,1005.2,med,0,1
TXN_018428,UPI,Android,Tier 3,4G,12,214.23,low,0,1
TXN_018429,UPI,Android,Tier 1,4G,4,228.15,low,0,1
TXN_018430,UPI,Desktop,Tier 2,4G,17,538.63,med,1,1
TXN_018431,Card,Android,Tier 2,4G,0,6982.87,high,0,1
TXN_018432,UPI,Android,Tier 2,4G,4,289.0,low,0,1
TXN_018433,Netbanking,iOS,Tier 1,Wifi,20,236.76,low,0,1
TXN_018434,PayLater,Android,Tier 1,4G,11,1553.6,med,4,1
TXN_018435,UPI,Android,Tier 1,5G,18,3101.94,high,0,1
TXN_018436,UPI,Android,Tier 2,5G,23,552.81,med,0,1
TXN_018437,UPI,iOS,Tier 3,5G,5,4539.66,high,3,0
TXN_018438,Card,Android,Tier 3,4G,1,793.95,med,0,1
TXN_018439,UPI,Android,Tier 1,Wifi,1,588.35,med,0,1
TXN_018440,UPI,Android,Tier 1,4G,19,201.77,low,0,1
TXN_018441,UPI,Android,Tier 1,4G,12,2047.83,high,0,1
TXN_018442,Card,Android,Tier 1,4G,13,187.61,low,2,0
TXN_018443,UPI,Android,Tier 3,4G,5,100.68,low,0,1
TXN_018444,UPI,Android,Tier 3,4G,11,832.95,med,0,1
TXN_018445,Card,Android,Tier 1,4G,12,274.7,low,0,1
TXN_018446,Card,Android,Tier 1,4G,23,375.77,low,0,1
TXN_018447,Netbanking,Android,Tier 1,5G,7,2983.21,high,0,1
TXN_018448,UPI,Android,Tier 1,Wifi,13,1589.86,med,1,1
TXN_018449,Netbanking,Desktop,Tier 3,4G,17,3124.8,high,0,0
TXN_018450,Card,iOS,Tier 2,4G,3,1069.05,med,3,0
TXN_018451,UPI,Desktop,Tier 3,5G,5,36.98,low,2,1
TXN_018452,Card,Android,Tier 2,5G,21,662.59,med,0,0
TXN_018453,UPI,Android,Tier 1,4G,5,2485.02,high,0,1
TXN_018454,Wallet,Android,Tier 1,Wifi,14,3747.14,high,0,1
TXN_018455,UPI,Android,Tier 1,Wifi,23,2118.02,high,0,1
TXN_018456,Card,Android,Tier 3,5G,23,1735.81,med,0,0
TXN_018457,UPI,Android,Tier 3,4G,12,2334.81,high,2,0
TXN_018458,PayLater,Android,Tier 2,4G,6,9052.81,high,3,0
TXN_018459,UPI,Android,Tier 1,5G,12,909.85,med,2,1
TXN_018460,PayLater,Android,Tier 2,4G,20,853.63,med,0,0
TXN_018461,Wallet,Android,Tier 1,4G,5,1980.32,med,1,1
TXN_018462,UPI,Android,Tier 1,4G,5,281.84,low,0,1
TXN_018463,Netbanking,Android,Tier 2,4G,13,3172.99,high,3,0
TXN_018464,PayLater,Desktop,Tier 2,4G,2,376.68,low,0,1
TXN_018465,UPI,Android,Tier 3,Wifi,10,1074.33,med,0,1
TXN_018466,UPI,Android,Tier 2,Wifi,12,46.88,low,0,1
TXN_018467,UPI,iOS,Tier 1,5G,2,486.27,low,0,1
TXN_018468,UPI,Android,Tier 1,4G,11,413.2,low,2,1
TXN_018469,UPI,Android,Tier 1,4G,22,513.58,med,0,1
TXN_018470,UPI,Android,Tier 1,5G,21,1675.67,med,0,1
TXN_018471,UPI,Android,Tier 1,5G,20,717.95,med,0,1
TXN_018472,UPI,Android,Tier 2,5G,21,161.08,low,0,1
TXN_018473,UPI,Android,Tier 1,4G,21,971.41,med,0,1
TXN_018474,Wallet,Android,Tier 3,5G,19,484.63,low,0,0
TXN_018475,Card,iOS,Tier 2,Wifi,4,2201.74,high,0,1
TXN_018476,UPI,Android,Tier 1,4G,12,971.42,med,0,1
TXN_018477,Card,Android,Tier 2,4G,22,2358.69,high,1,1
TXN_018478,Card,Android,Tier 2,5G,10,358.73,low,0,1
TXN_018479,PayLater,Android,Tier 2,5G,16,3294.11,high,0,1
TXN_018480,UPI,iOS,Tier 1,4G,9,1576.44,med,0,1
TXN_018481,UPI,Android,Tier 3,Wifi,11,2480.75,high,0,1
TXN_018482,Wallet,iOS,Tier 1,4G,5,503.58,med,0,1
TXN_018483,Wallet,Android,Tier 3,Wifi,4,750.45,med,1,1
TXN_018484,Card,iOS,Tier 1,4G,21,775.2,med,0,0
TXN_018485,Netbanking,Android,Tier 2,4G,0,518.94,med,0,1
TXN_018486,UPI,Android,Tier 2,Wifi,19,399.24,low,0,1
TXN_018487,UPI,iOS,Tier 2,Wifi,23,208.0,low,0,1
TXN_018488,UPI,iOS,Tier 1,3G,19,350.89,low,1,1
TXN_018489,UPI,Android,Tier 1,4G,14,721.39,med,0,1
TXN_018490,Netbanking,Desktop,Tier 2,5G,15,126.25,low,4,1
TXN_018491,UPI,Android,Tier 3,4G,9,3520.43,high,1,1
TXN_018492,UPI,Android,Tier 2,4G,23,4890.7,high,0,1
TXN_018493,Wallet,Android,Tier 1,4G,7,391.51,low,0,1
TXN_018494,UPI,iOS,Tier 1,4G,1,2663.8,high,0,1
TXN_018495,PayLater,Desktop,Tier 2,Wifi,21,439.03,low,1,1
TXN_018496,PayLater,Android,Tier 1,4G,6,235.48,low,0,1
TXN_018497,Card,Android,Tier 1,5G,22,2384.22,high,0,1
TXN_018498,UPI,Android,Tier 2,5G,0,4689.96,high,0,1
TXN_018499,UPI,Android,Tier 2,4G,19,725.93,med,0,1
TXN_018500,UPI,Android,Tier 1,3G,22,2174.81,high,0,1
TXN_018501,UPI,Android,Tier 1,4G,5,25.28,low,0,1
TXN_018502,UPI,Android,Tier 2,Wifi,12,319.47,low,0,1
TXN_018503,PayLater,Android,Tier 1,Wifi,11,1791.85,med,2,0
TXN_018504,UPI,Android,Tier 3,Wifi,18,3603.44,high,2,0
TXN_018505,Card,Android,Tier 1,5G,16,1004.19,med,0,1
TXN_018506,UPI,Android,Tier 1,4G,4,533.37,med,3,1
TXN_018507,Card,Android,Tier 2,4G,23,1655.47,med,0,0
TXN_018508,Wallet,Android,Tier 2,5G,14,1103.19,med,2,1
TXN_018509,UPI,Android,Tier 1,4G,13,442.52,low,0,1
TXN_018510,UPI,Android,Tier 2,Wifi,2,115.81,low,0,1
TXN_018511,Card,Android,Tier 1,5G,4,514.33,med,0,1
TXN_018512,Card,Desktop,Tier 2,4G,13,1405.56,med,0,1
TXN_018513,Card,Android,Tier 1,4G,7,745.0,med,1,0
TXN_018514,UPI,Android,Tier 2,4G,10,5553.26,high,0,1
TXN_018515,UPI,Android,Tier 2,5G,14,2455.97,high,0,1
TXN_018516,PayLater,Android,Tier 2,4G,12,205.14,low,0,1
TXN_018517,Wallet,Desktop,Tier 3,5G,4,376.08,low,1,0
TXN_018518,UPI,Desktop,Tier 2,5G,12,84.0,low,0,1
TXN_018519,Netbanking,Android,Tier 2,4G,2,398.96,low,2,1
TXN_018520,UPI,Android,Tier 1,5G,12,94.25,low,0,1
TXN_018521,UPI,iOS,Tier 1,5G,10,2484.5,high,0,1
TXN_018522,UPI,Android,Tier 2,4G,8,746.21,med,0,1
TXN_018523,UPI,iOS,Tier 2,Wifi,3,7629.32,high,0,1
TXN_018524,UPI,iOS,Tier 1,4G,16,149.02,low,1,0
TXN_018525,UPI,Android,Tier 3,4G,14,234.84,low,4,1
TXN_018526,UPI,Desktop,Tier 2,Wifi,17,773.65,med,0,1
TXN_018527,Netbanking,Desktop,Tier 2,4G,15,344.85,low,0,1
TXN_018528,Card,Desktop,Tier 1,4G,23,363.96,low,3,1
TXN_018529,Card,Android,Tier 1,5G,1,362.15,low,0,1
TXN_018530,Wallet,Android,Tier 2,5G,5,1276.5,med,0,0
TXN_018531,UPI,Android,Tier 1,4G,11,767.96,med,1,1
TXN_018532,Card,Android,Tier 2,4G,4,597.02,med,0,1
TXN_018533,Netbanking,Android,Tier 3,4G,23,141.15,low,0,1
TXN_018534,UPI,Android,Tier 2,5G,16,378.91,low,0,1
TXN_018535,UPI,Android,Tier 2,5G,18,144.03,low,1,1
TXN_018536,UPI,Android,Tier 2,5G,11,1222.0,med,0,1
TXN_018537,Wallet,Android,Tier 1,5G,4,3908.81,high,0,1
TXN_018538,UPI,Android,Tier 3,4G,23,514.03,med,0,1
TXN_018539,Wallet,iOS,Tier 3,4G,6,37.37,low,1,1
TXN_018540,Card,Android,Tier 2,4G,1,313.27,low,2,0
TXN_018541,Card,Android,Tier 1,4G,11,396.23,low,0,1
TXN_018542,Netbanking,Desktop,Tier 1,5G,22,1897.14,med,0,1
TXN_018543,Card,Android,Tier 1,5G,4,436.79,low,0,1
TXN_018544,UPI,Android,Tier 2,4G,21,6132.67,high,0,1
TXN_018545,UPI,iOS,Tier 1,Wifi,7,49.03,low,0,1
TXN_018546,Netbanking,iOS,Tier 2,4G,4,138.4,low,0,1
TXN_018547,UPI,Android,Tier 2,4G,15,2620.18,high,1,1
TXN_018548,UPI,Desktop,Tier 1,4G,8,1190.54,med,0,1
TXN_018549,UPI,Desktop,Tier 2,5G,0,2515.91,high,0,1
TXN_018550,Wallet,Android,Tier 1,4G,4,917.21,med,0,1
TXN_018551,UPI,Android,Tier 3,Wifi,0,2796.78,high,0,1
TXN_018552,Card,Android,Tier 1,4G,16,2461.09,high,0,1
TXN_018553,UPI,Android,Tier 1,Wifi,0,513.73,med,1,1
TXN_018554,UPI,Android,Tier 1,4G,14,781.32,med,0,1
TXN_018555,Card,iOS,Tier 3,5G,4,111.47,low,3,0
TXN_018556,UPI,Android,Tier 2,Wifi,8,1940.68,med,0,1
TXN_018557,Card,Android,Tier 2,4G,17,357.81,low,0,1
TXN_018558,Netbanking,Android,Tier 1,4G,5,2023.74,high,2,0
TXN_018559,Netbanking,Android,Tier 2,4G,20,1264.9,med,1,1
TXN_018560,UPI,Android,Tier 1,3G,11,758.16,med,0,1
TXN_018561,Wallet,Android,Tier 3,5G,13,3098.66,high,0,1
TXN_018562,Card,Android,Tier 3,5G,6,684.46,med,0,1
TXN_018563,Wallet,iOS,Tier 2,5G,6,3296.24,high,0,1
TXN_018564,UPI,Android,Tier 3,4G,18,444.86,low,0,1
TXN_018565,UPI,Android,Tier 1,4G,5,3800.47,high,0,1
TXN_018566,Wallet,Android,Tier 1,4G,2,2525.26,high,0,0
TXN_018567,Wallet,Android,Tier 1,4G,15,309.56,low,0,1
TXN_018568,UPI,Android,Tier 1,Wifi,15,1125.3,med,0,1
TXN_018569,UPI,Android,Tier 3,5G,17,32.75,low,0,1
TXN_018570,UPI,Android,Tier 1,3G,4,655.92,med,0,1
TXN_018571,UPI,Android,Tier 3,4G,19,181.62,low,0,1
TXN_018572,UPI,Android,Tier 2,4G,3,1052.42,med,1,1
TXN_018573,UPI,Android,Tier 1,Wifi,15,5929.88,high,2,1
TXN_018574,Netbanking,Desktop,Tier 1,4G,3,42021.72,ultra_high,1,1
TXN_018575,UPI,Android,Tier 1,4G,23,2268.96,high,2,1
TXN_018576,Card,iOS,Tier 1,4G,12,1404.92,med,1,1
TXN_018577,UPI,Android,Tier 2,4G,13,528.85,med,0,1
TXN_018578,UPI,Android,Tier 2,3G,16,150.44,low,0,1
TXN_018579,UPI,Android,Tier 2,4G,2,341.97,low,0,1
TXN_018580,UPI,iOS,Tier 2,Wifi,2,411.52,low,0,1
TXN_018581,Netbanking,Android,Tier 1,Wifi,16,2973.37,high,0,1
TXN_018582,Wallet,Android,Tier 1,4G,12,33.41,low,0,1
TXN_018583,UPI,Android,Tier 3,5G,20,939.48,med,0,1
TXN_018584,UPI,Android,Tier 1,4G,19,1535.73,med,3,1
TXN_018585,UPI,iOS,Tier 1,4G,9,5474.46,high,0,0
TXN_018586,Wallet,Android,Tier 2,Wifi,23,273.86,low,1,1
TXN_018587,Netbanking,Android,Tier 3,4G,11,639.74,med,1,1
TXN_018588,UPI,iOS,Tier 3,4G,8,1656.5,med,0,1
TXN_018589,Card,Android,Tier 1,4G,20,353.9,low,1,1
TXN_018590,Netbanking,Android,Tier 2,4G,0,831.05,med,1,1
TXN_018591,UPI,iOS,Tier 1,4G,3,499.43,low,2,1
TXN_018592,UPI,Android,Tier 3,4G,18,342.31,low,3,0
TXN_018593,Wallet,Android,Tier 1,4G,5,4628.91,high,2,0
TXN_018594,Card,Android,Tier 1,Wifi,14,3850.84,high,0,1
TXN_018595,UPI,Android,Tier 3,4G,17,2029.68,high,0,0
TXN_018596,UPI,Android,Tier 3,4G,4,630.42,med,0,1
TXN_018597,UPI,Android,Tier 2,4G,7,1462.06,med,0,1
TXN_018598,UPI,Desktop,Tier 1,5G,10,1658.75,med,0,1
TXN_018599,Card,Desktop,Tier 2,5G,4,7579.92,high,0,1
TXN_018600,UPI,iOS,Tier 3,Wifi,20,54.74,low,0,1
TXN_018601,Card,Android,Tier 2,5G,7,220.21,low,0,1
TXN_018602,Netbanking,Desktop,Tier 1,4G,10,734.36,med,2,1
TXN_018603,UPI,Android,Tier 1,4G,20,1134.17,med,0,1
TXN_018604,UPI,Android,Tier 3,5G,19,209.17,low,0,1
TXN_018605,UPI,Android,Tier 2,5G,9,1102.07,med,0,1
TXN_018606,Card,Android,Tier 2,4G,8,202.45,low,0,0
TXN_018607,UPI,Android,Tier 1,5G,1,29.09,low,0,1
TXN_018608,Card,iOS,Tier 2,Wifi,16,323.93,low,3,1
TXN_018609,Wallet,Android,Tier 3,5G,3,2024.25,high,0,0
TXN_018610,UPI,Android,Tier 1,5G,11,907.43,med,0,1
TXN_018611,Wallet,Android,Tier 2,Wifi,18,93.12,low,1,1
TXN_018612,PayLater,Desktop,Tier 1,4G,18,1250.53,med,0,1
TXN_018613,UPI,Android,Tier 1,4G,18,6066.64,high,0,1
TXN_018614,UPI,Android,Tier 3,4G,6,1834.08,med,0,1
TXN_018615,PayLater,Android,Tier 3,4G,12,3491.32,high,0,0
TXN_018616,PayLater,Android,Tier 2,Wifi,1,1194.22,med,1,0
TXN_018617,UPI,Desktop,Tier 1,4G,7,1823.34,med,3,0
TXN_018618,UPI,Android,Tier 1,5G,5,370.55,low,0,1
TXN_018619,UPI,Android,Tier 3,5G,10,638.76,med,0,1
TXN_018620,PayLater,Android,Tier 1,5G,8,233.93,low,1,1
TXN_018621,UPI,iOS,Tier 3,5G,7,857.79,med,0,1
TXN_018622,UPI,Android,Tier 1,4G,19,322.51,low,0,0
TXN_018623,Netbanking,Android,Tier 3,4G,23,115.48,low,0,0
TXN_018624,UPI,Android,Tier 3,Wifi,19,556.98,med,0,1
TXN_018625,Card,Android,Tier 1,4G,14,320.18,low,0,1
TXN_018626,UPI,Desktop,Tier 2,4G,20,425.3,low,0,1
TXN_018627,Netbanking,Desktop,Tier 1,4G,10,3043.7,high,0,1
TXN_018628,UPI,Desktop,Tier 1,4G,14,1051.57,med,0,1
TXN_018629,Card,Desktop,Tier 2,4G,22,720.7,med,0,1
TXN_018630,Card,iOS,Tier 2,3G,21,2450.06,high,0,1
TXN_018631,UPI,Android,Tier 1,5G,4,692.48,med,0,1
TXN_018632,UPI,iOS,Tier 2,Wifi,15,2352.1,high,0,1
TXN_018633,UPI,Android,Tier 1,4G,1,1056.21,med,0,0
TXN_018634,UPI,Android,Tier 1,4G,14,769.49,med,2,1
TXN_018635,Netbanking,Android,Tier 2,5G,4,639.71,med,0,0
TXN_018636,Netbanking,Desktop,Tier 2,Wifi,14,912.44,med,0,1
TXN_018637,UPI,Android,Tier 2,5G,22,3096.77,high,1,1
TXN_018638,Card,iOS,Tier 2,Wifi,10,535.81,med,3,0
TXN_018639,Card,Android,Tier 3,3G,5,846.92,med,0,1
TXN_018640,Netbanking,Android,Tier 2,4G,5,1082.72,med,3,0
TXN_018641,UPI,Android,Tier 1,4G,4,1464.8,med,0,0
TXN_018642,UPI,Android,Tier 2,5G,0,272.78,low,1,1
TXN_018643,UPI,Android,Tier 2,3G,19,1135.67,med,0,1
TXN_018644,UPI,Android,Tier 2,4G,6,630.69,med,0,1
TXN_018645,UPI,iOS,Tier 2,5G,15,494.12,low,1,1
TXN_018646,UPI,Android,Tier 1,5G,16,4109.59,high,4,0
TXN_018647,UPI,Android,Tier 1,4G,14,140.74,low,0,1
TXN_018648,Card,Android,Tier 2,5G,19,1666.64,med,2,0
TXN_018649,UPI,Android,Tier 1,4G,21,308.86,low,0,1
TXN_018650,UPI,Android,Tier 2,Wifi,9,257.94,low,2,0
TXN_018651,UPI,Android,Tier 2,5G,7,696.2,med,0,1
TXN_018652,UPI,Android,Tier 2,Wifi,22,6294.57,high,0,1
TXN_018653,Card,Android,Tier 2,4G,8,965.28,med,0,1
TXN_018654,UPI,iOS,Tier 1,4G,22,2576.29,high,2,0
TXN_018655,UPI,iOS,Tier 3,Wifi,18,208.95,low,0,1
TXN_018656,UPI,Android,Tier 2,4G,9,936.45,med,3,1
TXN_018657,UPI,Android,Tier 2,4G,19,872.34,med,0,1
TXN_018658,UPI,Android,Tier 1,4G,2,65.05,low,0,1
TXN_018659,Wallet,Android,Tier 1,5G,10,2196.39,high,0,1
TXN_018660,UPI,iOS,Tier 2,4G,10,312.79,low,0,1
TXN_018661,UPI,Android,Tier 1,5G,7,3422.63,high,0,1
TXN_018662,UPI,Android,Tier 1,5G,9,275.59,low,0,1
TXN_018663,UPI,Android,Tier 1,5G,8,3481.61,high,0,1
TXN_018664,Card,Desktop,Tier 2,Wifi,9,1630.58,med,0,1
TXN_018665,Card,iOS,Tier 2,4G,9,10665.85,ultra_high,0,1
TXN_018666,Card,iOS,Tier 2,4G,17,2253.92,high,3,0
TXN_018667,UPI,Android,Tier 3,4G,4,823.85,med,1,1
TXN_018668,UPI,Android,Tier 1,Wifi,4,4413.45,high,1,1
TXN_018669,Netbanking,Android,Tier 2,Wifi,6,652.18,med,0,0
TXN_018670,Wallet,Android,Tier 1,4G,19,150.6,low,1,1
TXN_018671,UPI,Android,Tier 2,4G,19,360.36,low,0,1
TXN_018672,UPI,Android,Tier 2,4G,7,595.65,med,0,1
TXN_018673,UPI,Android,Tier 1,Wifi,16,2279.98,high,0,1
TXN_018674,UPI,iOS,Tier 1,5G,5,827.17,med,0,1
TXN_018675,UPI,Android,Tier 3,Wifi,12,1465.59,med,0,1
TXN_018676,UPI,Android,Tier 1,4G,12,1076.54,med,1,1
TXN_018677,Card,Android,Tier 2,4G,12,1500.26,med,1,1
TXN_018678,UPI,Android,Tier 3,5G,15,510.39,med,1,1
TXN_018679,UPI,Android,Tier 2,Wifi,1,327.93,low,0,1
TXN_018680,UPI,Android,Tier 2,4G,4,790.02,med,0,1
TXN_018681,Netbanking,Android,Tier 3,4G,9,1990.6,med,0,1
TXN_018682,UPI,Android,Tier 1,Wifi,9,738.02,med,2,1
TXN_018683,Card,Android,Tier 1,4G,10,520.7,med,2,1
TXN_018684,UPI,Android,Tier 2,4G,19,866.18,med,0,0
TXN_018685,Card,Android,Tier 2,4G,23,501.19,med,0,1
TXN_018686,UPI,Android,Tier 1,4G,8,1922.62,med,0,1
TXN_018687,UPI,Android,Tier 1,4G,12,732.39,med,1,1
TXN_018688,UPI,iOS,Tier 1,5G,12,2557.82,high,0,1
TXN_018689,UPI,Android,Tier 3,4G,1,1206.6,med,0,1
TXN_018690,UPI,Android,Tier 2,4G,4,411.89,low,1,1
TXN_018691,Card,Desktop,Tier 3,Wifi,4,333.45,low,0,1
TXN_018692,UPI,iOS,Tier 3,3G,11,132.1,low,0,1
TXN_018693,UPI,Desktop,Tier 3,5G,19,1165.03,med,3,1
TXN_018694,UPI,Android,Tier 2,Wifi,7,626.36,med,0,1
TXN_018695,Card,Android,Tier 1,Wifi,5,639.04,med,2,0
TXN_018696,PayLater,Android,Tier 1,Wifi,17,449.03,low,0,1
TXN_018697,Card,Android,Tier 2,3G,7,814.42,med,0,0
TXN_018698,UPI,Desktop,Tier 1,5G,20,232.14,low,1,1
TXN_018699,Card,Android,Tier 1,5G,22,2366.69,high,4,1
TXN_018700,Wallet,iOS,Tier 2,5G,19,730.27,med,1,1
TXN_018701,Netbanking,Android,Tier 2,Wifi,1,368.03,low,0,0
TXN_018702,UPI,Android,Tier 2,5G,9,1722.37,med,0,1
TXN_018703,UPI,Desktop,Tier 1,5G,19,572.71,med,0,1
TXN_018704,UPI,iOS,Tier 1,4G,5,44.08,low,0,1
TXN_018705,UPI,Desktop,Tier 2,Wifi,4,12525.1,ultra_high,0,1
TXN_018706,Card,iOS,Tier 3,4G,15,1955.13,med,0,1
TXN_018707,UPI,Android,Tier 3,4G,2,3709.46,high,3,0
TXN_018708,UPI,Android,Tier 1,Wifi,22,327.59,low,2,1
TXN_018709,Card,Desktop,Tier 1,4G,3,1732.99,med,1,1
TXN_018710,Netbanking,Android,Tier 3,4G,0,568.35,med,1,1
TXN_018711,UPI,Android,Tier 1,4G,13,1545.37,med,1,1
TXN_018712,Card,Android,Tier 1,4G,13,515.61,med,0,1
TXN_018713,UPI,Android,Tier 1,4G,23,4729.17,high,1,1
TXN_018714,Wallet,Android,Tier 2,5G,18,1209.93,med,0,0
TXN_018715,Netbanking,iOS,Tier 2,Wifi,5,841.79,med,1,1
TXN_018716,UPI,Android,Tier 1,4G,11,967.68,med,0,1
TXN_018717,Card,Android,Tier 2,5G,17,537.78,med,0,0
TXN_018718,Wallet,iOS,Tier 1,Wifi,8,503.0,med,1,1
TXN_018719,UPI,Android,Tier 2,4G,19,6096.77,high,0,1
TXN_018720,UPI,iOS,Tier 2,5G,22,191.74,low,3,1
TXN_018721,Netbanking,Android,Tier 2,4G,12,3204.69,high,0,1
TXN_018722,UPI,Desktop,Tier 1,5G,18,294.96,low,0,1
TXN_018723,UPI,Android,Tier 2,4G,12,426.32,low,0,1
TXN_018724,Netbanking,Android,Tier 2,3G,18,1677.28,med,1,0
TXN_018725,Card,iOS,Tier 2,4G,18,501.97,med,1,0
TXN_018726,UPI,iOS,Tier 2,5G,20,893.93,med,3,1
TXN_018727,UPI,Android,Tier 2,4G,9,364.67,low,0,1
TXN_018728,UPI,Desktop,Tier 1,5G,5,1736.26,med,0,1
TXN_018729,UPI,Android,Tier 1,4G,2,237.85,low,0,1
TXN_018730,UPI,Desktop,Tier 1,4G,15,1261.94,med,0,1
TXN_018731,Card,Android,Tier 2,4G,8,4679.58,high,0,1
TXN_018732,UPI,Android,Tier 2,4G,16,5607.02,high,0,1
TXN_018733,UPI,Android,Tier 2,Wifi,22,4936.3,high,0,1
TXN_018734,UPI,Android,Tier 2,4G,8,161.91,low,1,1
TXN_018735,PayLater,Android,Tier 3,5G,4,1401.31,med,0,1
TXN_018736,UPI,Android,Tier 1,4G,18,3740.83,high,0,1
TXN_018737,UPI,Android,Tier 1,4G,14,1995.92,med,0,1
TXN_018738,UPI,Android,Tier 3,4G,9,123.36,low,1,1
TXN_018739,Card,Android,Tier 1,Wifi,3,190.1,low,2,1
TXN_018740,Card,iOS,Tier 2,5G,23,1172.92,med,0,0
TXN_018741,UPI,Android,Tier 1,4G,11,1825.67,med,0,1
TXN_018742,UPI,iOS,Tier 3,5G,13,1785.83,med,0,1
TXN_018743,UPI,Desktop,Tier 2,Wifi,14,862.02,med,0,1
TXN_018744,UPI,Android,Tier 1,4G,18,541.44,med,0,1
TXN_018745,UPI,Desktop,Tier 2,5G,4,260.05,low,2,0
TXN_018746,UPI,Android,Tier 1,4G,11,1116.4,med,0,1
TXN_018747,UPI,Android,Tier 3,4G,2,14491.89,ultra_high,0,1
TXN_018748,UPI,Android,Tier 1,4G,14,5133.05,high,0,0
TXN_018749,UPI,Android,Tier 2,5G,14,1641.82,med,0,1
TXN_018750,Card,iOS,Tier 1,4G,11,3117.68,high,0,1
TXN_018751,UPI,Android,Tier 3,4G,14,4245.41,high,0,1
TXN_018752,UPI,Android,Tier 3,4G,5,2746.8,high,0,0
TXN_018753,UPI,iOS,Tier 3,4G,16,2111.72,high,0,0
TXN_018754,PayLater,Android,Tier 3,4G,22,1989.92,med,3,1
TXN_018755,Netbanking,Android,Tier 1,5G,14,263.91,low,1,0
TXN_018756,UPI,Android,Tier 3,4G,14,4028.56,high,0,1
TXN_018757,UPI,Desktop,Tier 2,Wifi,10,2994.09,high,0,1
TXN_018758,UPI,iOS,Tier 3,4G,21,336.14,low,0,1
TXN_018759,UPI,Android,Tier 2,5G,11,284.93,low,2,1
TXN_018760,UPI,Android,Tier 1,4G,21,440.99,low,0,1
TXN_018761,Card,Android,Tier 2,5G,18,4353.62,high,0,1
TXN_018762,UPI,Android,Tier 1,Wifi,0,536.19,med,0,1
TXN_018763,Wallet,iOS,Tier 2,4G,15,525.0,med,0,0
TXN_018764,UPI,Android,Tier 2,5G,10,1726.53,med,3,1
TXN_018765,Netbanking,Android,Tier 1,4G,0,632.62,med,2,0
TXN_018766,Netbanking,Desktop,Tier 3,4G,22,390.36,low,3,1
TXN_018767,UPI,iOS,Tier 3,Wifi,3,62.55,low,0,1
TXN_018768,UPI,Android,Tier 3,4G,5,4334.1,high,0,1
TXN_018769,UPI,Android,Tier 3,4G,3,604.18,med,0,1
TXN_018770,UPI,Android,Tier 2,4G,23,3353.3,high,0,1
TXN_018771,UPI,Android,Tier 2,4G,1,549.93,med,0,1
TXN_018772,Card,Android,Tier 1,Wifi,16,127.58,low,1,1
TXN_018773,UPI,Android,Tier 3,4G,0,782.73,med,1,1
TXN_018774,Wallet,iOS,Tier 3,5G,12,85.44,low,0,1
TXN_018775,UPI,Desktop,Tier 2,4G,11,185.76,low,0,1
TXN_018776,PayLater,Android,Tier 3,4G,22,497.62,low,0,1
TXN_018777,UPI,Android,Tier 2,5G,1,599.53,med,0,1
TXN_018778,Netbanking,Android,Tier 2,5G,18,960.63,med,4,1
TXN_018779,UPI,Desktop,Tier 3,4G,11,3941.6,high,0,1
TXN_018780,UPI,iOS,Tier 2,Wifi,3,531.75,med,0,1
TXN_018781,Netbanking,Android,Tier 2,4G,17,144.91,low,0,0
TXN_018782,UPI,Android,Tier 1,4G,1,5607.5,high,0,1
TXN_018783,Card,iOS,Tier 2,3G,0,2170.12,high,1,1
TXN_018784,Card,Android,Tier 2,5G,23,180.42,low,0,1
TXN_018785,UPI,Android,Tier 2,Wifi,12,1853.12,med,0,1
TXN_018786,UPI,Android,Tier 2,5G,23,624.0,med,0,1
TXN_018787,Card,iOS,Tier 1,4G,4,356.14,low,0,0
TXN_018788,UPI,Android,Tier 2,5G,18,948.37,med,0,0
TXN_018789,Card,iOS,Tier 3,4G,0,883.06,med,0,1
TXN_018790,Wallet,Android,Tier 1,5G,1,955.02,med,0,1
TXN_018791,UPI,iOS,Tier 1,5G,13,718.52,med,0,1
TXN_018792,UPI,Android,Tier 1,Wifi,8,219.92,low,2,0
TXN_018793,Card,Android,Tier 3,5G,7,938.55,med,0,0
TXN_018794,UPI,iOS,Tier 2,4G,10,378.84,low,0,1
TXN_018795,UPI,iOS,Tier 3,4G,3,282.1,low,1,1
TXN_018796,UPI,Desktop,Tier 2,4G,2,422.74,low,0,1
TXN_018797,UPI,Android,Tier 2,5G,4,276.07,low,0,1
TXN_018798,UPI,Android,Tier 3,5G,23,365.73,low,1,1
TXN_018799,UPI,Android,Tier 1,4G,13,327.32,low,0,1
TXN_018800,Netbanking,Android,Tier 1,3G,9,71.84,low,1,0
TXN_018801,UPI,iOS,Tier 2,Wifi,5,1162.06,med,1,0
TXN_018802,UPI,Android,Tier 1,Wifi,9,491.48,low,0,1
TXN_018803,PayLater,Android,Tier 1,4G,10,886.21,med,0,0
TXN_018804,Card,Android,Tier 1,5G,19,1177.3,med,0,1
TXN_018805,Netbanking,Android,Tier 1,Wifi,7,1046.07,med,0,0
TXN_018806,UPI,Desktop,Tier 1,5G,3,1298.03,med,2,1
TXN_018807,Netbanking,Android,Tier 3,4G,20,820.36,med,0,0
TXN_018808,UPI,Android,Tier 1,Wifi,17,1141.53,med,0,1
TXN_018809,UPI,iOS,Tier 1,Wifi,19,155.75,low,0,1
TXN_018810,UPI,Android,Tier 1,5G,13,818.98,med,0,1
TXN_018811,UPI,Android,Tier 2,4G,2,796.59,med,2,0
TXN_018812,Netbanking,Android,Tier 2,4G,11,607.54,med,0,1
TXN_018813,UPI,Android,Tier 3,5G,14,866.27,med,0,1
TXN_018814,Card,Android,Tier 3,4G,23,214.75,low,0,1
TXN_018815,Card,Android,Tier 1,5G,7,671.5,med,0,1
TXN_018816,Card,Android,Tier 1,4G,13,849.0,med,0,1
TXN_018817,UPI,Android,Tier 1,4G,22,3760.14,high,0,1
TXN_018818,Card,Android,Tier 3,4G,5,828.63,med,0,1
TXN_018819,UPI,Android,Tier 2,4G,13,355.77,low,0,1
TXN_018820,UPI,Desktop,Tier 1,5G,3,91.99,low,1,0
TXN_018821,PayLater,Android,Tier 1,4G,19,717.19,med,0,1
TXN_018822,UPI,iOS,Tier 2,5G,5,1271.33,med,0,1
TXN_018823,UPI,Android,Tier 1,5G,15,814.24,med,0,1
TXN_018824,Wallet,Android,Tier 3,4G,16,2334.42,high,1,1
TXN_018825,UPI,Android,Tier 2,Wifi,1,228.64,low,0,1
TXN_018826,Card,Desktop,Tier 2,Wifi,17,311.96,low,2,1
TXN_018827,UPI,Android,Tier 2,5G,12,8040.15,high,0,1
TXN_018828,UPI,Android,Tier 1,Wifi,19,884.6,med,1,1
TXN_018829,UPI,Desktop,Tier 2,4G,15,547.36,med,0,1
TXN_018830,UPI,iOS,Tier 2,4G,20,595.09,med,0,1
TXN_018831,UPI,Android,Tier 1,4G,12,426.24,low,0,1
TXN_018832,Card,Desktop,Tier 2,4G,13,2297.1,high,1,0
TXN_018833,UPI,Android,Tier 3,5G,17,343.6,low,0,1
TXN_018834,Wallet,Android,Tier 1,5G,7,673.24,med,1,1
TXN_018835,UPI,Android,Tier 2,4G,4,267.43,low,1,1
TXN_018836,UPI,Android,Tier 1,4G,23,31.56,low,0,1
TXN_018837,Card,Android,Tier 2,4G,8,529.23,med,3,0
TXN_018838,Wallet,iOS,Tier 1,4G,14,745.6,med,1,0
TXN_018839,UPI,Android,Tier 2,5G,8,681.61,med,0,1
TXN_018840,Card,Android,Tier 1,5G,19,4955.34,high,0,1
TXN_018841,Netbanking,iOS,Tier 1,4G,9,1010.6,med,1,1
TXN_018842,UPI,Android,Tier 2,4G,17,1536.45,med,0,1
TXN_018843,Wallet,Desktop,Tier 2,4G,13,8737.14,high,2,1
TXN_018844,UPI,Desktop,Tier 3,5G,17,2091.99,high,3,0
TXN_018845,Card,Desktop,Tier 2,3G,15,301.26,low,0,0
TXN_018846,Wallet,iOS,Tier 2,4G,4,314.06,low,0,1
TXN_018847,Card,Android,Tier 2,Wifi,9,182.22,low,1,0
TXN_018848,UPI,Android,Tier 1,Wifi,19,3276.19,high,2,1
TXN_018849,UPI,Android,Tier 1,4G,5,14088.24,ultra_high,0,1
TXN_018850,Wallet,Android,Tier 1,Wifi,8,1445.58,med,4,1
TXN_018851,UPI,Android,Tier 1,4G,22,631.95,med,0,1
TXN_018852,UPI,Android,Tier 1,3G,15,5245.05,high,0,1
TXN_018853,Card,Desktop,Tier 3,5G,10,3030.88,high,0,1
TXN_018854,UPI,Desktop,Tier 3,4G,19,318.21,low,1,1
TXN_018855,UPI,Android,Tier 3,3G,22,841.26,med,0,1
TXN_018856,UPI,Android,Tier 3,4G,17,1118.63,med,0,1
TXN_018857,UPI,Android,Tier 2,Wifi,4,587.58,med,0,1
TXN_018858,Card,iOS,Tier 1,4G,8,498.56,low,4,0
TXN_018859,Card,Android,Tier 2,5G,10,2255.67,high,0,0
TXN_018860,UPI,Android,Tier 3,4G,8,4318.45,high,0,1
TXN_018861,Netbanking,Android,Tier 2,3G,3,3329.34,high,0,0
TXN_018862,Netbanking,Android,Tier 2,4G,7,2068.26,high,0,1
TXN_018863,Card,Desktop,Tier 1,4G,4,7053.05,high,1,1
TXN_018864,UPI,Android,Tier 2,5G,2,499.72,low,3,0
TXN_018865,Card,Android,Tier 1,3G,21,550.57,med,0,0
TXN_018866,UPI,iOS,Tier 1,4G,3,1728.88,med,0,1
TXN_018867,Card,iOS,Tier 3,4G,15,1518.06,med,4,1
TXN_018868,Card,iOS,Tier 1,4G,12,418.38,low,0,1
TXN_018869,UPI,Android,Tier 3,4G,2,659.34,med,0,1
TXN_018870,Wallet,Android,Tier 1,Wifi,3,582.04,med,3,0
TXN_018871,UPI,Android,Tier 3,4G,0,678.29,med,0,1
TXN_018872,Card,Android,Tier 2,5G,7,1713.28,med,0,1
TXN_018873,UPI,Android,Tier 2,5G,8,881.81,med,1,1
TXN_018874,Wallet,Android,Tier 1,4G,21,78.0,low,0,1
TXN_018875,UPI,Android,Tier 2,4G,4,1148.07,med,0,1
TXN_018876,UPI,Desktop,Tier 3,Wifi,11,1171.44,med,0,1
TXN_018877,UPI,Android,Tier 1,4G,8,2328.95,high,0,1
TXN_018878,UPI,Desktop,Tier 1,4G,3,1107.06,med,1,1
TXN_018879,UPI,Android,Tier 1,4G,16,1445.04,med,0,1
TXN_018880,Card,Android,Tier 1,5G,11,95.94,low,0,1
TXN_018881,UPI,Android,Tier 1,4G,12,915.54,med,0,1
TXN_018882,UPI,iOS,Tier 2,Wifi,10,976.72,med,0,1
TXN_018883,UPI,Android,Tier 1,5G,22,2050.41,high,0,1
TXN_018884,Netbanking,iOS,Tier 2,4G,16,2729.35,high,0,1
TXN_018885,Card,Android,Tier 3,5G,14,626.92,med,0,1
TXN_018886,Card,Desktop,Tier 2,4G,8,6674.27,high,0,1
TXN_018887,Card,Android,Tier 1,Wifi,3,1196.66,med,2,0
TXN_018888,UPI,iOS,Tier 2,4G,11,1267.69,med,0,1
TXN_018889,UPI,Android,Tier 1,4G,2,885.86,med,0,1
TXN_018890,UPI,iOS,Tier 1,5G,19,332.23,low,0,1
TXN_018891,Netbanking,Android,Tier 1,5G,16,700.14,med,0,1
TXN_018892,PayLater,Android,Tier 3,5G,21,1476.47,med,0,0
TXN_018893,UPI,Desktop,Tier 2,Wifi,6,1800.22,med,0,1
TXN_018894,UPI,Android,Tier 1,4G,6,912.94,med,4,1
TXN_018895,UPI,Android,Tier 2,4G,20,246.16,low,0,1
TXN_018896,UPI,iOS,Tier 1,4G,11,318.9,low,0,0
TXN_018897,Card,Android,Tier 3,Wifi,20,6975.63,high,0,1
TXN_018898,UPI,Android,Tier 3,3G,21,1002.05,med,0,1
TXN_018899,Wallet,Android,Tier 1,3G,9,3339.94,high,0,1
TXN_018900,UPI,iOS,Tier 1,4G,7,13337.06,ultra_high,0,1
TXN_018901,Wallet,Android,Tier 2,4G,8,205.68,low,1,1
TXN_018902,Netbanking,Android,Tier 2,4G,13,292.3,low,0,1
TXN_018903,Netbanking,Android,Tier 1,4G,5,941.71,med,0,0
TXN_018904,Card,iOS,Tier 2,4G,18,376.56,low,0,0
TXN_018905,Card,Desktop,Tier 1,4G,21,881.34,med,0,1
TXN_018906,Card,iOS,Tier 2,4G,14,355.63,low,2,0
TXN_018907,Card,Android,Tier 1,4G,19,581.3,med,1,0
TXN_018908,Card,Android,Tier 2,4G,19,946.09,med,0,1
TXN_018909,PayLater,Android,Tier 2,4G,6,329.99,low,0,0
TXN_018910,Card,Android,Tier 2,5G,21,1115.02,med,4,0
TXN_018911,Netbanking,Desktop,Tier 2,4G,23,444.53,low,0,0
TXN_018912,Wallet,iOS,Tier 2,5G,7,568.72,med,0,1
TXN_018913,UPI,Android,Tier 1,4G,2,1763.62,med,0,1
TXN_018914,UPI,Android,Tier 1,Wifi,10,1150.81,med,1,1
TXN_018915,UPI,Android,Tier 1,4G,3,1855.26,med,0,1
TXN_018916,UPI,Android,Tier 1,4G,1,1517.59,med,1,1
TXN_018917,Netbanking,Android,Tier 2,5G,0,263.35,low,0,1
TXN_018918,UPI,Android,Tier 1,Wifi,6,698.8,med,0,1
TXN_018919,Card,Android,Tier 1,4G,23,440.71,low,0,1
TXN_018920,UPI,Desktop,Tier 3,4G,11,857.75,med,0,1
TXN_018921,UPI,Android,Tier 2,Wifi,7,614.93,med,0,1
TXN_018922,Card,Android,Tier 2,4G,12,1674.12,med,0,0
TXN_018923,Netbanking,Android,Tier 1,4G,5,2561.49,high,3,0
TXN_018924,UPI,Desktop,Tier 1,Wifi,6,475.34,low,1,1
TXN_018925,Card,iOS,Tier 2,Wifi,23,490.93,low,0,0
TXN_018926,Card,Android,Tier 3,4G,19,3021.1,high,1,1
TXN_018927,UPI,Android,Tier 1,Wifi,23,3986.21,high,2,0
TXN_018928,UPI,Android,Tier 2,5G,5,1479.78,med,0,1
TXN_018929,PayLater,Android,Tier 3,4G,11,317.75,low,0,1
TXN_018930,UPI,Android,Tier 2,5G,6,2071.76,high,0,1
TXN_018931,UPI,Android,Tier 2,5G,9,2167.86,high,0,1
TXN_018932,UPI,Android,Tier 2,5G,6,3992.97,high,1,1
TXN_018933,Card,Android,Tier 3,3G,23,573.39,med,0,1
TXN_018934,Card,Android,Tier 2,4G,14,6129.29,high,0,0
TXN_018935,Card,Android,Tier 3,5G,20,210.08,low,0,0
TXN_018936,UPI,Android,Tier 2,4G,1,2308.02,high,0,1
TXN_018937,Wallet,Android,Tier 3,4G,7,2349.65,high,0,0
TXN_018938,UPI,Android,Tier 3,5G,16,2567.71,high,0,1
TXN_018939,UPI,Android,Tier 2,5G,15,92.68,low,0,1
TXN_018940,UPI,iOS,Tier 2,Wifi,12,175.1,low,0,0
TXN_018941,UPI,iOS,Tier 2,Wifi,17,1812.49,med,0,1
TXN_018942,Netbanking,iOS,Tier 3,5G,20,2424.41,high,0,1
TXN_018943,Wallet,Android,Tier 3,4G,3,559.81,med,0,1
TXN_018944,UPI,iOS,Tier 1,5G,11,718.95,med,0,1
TXN_018945,Netbanking,Android,Tier 2,4G,10,689.07,med,0,1
TXN_018946,Netbanking,Desktop,Tier 3,4G,1,443.37,low,0,0
TXN_018947,Wallet,Android,Tier 2,5G,19,13979.21,ultra_high,0,1
TXN_018948,UPI,Android,Tier 2,5G,22,2742.56,high,0,1
TXN_018949,Card,Android,Tier 1,5G,20,282.14,low,1,1
TXN_018950,UPI,Desktop,Tier 2,Wifi,15,2142.76,high,0,1
TXN_018951,Netbanking,Desktop,Tier 3,4G,12,244.36,low,0,0
TXN_018952,UPI,iOS,Tier 3,4G,3,738.47,med,0,1
TXN_018953,Card,Android,Tier 1,5G,1,300.99,low,1,1
TXN_018954,UPI,Android,Tier 2,5G,17,125.1,low,0,1
TXN_018955,UPI,Desktop,Tier 3,4G,0,1390.43,med,0,1
TXN_018956,Card,Android,Tier 2,4G,21,835.36,med,1,1
TXN_018957,Netbanking,Desktop,Tier 2,4G,5,1320.82,med,0,0
TXN_018958,Card,Android,Tier 1,Wifi,19,163.96,low,0,1
TXN_018959,Netbanking,Android,Tier 2,Wifi,19,15989.2,ultra_high,0,1
TXN_018960,UPI,iOS,Tier 2,4G,18,595.57,med,2,1
TXN_018961,UPI,Android,Tier 2,4G,9,2844.23,high,0,1
TXN_018962,UPI,Desktop,Tier 2,4G,8,844.9,med,0,1
TXN_018963,UPI,Android,Tier 2,4G,16,861.96,med,0,1
TXN_018964,Card,Desktop,Tier 3,4G,14,301.78,low,0,1
TXN_018965,Card,Android,Tier 2,4G,1,11355.94,ultra_high,2,0
TXN_018966,Card,Android,Tier 2,4G,16,14890.09,ultra_high,0,1
TXN_018967,Card,Android,Tier 3,4G,6,489.7,low,0,1
TXN_018968,Card,Android,Tier 3,5G,15,1226.99,med,0,1
TXN_018969,UPI,Android,Tier 3,4G,16,896.93,med,0,1
TXN_018970,UPI,Desktop,Tier 2,Wifi,0,4032.68,high,0,1
TXN_018971,Card,Android,Tier 2,Wifi,21,7753.01,high,1,1
TXN_018972,UPI,Android,Tier 1,4G,21,179.26,low,0,1
TXN_018973,UPI,Desktop,Tier 1,4G,15,68.55,low,1,1
TXN_018974,UPI,Android,Tier 2,4G,20,531.29,med,2,1
TXN_018975,Card,Android,Tier 2,4G,3,283.8,low,0,1
TXN_018976,UPI,Android,Tier 1,4G,15,590.13,med,1,1
TXN_018977,Card,iOS,Tier 3,5G,23,1816.02,med,0,0
TXN_018978,Card,Android,Tier 2,5G,2,3441.46,high,3,0
TXN_018979,UPI,Android,Tier 2,4G,0,870.08,med,1,1
TXN_018980,Netbanking,Desktop,Tier 2,5G,16,2546.58,high,0,1
TXN_018981,Card,iOS,Tier 1,4G,4,619.81,med,0,1
TXN_018982,Card,Android,Tier 3,4G,2,4281.82,high,2,0
TXN_018983,Card,iOS,Tier 1,5G,18,197.98,low,0,0
TXN_018984,UPI,Desktop,Tier 2,4G,10,1054.23,med,0,1
TXN_018985,Card,Android,Tier 2,5G,14,94.75,low,1,0
TXN_018986,UPI,iOS,Tier 2,3G,1,1292.38,med,0,1
TXN_018987,Wallet,Android,Tier 2,Wifi,21,1265.51,med,1,0
TXN_018988,Netbanking,Android,Tier 1,4G,6,146.52,low,0,1
TXN_018989,Card,Android,Tier 1,5G,17,1033.7,med,0,1
TXN_018990,UPI,Android,Tier 2,4G,0,1517.0,med,0,1
TXN_018991,UPI,Android,Tier 3,3G,7,3245.82,high,3,0
TXN_018992,UPI,iOS,Tier 2,3G,15,4669.04,high,0,1
TXN_018993,UPI,Android,Tier 1,4G,14,936.66,med,1,1
TXN_018994,UPI,Android,Tier 1,Wifi,3,1398.18,med,0,1
TXN_018995,UPI,Android,Tier 2,4G,12,178.36,low,0,1
TXN_018996,UPI,iOS,Tier 2,4G,11,1024.32,med,2,1
TXN_018997,PayLater,Android,Tier 1,4G,8,1399.56,med,0,1
TXN_018998,UPI,Android,Tier 2,4G,12,564.14,med,1,1
TXN_018999,Wallet,Android,Tier 1,Wifi,10,989.88,med,1,1
TXN_019000,Wallet,iOS,Tier 2,4G,11,1484.83,med,0,1
TXN_019001,UPI,Android,Tier 1,Wifi,3,216.25,low,0,0
TXN_019002,Card,iOS,Tier 3,3G,2,1821.72,med,1,1
TXN_019003,UPI,Android,Tier 1,Wifi,4,1285.15,med,2,0
TXN_019004,Card,Android,Tier 2,4G,5,597.51,med,0,1
TXN_019005,UPI,Android,Tier 3,5G,3,2641.23,high,1,1
TXN_019006,UPI,Desktop,Tier 1,5G,0,580.06,med,3,1
TXN_019007,Card,Android,Tier 2,Wifi,22,8944.31,high,1,0
TXN_019008,UPI,Android,Tier 1,4G,4,2019.85,high,1,1
TXN_019009,Card,Android,Tier 1,5G,1,861.08,med,0,1
TXN_019010,UPI,Android,Tier 2,5G,13,2183.9,high,0,1
TXN_019011,UPI,Android,Tier 3,5G,10,2651.48,high,3,0
TXN_019012,UPI,iOS,Tier 2,3G,8,294.67,low,0,1
TXN_019013,UPI,Android,Tier 2,4G,7,731.41,med,0,1
TXN_019014,UPI,Android,Tier 2,4G,6,468.97,low,3,1
TXN_019015,UPI,Android,Tier 2,4G,14,13031.72,ultra_high,1,1
TXN_019016,UPI,Android,Tier 2,4G,8,131.45,low,0,1
TXN_019017,Netbanking,Android,Tier 1,4G,9,1997.12,med,0,1
TXN_019018,UPI,Android,Tier 1,4G,17,422.7,low,1,1
TXN_019019,Card,Desktop,Tier 2,Wifi,18,338.63,low,3,1
TXN_019020,UPI,Android,Tier 3,Wifi,21,1425.95,med,0,1
TXN_019021,Wallet,Android,Tier 1,4G,1,1054.59,med,0,1
TXN_019022,UPI,Android,Tier 2,4G,21,2300.75,high,0,1
TXN_019023,UPI,Android,Tier 1,4G,13,1232.54,med,1,1
TXN_019024,UPI,iOS,Tier 1,5G,20,352.77,low,0,1
TXN_019025,UPI,iOS,Tier 2,Wifi,9,3139.08,high,0,1
TXN_019026,Card,Android,Tier 2,4G,4,957.2,med,0,0
TXN_019027,UPI,Android,Tier 2,5G,4,315.08,low,0,1
TXN_019028,PayLater,Android,Tier 1,4G,1,331.2,low,0,1
TXN_019029,UPI,Android,Tier 3,3G,21,577.19,med,0,1
TXN_019030,UPI,Android,Tier 1,Wifi,12,6079.67,high,0,1
TXN_019031,Card,iOS,Tier 2,Wifi,6,39.68,low,0,1
TXN_019032,UPI,Android,Tier 2,4G,20,1970.99,med,2,1
TXN_019033,Netbanking,Android,Tier 2,4G,14,1807.81,med,0,0
TXN_019034,UPI,Android,Tier 3,4G,20,2407.25,high,1,1
TXN_019035,Card,Android,Tier 2,5G,14,833.98,med,0,1
TXN_019036,UPI,Android,Tier 1,4G,5,604.76,med,0,1
TXN_019037,Netbanking,Android,Tier 1,5G,6,4863.88,high,0,1
TXN_019038,Card,iOS,Tier 1,5G,3,179.96,low,1,1
TXN_019039,UPI,Android,Tier 1,5G,3,239.47,low,0,1
TXN_019040,UPI,Android,Tier 3,Wifi,0,80.29,low,0,1
TXN_019041,UPI,Android,Tier 1,5G,10,535.8,med,0,1
TXN_019042,PayLater,Desktop,Tier 2,4G,4,17666.11,ultra_high,0,1
TXN_019043,UPI,Desktop,Tier 2,5G,1,269.87,low,1,1
TXN_019044,UPI,iOS,Tier 3,Wifi,4,1528.3,med,0,1
TXN_019045,UPI,iOS,Tier 2,5G,4,494.55,low,0,1
TXN_019046,UPI,Android,Tier 2,5G,19,683.16,med,1,1
TXN_019047,Card,iOS,Tier 1,Wifi,12,296.87,low,0,1
TXN_019048,PayLater,Desktop,Tier 2,5G,11,487.41,low,1,1
TXN_019049,UPI,Android,Tier 1,3G,9,316.38,low,0,1
TXN_019050,Netbanking,Android,Tier 3,4G,12,6361.22,high,2,1
TXN_019051,UPI,Android,Tier 1,5G,8,646.56,med,0,1
TXN_019052,UPI,Android,Tier 1,4G,4,155.9,low,0,1
TXN_019053,UPI,Android,Tier 2,4G,5,4436.38,high,0,1
TXN_019054,Card,Android,Tier 2,4G,16,125.35,low,0,1
TXN_019055,PayLater,Android,Tier 2,4G,4,2162.74,high,0,1
TXN_019056,Netbanking,Desktop,Tier 1,4G,10,833.56,med,2,1
TXN_019057,UPI,Android,Tier 1,4G,5,4003.28,high,0,1
TXN_019058,UPI,iOS,Tier 1,4G,8,278.12,low,0,1
TXN_019059,UPI,Android,Tier 2,Wifi,11,3466.43,high,0,1
TXN_019060,Wallet,Android,Tier 2,4G,3,1672.06,med,0,1
TXN_019061,Netbanking,Android,Tier 2,4G,17,1162.57,med,0,0
TXN_019062,Netbanking,Android,Tier 2,4G,14,1154.56,med,0,1
TXN_019063,UPI,Android,Tier 2,4G,3,302.26,low,0,1
TXN_019064,UPI,Android,Tier 3,Wifi,13,39923.65,ultra_high,0,1
TXN_019065,UPI,Android,Tier 1,Wifi,17,978.63,med,0,1
TXN_019066,UPI,Android,Tier 2,Wifi,16,721.9,med,0,1
TXN_019067,UPI,Android,Tier 2,4G,1,582.14,med,1,1
TXN_019068,UPI,Android,Tier 1,4G,20,1337.94,med,0,1
TXN_019069,UPI,Android,Tier 2,4G,18,1423.21,med,4,0
TXN_019070,Wallet,Android,Tier 1,5G,21,1958.35,med,0,1
TXN_019071,Netbanking,Android,Tier 1,Wifi,13,680.34,med,0,1
TXN_019072,UPI,Android,Tier 2,Wifi,3,2002.83,high,0,1
TXN_019073,UPI,Android,Tier 1,4G,1,2899.28,high,2,1
TXN_019074,UPI,Android,Tier 1,4G,12,7668.73,high,4,1
TXN_019075,Card,Android,Tier 2,4G,6,1283.41,med,0,1
TXN_019076,Netbanking,Android,Tier 2,5G,21,2873.03,high,0,1
TXN_019077,Netbanking,Android,Tier 1,4G,7,276.33,low,1,1
TXN_019078,Card,Android,Tier 1,4G,9,656.83,med,2,0
TXN_019079,UPI,Android,Tier 2,Wifi,20,188.6,low,0,1
TXN_019080,UPI,Desktop,Tier 2,5G,2,215.7,low,2,1
TXN_019081,UPI,iOS,Tier 3,4G,3,992.19,med,3,1
TXN_019082,UPI,Android,Tier 1,4G,20,1859.79,med,1,1
TXN_019083,Netbanking,Desktop,Tier 1,Wifi,20,1692.54,med,0,0
TXN_019084,UPI,Android,Tier 1,5G,5,390.36,low,0,1
TXN_019085,UPI,Android,Tier 2,5G,19,2335.12,high,0,1
TXN_019086,UPI,Desktop,Tier 2,4G,6,236.66,low,0,1
TXN_019087,PayLater,iOS,Tier 2,Wifi,6,427.03,low,0,1
TXN_019088,UPI,Android,Tier 3,5G,21,820.22,med,0,1
TXN_019089,Card,Android,Tier 2,Wifi,16,336.31,low,0,1
TXN_019090,UPI,Android,Tier 3,4G,5,376.66,low,0,0
TXN_019091,UPI,Android,Tier 1,4G,18,1303.13,med,0,1
TXN_019092,UPI,Android,Tier 1,4G,17,552.64,med,1,1
TXN_019093,Card,Android,Tier 1,Wifi,11,762.87,med,0,1
TXN_019094,UPI,Desktop,Tier 1,4G,18,6175.7,high,4,0
TXN_019095,Wallet,Android,Tier 3,4G,10,2291.78,high,0,0
TXN_019096,UPI,iOS,Tier 1,4G,16,903.59,med,0,1
TXN_019097,UPI,Android,Tier 2,5G,2,443.29,low,1,1
TXN_019098,Wallet,Android,Tier 1,Wifi,14,3219.46,high,0,1
TXN_019099,UPI,Android,Tier 1,Wifi,4,263.34,low,0,1
TXN_019100,Card,Android,Tier 1,5G,3,577.02,med,0,1
TXN_019101,Netbanking,Android,Tier 1,3G,0,906.32,med,0,1
TXN_019102,UPI,Android,Tier 2,4G,20,803.23,med,1,1
TXN_019103,Card,Android,Tier 3,Wifi,2,111.79,low,2,0
TXN_019104,UPI,Android,Tier 2,4G,9,1121.39,med,1,1
TXN_019105,UPI,Android,Tier 2,4G,12,2906.77,high,0,1
TXN_019106,UPI,Android,Tier 1,4G,6,1339.58,med,0,1
TXN_019107,Netbanking,Android,Tier 3,4G,13,2821.17,high,0,1
TXN_019108,UPI,Android,Tier 1,4G,12,814.96,med,0,1
TXN_019109,Card,Android,Tier 3,4G,23,2453.72,high,1,1
TXN_019110,Wallet,Desktop,Tier 2,4G,20,180.53,low,4,0
TXN_019111,UPI,Android,Tier 1,4G,23,6132.56,high,2,1
TXN_019112,UPI,Android,Tier 2,4G,21,5164.7,high,2,1
TXN_019113,UPI,Android,Tier 3,Wifi,21,2174.3,high,0,1
TXN_019114,UPI,Android,Tier 1,Wifi,4,1704.04,med,0,0
TXN_019115,UPI,Android,Tier 1,3G,10,76.56,low,1,1
TXN_019116,Card,Android,Tier 1,5G,21,256.94,low,1,0
TXN_019117,PayLater,iOS,Tier 2,5G,13,1369.74,med,0,1
TXN_019118,Wallet,Android,Tier 1,Wifi,0,360.01,low,1,1
TXN_019119,Netbanking,Android,Tier 2,5G,23,2363.63,high,0,1
TXN_019120,Wallet,Android,Tier 3,4G,4,725.92,med,0,1
TXN_019121,UPI,Android,Tier 3,4G,23,438.51,low,3,1
TXN_019122,Card,Android,Tier 1,4G,2,1026.92,med,2,0
TXN_019123,Wallet,iOS,Tier 2,Wifi,21,109.87,low,1,1
TXN_019124,UPI,iOS,Tier 1,5G,0,126.99,low,0,1
TXN_019125,PayLater,iOS,Tier 2,4G,16,558.79,med,0,1
TXN_019126,UPI,Android,Tier 3,4G,19,561.78,med,0,1
TXN_019127,Card,iOS,Tier 2,4G,11,638.45,med,0,1
TXN_019128,Card,Android,Tier 3,5G,12,658.07,med,0,1
TXN_019129,PayLater,iOS,Tier 3,5G,5,29.06,low,0,1
TXN_019130,UPI,Desktop,Tier 1,4G,2,1221.59,med,0,1
TXN_019131,Card,Android,Tier 2,4G,10,4086.47,high,0,1
TXN_019132,UPI,Android,Tier 1,5G,10,320.08,low,2,1
TXN_019133,UPI,Android,Tier 1,3G,20,1122.89,med,0,1
TXN_019134,Netbanking,Android,Tier 1,Wifi,9,3538.55,high,4,1
TXN_019135,Card,Android,Tier 3,4G,10,449.93,low,0,1
TXN_019136,Card,Desktop,Tier 2,4G,15,101.59,low,1,1
TXN_019137,UPI,Android,Tier 2,4G,19,3914.65,high,1,1
TXN_019138,UPI,Android,Tier 2,5G,9,277.01,low,0,1
TXN_019139,Card,Android,Tier 2,5G,11,726.95,med,0,1
TXN_019140,UPI,iOS,Tier 2,4G,18,253.99,low,1,1
TXN_019141,UPI,Android,Tier 1,Wifi,8,274.83,low,0,1
TXN_019142,PayLater,Android,Tier 2,4G,3,331.53,low,0,1
TXN_019143,UPI,Android,Tier 2,3G,14,1629.56,med,0,1
TXN_019144,Card,Android,Tier 2,4G,22,2346.65,high,0,0
TXN_019145,UPI,Android,Tier 1,4G,20,2954.02,high,0,1
TXN_019146,UPI,Android,Tier 1,5G,6,1505.14,med,0,1
TXN_019147,UPI,iOS,Tier 3,5G,4,292.7,low,0,1
TXN_019148,UPI,Desktop,Tier 1,5G,18,381.35,low,0,1
TXN_019149,UPI,Android,Tier 2,3G,21,617.47,med,0,1
TXN_019150,UPI,Android,Tier 1,4G,14,3983.54,high,0,1
TXN_019151,UPI,Desktop,Tier 1,4G,5,1677.58,med,3,1
TXN_019152,UPI,Android,Tier 1,Wifi,19,962.54,med,2,1
TXN_019153,UPI,Android,Tier 2,5G,14,1704.78,med,1,1
TXN_019154,UPI,Android,Tier 3,4G,16,182.01,low,0,1
TXN_019155,UPI,Android,Tier 1,5G,18,16030.84,ultra_high,1,1
TXN_019156,Wallet,Android,Tier 1,5G,2,340.03,low,0,1
TXN_019157,Card,Android,Tier 2,4G,17,533.39,med,0,1
TXN_019158,Card,Desktop,Tier 1,4G,9,259.53,low,0,1
TXN_019159,UPI,Android,Tier 3,4G,14,201.64,low,0,1
TXN_019160,Wallet,Android,Tier 1,4G,17,435.54,low,1,1
TXN_019161,Card,Android,Tier 2,Wifi,23,1422.75,med,0,0
TXN_019162,Netbanking,iOS,Tier 2,4G,14,1037.21,med,0,0
TXN_019163,UPI,Android,Tier 3,4G,23,222.73,low,0,1
TXN_019164,PayLater,Android,Tier 2,5G,18,140.26,low,0,1
TXN_019165,Netbanking,Android,Tier 1,5G,19,130.4,low,0,1
TXN_019166,Netbanking,Android,Tier 1,5G,4,2995.11,high,4,0
TXN_019167,UPI,Android,Tier 3,4G,10,4265.06,high,1,1
TXN_019168,UPI,iOS,Tier 3,Wifi,8,1009.59,med,4,1
TXN_019169,UPI,Android,Tier 1,5G,4,1139.12,med,0,0
TXN_019170,UPI,Desktop,Tier 3,4G,10,219.63,low,0,1
TXN_019171,Netbanking,Android,Tier 2,Wifi,21,1429.34,med,1,1
TXN_019172,UPI,Android,Tier 2,4G,6,542.1,med,0,1
TXN_019173,UPI,Android,Tier 1,Wifi,1,20.0,low,1,1
TXN_019174,UPI,Desktop,Tier 3,5G,19,176.64,low,4,1
TXN_019175,UPI,iOS,Tier 1,Wifi,21,4844.71,high,1,1
TXN_019176,UPI,Android,Tier 2,4G,19,2924.86,high,0,1
TXN_019177,Netbanking,Android,Tier 1,Wifi,20,785.89,med,0,1
TXN_019178,Card,Android,Tier 3,5G,18,1262.73,med,0,0
TXN_019179,UPI,Android,Tier 1,5G,17,507.56,med,1,1
TXN_019180,UPI,Android,Tier 1,4G,15,551.29,med,2,1
TXN_019181,UPI,iOS,Tier 1,Wifi,0,702.38,med,0,1
TXN_019182,UPI,Android,Tier 1,4G,2,228.27,low,0,1
TXN_019183,Card,Android,Tier 2,4G,8,1771.21,med,0,1
TXN_019184,Card,Android,Tier 1,Wifi,16,3065.13,high,1,1
TXN_019185,Card,Android,Tier 3,4G,7,1765.96,med,0,0
TXN_019186,Card,Android,Tier 2,4G,20,2625.65,high,0,1
TXN_019187,UPI,Android,Tier 2,5G,15,883.38,med,1,1
TXN_019188,PayLater,Android,Tier 1,4G,11,177.7,low,0,1
TXN_019189,Netbanking,Desktop,Tier 2,Wifi,3,1039.79,med,0,0
TXN_019190,Wallet,Android,Tier 1,5G,4,2984.88,high,1,0
TXN_019191,UPI,Android,Tier 2,5G,6,3719.85,high,1,1
TXN_019192,Wallet,Android,Tier 1,4G,23,2523.76,high,1,1
TXN_019193,Netbanking,Android,Tier 2,Wifi,17,1315.67,med,2,1
TXN_019194,Netbanking,iOS,Tier 1,Wifi,21,8419.6,high,0,0
TXN_019195,UPI,Android,Tier 3,4G,19,1219.6,med,1,1
TXN_019196,Card,iOS,Tier 1,4G,13,186.08,low,1,0
TXN_019197,PayLater,iOS,Tier 1,4G,7,475.77,low,0,1
TXN_019198,Card,iOS,Tier 2,5G,12,1039.86,med,0,1
TXN_019199,Card,Android,Tier 3,5G,3,77.89,low,1,1
TXN_019200,Wallet,Android,Tier 2,4G,11,611.13,med,0,1
TXN_019201,UPI,Android,Tier 1,Wifi,2,3368.79,high,0,1
TXN_019202,Card,iOS,Tier 2,Wifi,4,4402.27,high,3,1
TXN_019203,UPI,Android,Tier 3,4G,3,1205.77,med,0,0
TXN_019204,Wallet,Android,Tier 1,5G,14,700.85,med,1,1
TXN_019205,UPI,Android,Tier 1,Wifi,4,1817.86,med,1,1
TXN_019206,UPI,Android,Tier 3,3G,8,1311.69,med,0,1
TXN_019207,Card,iOS,Tier 3,4G,13,203.13,low,1,1
TXN_019208,Netbanking,Android,Tier 2,4G,15,648.06,med,0,1
TXN_019209,Card,Android,Tier 3,3G,2,1499.66,med,0,0
TXN_019210,Wallet,Android,Tier 1,4G,14,20.0,low,3,1
TXN_019211,Wallet,Android,Tier 2,5G,17,751.05,med,0,1
TXN_019212,UPI,Android,Tier 2,5G,17,816.87,med,0,1
TXN_019213,UPI,iOS,Tier 2,5G,13,2281.16,high,0,1
TXN_019214,UPI,Android,Tier 3,4G,6,233.21,low,0,1
TXN_019215,UPI,Android,Tier 3,Wifi,19,1027.74,med,0,1
TXN_019216,UPI,Android,Tier 1,4G,5,77.28,low,0,1
TXN_019217,Wallet,Desktop,Tier 1,5G,15,469.92,low,0,1
TXN_019218,Netbanking,Desktop,Tier 1,4G,21,950.69,med,0,1
TXN_019219,UPI,iOS,Tier 2,4G,18,143.28,low,0,1
TXN_019220,UPI,Android,Tier 1,4G,8,420.42,low,0,1
TXN_019221,Card,iOS,Tier 3,Wifi,19,1695.5,med,0,1
TXN_019222,UPI,iOS,Tier 1,5G,0,2170.51,high,0,1
TXN_019223,UPI,Android,Tier 1,5G,17,2010.55,high,1,1
TXN_019224,Wallet,Android,Tier 2,Wifi,20,146.1,low,0,1
TXN_019225,Wallet,Desktop,Tier 2,4G,13,222.51,low,3,1
TXN_019226,UPI,Android,Tier 1,5G,13,781.43,med,1,1
TXN_019227,Wallet,Android,Tier 2,4G,7,515.84,med,2,0
TXN_019228,UPI,Android,Tier 2,5G,22,693.87,med,0,1
TXN_019229,Card,Android,Tier 1,4G,16,361.66,low,0,1
TXN_019230,UPI,Android,Tier 1,Wifi,17,7585.3,high,0,1
TXN_019231,UPI,Android,Tier 2,5G,14,230.48,low,3,0
TXN_019232,Wallet,iOS,Tier 1,4G,9,2277.22,high,0,0
TXN_019233,UPI,iOS,Tier 3,4G,19,4177.24,high,0,1
TXN_019234,Card,iOS,Tier 2,4G,15,304.01,low,0,1
TXN_019235,UPI,Android,Tier 1,Wifi,6,4977.04,high,0,1
TXN_019236,UPI,Android,Tier 1,4G,16,7620.7,high,0,1
TXN_019237,UPI,Android,Tier 1,4G,4,581.92,med,1,1
TXN_019238,UPI,Android,Tier 2,4G,17,1550.16,med,0,1
TXN_019239,Card,Android,Tier 2,3G,13,362.1,low,0,1
TXN_019240,UPI,iOS,Tier 3,5G,17,4840.13,high,0,1
TXN_019241,Card,Android,Tier 1,4G,17,100.92,low,0,1
TXN_019242,Card,Android,Tier 1,5G,14,281.36,low,0,1
TXN_019243,Card,Android,Tier 1,3G,10,2491.97,high,0,1
TXN_019244,UPI,Android,Tier 1,5G,4,2034.72,high,0,1
TXN_019245,Wallet,Desktop,Tier 2,4G,15,1052.62,med,1,1
TXN_019246,UPI,Desktop,Tier 3,4G,7,2756.79,high,0,0
TXN_019247,UPI,Android,Tier 2,4G,12,88.61,low,2,0
TXN_019248,UPI,Android,Tier 3,4G,21,2537.04,high,0,1
TXN_019249,UPI,Android,Tier 1,5G,16,1252.38,med,0,1
TXN_019250,UPI,iOS,Tier 1,5G,8,2219.92,high,0,1
TXN_019251,Card,Android,Tier 1,Wifi,14,567.45,med,0,1
TXN_019252,UPI,Android,Tier 1,Wifi,6,3778.67,high,1,1
TXN_019253,UPI,Android,Tier 2,4G,17,2833.21,high,0,1
TXN_019254,Netbanking,Android,Tier 1,5G,13,715.83,med,1,0
TXN_019255,UPI,Android,Tier 3,5G,7,452.64,low,1,1
TXN_019256,UPI,Android,Tier 3,4G,1,1089.37,med,0,1
TXN_019257,UPI,Android,Tier 1,5G,17,270.51,low,1,1
TXN_019258,Netbanking,Android,Tier 2,4G,3,620.12,med,0,1
TXN_019259,UPI,Desktop,Tier 2,4G,23,3598.11,high,3,1
TXN_019260,UPI,Android,Tier 1,5G,22,374.32,low,1,1
TXN_019261,UPI,Android,Tier 3,4G,1,262.79,low,0,1
TXN_019262,Card,Desktop,Tier 1,5G,9,5308.43,high,0,1
TXN_019263,Card,iOS,Tier 2,4G,5,1459.93,med,0,0
TXN_019264,Netbanking,Android,Tier 1,Wifi,10,1382.47,med,0,0
TXN_019265,UPI,Android,Tier 1,Wifi,19,1080.67,med,0,1
TXN_019266,UPI,Android,Tier 2,3G,9,337.17,low,1,1
TXN_019267,UPI,Android,Tier 3,Wifi,16,5860.05,high,0,1
TXN_019268,UPI,Desktop,Tier 1,3G,23,621.8,med,0,1
TXN_019269,UPI,Android,Tier 1,5G,7,74.01,low,1,1
TXN_019270,UPI,Android,Tier 2,3G,5,519.64,med,1,1
TXN_019271,UPI,Android,Tier 1,5G,15,5166.02,high,0,1
TXN_019272,Card,Android,Tier 2,Wifi,9,781.73,med,0,1
TXN_019273,UPI,Android,Tier 2,4G,22,4377.96,high,0,1
TXN_019274,Card,Android,Tier 3,5G,18,1097.43,med,1,0
TXN_019275,UPI,Android,Tier 2,Wifi,3,456.24,low,0,1
TXN_019276,UPI,Android,Tier 3,5G,1,391.38,low,0,1
TXN_019277,UPI,Android,Tier 2,4G,19,3187.35,high,4,1
TXN_019278,UPI,Android,Tier 3,5G,1,1890.03,med,1,1
TXN_019279,UPI,Android,Tier 1,5G,11,205.32,low,0,1
TXN_019280,UPI,Android,Tier 2,5G,3,2131.18,high,1,1
TXN_019281,Wallet,Android,Tier 3,5G,15,655.95,med,2,1
TXN_019282,Card,Android,Tier 2,4G,1,684.4,med,0,0
TXN_019283,UPI,iOS,Tier 3,Wifi,15,5804.73,high,1,1
TXN_019284,Netbanking,Android,Tier 1,5G,14,9981.7,high,0,0
TXN_019285,Card,Desktop,Tier 3,4G,13,366.67,low,0,1
TXN_019286,Card,iOS,Tier 2,Wifi,10,67.9,low,0,0
TXN_019287,Netbanking,Android,Tier 1,4G,14,1096.24,med,0,1
TXN_019288,UPI,Android,Tier 1,4G,23,3190.82,high,0,1
TXN_019289,UPI,Android,Tier 1,Wifi,5,674.09,med,0,1
TXN_019290,UPI,Desktop,Tier 3,Wifi,23,431.15,low,1,1
TXN_019291,UPI,Android,Tier 2,4G,15,266.71,low,0,1
TXN_019292,UPI,Android,Tier 3,4G,0,962.0,med,1,1
TXN_019293,Card,Android,Tier 2,4G,10,163.32,low,0,1
TXN_019294,Wallet,iOS,Tier 3,Wifi,13,602.87,med,0,1
TXN_019295,Wallet,Android,Tier 2,Wifi,1,595.44,med,0,1
TXN_019296,Wallet,Android,Tier 1,4G,23,1664.72,med,0,1
TXN_019297,Netbanking,Android,Tier 1,4G,15,2481.45,high,0,1
TXN_019298,Wallet,Android,Tier 3,4G,3,530.54,med,0,1
TXN_019299,UPI,Android,Tier 1,Wifi,13,211.45,low,2,1
TXN_019300,UPI,Android,Tier 1,4G,15,190.04,low,0,1
TXN_019301,UPI,iOS,Tier 1,5G,14,2725.82,high,1,1
TXN_019302,Netbanking,iOS,Tier 1,5G,1,5303.3,high,1,0
TXN_019303,UPI,iOS,Tier 3,4G,12,206.74,low,0,1
TXN_019304,Card,Android,Tier 2,4G,16,8580.07,high,0,1
TXN_019305,UPI,iOS,Tier 2,4G,19,8530.76,high,3,1
TXN_019306,UPI,Android,Tier 3,5G,9,328.34,low,0,1
TXN_019307,Card,Android,Tier 2,Wifi,14,743.88,med,1,0
TXN_019308,UPI,Desktop,Tier 3,5G,16,2175.06,high,0,1
TXN_019309,UPI,iOS,Tier 1,4G,7,852.66,med,1,1
TXN_019310,UPI,Android,Tier 3,4G,1,571.41,med,1,1
TXN_019311,UPI,iOS,Tier 1,4G,23,3352.44,high,0,1
TXN_019312,Card,Desktop,Tier 2,4G,0,2161.99,high,4,1
TXN_019313,UPI,Android,Tier 2,5G,22,309.53,low,0,1
TXN_019314,Card,Android,Tier 1,Wifi,22,1755.76,med,0,0
TXN_019315,UPI,iOS,Tier 1,Wifi,4,1322.48,med,0,1
TXN_019316,Netbanking,Android,Tier 1,5G,2,753.02,med,2,1
TXN_019317,UPI,Android,Tier 1,5G,21,525.12,med,0,1
TXN_019318,Card,iOS,Tier 2,Wifi,10,282.71,low,0,1
TXN_019319,Card,Android,Tier 3,5G,15,659.98,med,0,1
TXN_019320,UPI,Android,Tier 2,5G,20,497.64,low,2,1
TXN_019321,Wallet,Android,Tier 2,4G,8,1702.95,med,0,1
TXN_019322,Card,Android,Tier 1,4G,3,4307.79,high,0,1
TXN_019323,UPI,Desktop,Tier 1,4G,8,566.3,med,0,0
TXN_019324,UPI,Android,Tier 2,Wifi,13,1255.02,med,1,1
TXN_019325,Wallet,Android,Tier 3,5G,9,307.03,low,0,1
TXN_019326,Netbanking,Desktop,Tier 3,4G,21,823.63,med,0,0
TXN_019327,UPI,Desktop,Tier 1,5G,15,2062.05,high,0,1
TXN_019328,UPI,Android,Tier 2,4G,8,758.59,med,0,1
TXN_019329,Netbanking,Desktop,Tier 2,Wifi,2,602.57,med,1,0
TXN_019330,Card,Android,Tier 2,4G,0,576.21,med,0,1
TXN_019331,Netbanking,Android,Tier 2,5G,21,1348.44,med,0,0
TXN_019332,UPI,Android,Tier 3,5G,19,810.77,med,0,1
TXN_019333,Card,Android,Tier 1,3G,10,326.88,low,0,0
TXN_019334,UPI,Android,Tier 3,5G,19,3260.79,high,0,1
TXN_019335,UPI,Android,Tier 1,Wifi,19,432.62,low,0,1
TXN_019336,Card,Android,Tier 2,4G,0,4039.72,high,0,1
TXN_019337,PayLater,Android,Tier 3,4G,4,212.26,low,0,1
TXN_019338,UPI,Android,Tier 2,4G,8,10703.75,ultra_high,0,1
TXN_019339,UPI,Android,Tier 1,5G,2,4180.04,high,0,0
TXN_019340,Card,Android,Tier 1,4G,11,233.35,low,0,1
TXN_019341,UPI,Android,Tier 2,4G,17,935.6,med,0,1
TXN_019342,Netbanking,Android,Tier 1,5G,1,977.95,med,1,1
TXN_019343,Netbanking,Android,Tier 2,5G,9,382.76,low,1,1
TXN_019344,UPI,Android,Tier 1,5G,6,4308.46,high,0,1
TXN_019345,PayLater,Android,Tier 3,4G,21,2540.26,high,0,1
TXN_019346,Netbanking,iOS,Tier 1,Wifi,17,2828.2,high,0,1
TXN_019347,Netbanking,Desktop,Tier 2,5G,15,2593.17,high,0,1
TXN_019348,Card,iOS,Tier 2,4G,12,434.14,low,1,0
TXN_019349,Netbanking,Android,Tier 2,5G,0,1398.55,med,0,1
TXN_019350,UPI,Android,Tier 1,4G,6,1712.9,med,0,1
TXN_019351,UPI,Android,Tier 2,5G,10,252.53,low,0,1
TXN_019352,Wallet,Desktop,Tier 2,4G,5,527.86,med,0,1
TXN_019353,UPI,Android,Tier 1,Wifi,20,1458.26,med,1,1
TXN_019354,UPI,Android,Tier 3,3G,4,187.09,low,0,1
TXN_019355,Netbanking,Android,Tier 3,4G,9,1153.06,med,0,1
TXN_019356,Netbanking,iOS,Tier 1,4G,2,805.39,med,1,0
TXN_019357,UPI,Android,Tier 2,4G,14,154.94,low,0,1
TXN_019358,Netbanking,Android,Tier 2,5G,11,2273.12,high,1,0
TXN_019359,Card,iOS,Tier 1,4G,4,7919.34,high,1,0
TXN_019360,UPI,Android,Tier 1,Wifi,13,651.72,med,0,1
TXN_019361,Netbanking,Android,Tier 3,4G,11,488.37,low,0,0
TXN_019362,UPI,Android,Tier 2,5G,21,1099.72,med,1,1
TXN_019363,UPI,Android,Tier 3,4G,10,1801.16,med,0,1
TXN_019364,UPI,Android,Tier 2,Wifi,22,230.33,low,0,1
TXN_019365,UPI,Android,Tier 1,4G,22,1890.79,med,1,1
TXN_019366,UPI,Android,Tier 1,5G,12,973.82,med,0,1
TXN_019367,Netbanking,iOS,Tier 2,5G,9,121.27,low,0,1
TXN_019368,Netbanking,Android,Tier 2,5G,9,481.42,low,2,1
TXN_019369,Card,Android,Tier 1,4G,23,893.04,med,0,1
TXN_019370,Netbanking,Android,Tier 2,4G,20,545.67,med,0,0
TXN_019371,UPI,iOS,Tier 3,5G,13,1212.98,med,0,1
TXN_019372,UPI,Android,Tier 2,Wifi,19,909.62,med,4,1
TXN_019373,Wallet,Android,Tier 1,4G,15,398.98,low,0,0
TXN_019374,UPI,Android,Tier 1,4G,11,5480.15,high,0,0
TXN_019375,UPI,Android,Tier 3,4G,22,132.56,low,1,1
TXN_019376,Card,Android,Tier 3,5G,17,384.78,low,0,1
TXN_019377,UPI,iOS,Tier 1,Wifi,23,2802.92,high,4,1
TXN_019378,Wallet,Android,Tier 3,5G,3,1873.56,med,1,1
TXN_019379,UPI,Desktop,Tier 1,4G,9,856.9,med,3,1
TXN_019380,UPI,Android,Tier 1,4G,0,5646.73,high,0,1
TXN_019381,UPI,iOS,Tier 1,Wifi,17,342.77,low,0,1
TXN_019382,Card,Android,Tier 1,4G,14,2256.26,high,0,1
TXN_019383,UPI,Android,Tier 3,4G,16,162.41,low,0,1
TXN_019384,UPI,Android,Tier 2,5G,20,736.01,med,0,0
TXN_019385,Wallet,Android,Tier 1,4G,0,1393.06,med,2,1
TXN_019386,Wallet,iOS,Tier 3,Wifi,13,1729.3,med,0,1
TXN_019387,UPI,Android,Tier 3,4G,11,480.9,low,1,1
TXN_019388,UPI,Android,Tier 1,4G,10,215.0,low,1,1
TXN_019389,UPI,Android,Tier 2,4G,19,7833.24,high,0,1
TXN_019390,Wallet,iOS,Tier 2,5G,18,875.77,med,0,0
TXN_019391,PayLater,Android,Tier 2,5G,3,269.4,low,0,1
TXN_019392,UPI,iOS,Tier 2,Wifi,16,476.84,low,0,1
TXN_019393,Card,iOS,Tier 1,4G,17,2712.31,high,2,1
TXN_019394,UPI,iOS,Tier 1,4G,3,3818.28,high,0,1
TXN_019395,UPI,Android,Tier 3,4G,0,433.58,low,2,1
TXN_019396,UPI,Android,Tier 3,3G,5,9768.1,high,0,1
TXN_019397,UPI,Android,Tier 1,4G,6,481.4,low,0,1
TXN_019398,UPI,iOS,Tier 1,5G,0,440.02,low,1,1
TXN_019399,UPI,iOS,Tier 3,Wifi,5,368.1,low,0,1
TXN_019400,Card,Android,Tier 1,4G,2,328.84,low,1,0
TXN_019401,UPI,iOS,Tier 1,5G,22,1273.33,med,0,1
TXN_019402,Card,Android,Tier 1,4G,15,474.46,low,4,0
TXN_019403,UPI,Android,Tier 2,4G,1,288.41,low,0,1
TXN_019404,UPI,Android,Tier 1,4G,1,526.02,med,0,1
TXN_019405,UPI,Desktop,Tier 2,Wifi,10,2714.55,high,1,1
TXN_019406,UPI,iOS,Tier 1,4G,19,82.11,low,0,1
TXN_019407,UPI,iOS,Tier 3,4G,10,1845.32,med,0,1
TXN_019408,UPI,Desktop,Tier 3,4G,7,287.95,low,0,1
TXN_019409,UPI,Android,Tier 3,4G,18,4790.27,high,0,1
TXN_019410,UPI,Desktop,Tier 3,Wifi,23,7637.61,high,0,1
TXN_019411,Card,Android,Tier 2,4G,22,645.86,med,0,0
TXN_019412,Netbanking,iOS,Tier 1,Wifi,20,7059.59,high,1,1
TXN_019413,UPI,iOS,Tier 1,Wifi,14,361.41,low,0,1
TXN_019414,UPI,Android,Tier 1,Wifi,19,190.21,low,2,0
TXN_019415,UPI,Android,Tier 1,4G,13,121.36,low,0,1
TXN_019416,Card,Android,Tier 2,4G,17,142.85,low,0,1
TXN_019417,UPI,Desktop,Tier 3,5G,19,927.43,med,0,1
TXN_019418,UPI,Android,Tier 2,4G,4,223.57,low,0,1
TXN_019419,UPI,Android,Tier 2,5G,1,18263.98,ultra_high,0,1
TXN_019420,Wallet,iOS,Tier 2,4G,1,483.53,low,1,1
TXN_019421,UPI,Android,Tier 1,3G,1,359.67,low,0,1
TXN_019422,Card,Android,Tier 3,4G,1,462.23,low,0,1
TXN_019423,UPI,Android,Tier 2,4G,8,1526.33,med,1,1
TXN_019424,Wallet,Android,Tier 1,5G,11,1727.72,med,3,1
TXN_019425,Netbanking,iOS,Tier 3,4G,20,2974.65,high,2,1
TXN_019426,UPI,Android,Tier 2,4G,21,1255.77,med,1,1
TXN_019427,Netbanking,Android,Tier 2,4G,19,4513.08,high,0,1
TXN_019428,UPI,Android,Tier 2,4G,17,947.46,med,0,1
TXN_019429,Netbanking,Android,Tier 2,4G,2,1188.17,med,1,1
TXN_019430,Netbanking,Desktop,Tier 1,4G,18,1475.63,med,3,0
TXN_019431,UPI,iOS,Tier 3,4G,15,803.31,med,0,1
TXN_019432,Card,Android,Tier 3,4G,10,927.81,med,2,1
TXN_019433,UPI,Android,Tier 2,4G,23,345.29,low,1,1
TXN_019434,UPI,Android,Tier 2,5G,23,159.05,low,0,1
TXN_019435,UPI,Android,Tier 3,4G,14,3939.84,high,0,1
TXN_019436,Card,Android,Tier 1,4G,21,721.24,med,0,1
TXN_019437,UPI,iOS,Tier 3,Wifi,10,332.51,low,0,1
TXN_019438,UPI,Android,Tier 2,5G,9,1286.62,med,0,1
TXN_019439,Card,Android,Tier 2,4G,23,4317.07,high,0,1
TXN_019440,UPI,Android,Tier 2,3G,18,2370.0,high,0,1
TXN_019441,UPI,Android,Tier 2,5G,22,2835.36,high,1,1
TXN_019442,UPI,Android,Tier 1,4G,4,274.15,low,0,1
TXN_019443,UPI,Android,Tier 3,3G,13,321.4,low,0,1
TXN_019444,UPI,Android,Tier 2,4G,8,471.39,low,0,1
TXN_019445,UPI,Android,Tier 3,3G,20,1585.16,med,0,1
TXN_019446,PayLater,Desktop,Tier 1,4G,5,1765.85,med,0,1
TXN_019447,Card,Android,Tier 2,4G,0,989.11,med,2,0
TXN_019448,UPI,iOS,Tier 2,5G,11,4751.31,high,2,1
TXN_019449,UPI,Android,Tier 3,4G,13,1031.13,med,0,1
TXN_019450,UPI,iOS,Tier 3,4G,3,2713.27,high,0,1
TXN_019451,Card,iOS,Tier 3,Wifi,14,95.6,low,0,0
TXN_019452,UPI,Android,Tier 1,4G,16,1753.32,med,0,1
TXN_019453,UPI,iOS,Tier 3,Wifi,19,11951.92,ultra_high,2,1
TXN_019454,Netbanking,Android,Tier 1,4G,11,1258.59,med,0,1
TXN_019455,UPI,Android,Tier 1,Wifi,0,856.9,med,0,1
TXN_019456,UPI,Android,Tier 1,4G,12,1202.12,med,3,1
TXN_019457,Wallet,Android,Tier 3,5G,9,1013.56,med,0,1
TXN_019458,Card,Android,Tier 1,4G,3,243.51,low,0,1
TXN_019459,UPI,iOS,Tier 1,5G,5,1339.07,med,0,1
TXN_019460,Card,iOS,Tier 1,4G,8,520.94,med,0,1
TXN_019461,UPI,Android,Tier 2,4G,17,746.19,med,1,1
TXN_019462,Card,iOS,Tier 3,4G,1,395.16,low,1,0
TXN_019463,UPI,Android,Tier 2,4G,5,2093.51,high,0,1
TXN_019464,Netbanking,Android,Tier 2,4G,10,176.83,low,0,1
TXN_019465,PayLater,Desktop,Tier 1,5G,12,578.2,med,0,1
TXN_019466,Wallet,Android,Tier 1,4G,5,3381.65,high,0,0
TXN_019467,Wallet,Android,Tier 1,4G,11,3141.06,high,0,1
TXN_019468,UPI,iOS,Tier 2,Wifi,18,715.52,med,1,1
TXN_019469,UPI,Android,Tier 2,5G,17,102.31,low,0,1
TXN_019470,UPI,Android,Tier 1,Wifi,18,5370.38,high,2,1
TXN_019471,Card,Android,Tier 3,Wifi,11,658.04,med,0,1
TXN_019472,Wallet,Android,Tier 3,4G,19,497.43,low,2,1
TXN_019473,UPI,Desktop,Tier 1,Wifi,12,1140.91,med,0,1
TXN_019474,Wallet,Android,Tier 1,4G,19,1176.21,med,2,0
TXN_019475,Netbanking,Android,Tier 3,Wifi,22,680.5,med,1,1
TXN_019476,PayLater,Android,Tier 1,5G,3,1009.57,med,0,0
TXN_019477,Wallet,Android,Tier 1,5G,21,1339.9,med,0,0
TXN_019478,UPI,Android,Tier 1,5G,5,201.69,low,1,1
TXN_019479,UPI,Android,Tier 3,Wifi,12,435.29,low,1,1
TXN_019480,UPI,Android,Tier 2,5G,9,2213.86,high,0,1
TXN_019481,UPI,Android,Tier 1,4G,2,4395.07,high,0,1
TXN_019482,Card,Android,Tier 1,4G,8,2878.26,high,0,1
TXN_019483,Netbanking,Android,Tier 1,Wifi,14,427.73,low,0,1
TXN_019484,Wallet,iOS,Tier 1,4G,4,2372.45,high,0,1
TXN_019485,Card,Desktop,Tier 2,5G,21,384.12,low,1,0
TXN_019486,UPI,Android,Tier 3,5G,21,512.29,med,0,1
TXN_019487,UPI,Android,Tier 1,4G,8,264.33,low,1,1
TXN_019488,UPI,iOS,Tier 1,5G,14,665.29,med,0,0
TXN_019489,UPI,Android,Tier 1,5G,12,488.93,low,0,1
TXN_019490,UPI,Android,Tier 1,Wifi,20,3521.29,high,0,1
TXN_019491,UPI,iOS,Tier 3,4G,2,205.76,low,0,1
TXN_019492,UPI,iOS,Tier 1,Wifi,18,1987.97,med,0,1
TXN_019493,UPI,Desktop,Tier 1,3G,1,6269.76,high,0,0
TXN_019494,Card,iOS,Tier 1,Wifi,17,646.7,med,4,0
TXN_019495,UPI,Android,Tier 2,Wifi,13,5596.73,high,2,1
TXN_019496,UPI,Android,Tier 3,5G,21,156.62,low,0,1
TXN_019497,UPI,Desktop,Tier 1,4G,23,4389.68,high,0,0
TXN_019498,PayLater,Android,Tier 2,5G,12,226.86,low,0,1
TXN_019499,UPI,Desktop,Tier 1,5G,23,974.32,med,4,1
TXN_019500,UPI,Android,Tier 2,Wifi,7,195.27,low,0,1
TXN_019501,Card,Android,Tier 2,5G,9,1593.82,med,2,0
TXN_019502,Card,iOS,Tier 2,Wifi,22,10155.11,ultra_high,0,1
TXN_019503,Wallet,Android,Tier 2,5G,1,505.85,med,1,1
TXN_019504,UPI,iOS,Tier 3,4G,9,158.34,low,1,1
TXN_019505,UPI,Android,Tier 2,4G,1,571.17,med,0,1
TXN_019506,UPI,iOS,Tier 2,5G,22,2653.17,high,0,1
TXN_019507,Card,Android,Tier 2,4G,3,1496.38,med,4,0
TXN_019508,UPI,Android,Tier 2,4G,21,30557.25,ultra_high,0,1
TXN_019509,UPI,Android,Tier 1,5G,8,920.07,med,1,1
TXN_019510,UPI,Android,Tier 1,Wifi,20,4696.08,high,1,1
TXN_019511,UPI,iOS,Tier 1,5G,9,102.49,low,1,0
TXN_019512,UPI,Android,Tier 2,Wifi,3,6749.86,high,1,1
TXN_019513,Card,Android,Tier 2,4G,2,864.01,med,4,0
TXN_019514,Card,Android,Tier 1,4G,6,810.14,med,0,0
TXN_019515,UPI,Android,Tier 2,5G,22,129.35,low,0,1
TXN_019516,UPI,Android,Tier 3,Wifi,22,426.53,low,3,1
TXN_019517,Card,Android,Tier 1,5G,15,640.81,med,2,1
TXN_019518,UPI,Android,Tier 1,4G,4,1647.19,med,4,1
TXN_019519,UPI,iOS,Tier 3,5G,12,771.25,med,0,1
TXN_019520,UPI,Android,Tier 2,Wifi,9,12556.95,ultra_high,0,1
TXN_019521,Card,Desktop,Tier 1,4G,23,91.41,low,0,1
TXN_019522,Wallet,Android,Tier 2,4G,1,1664.73,med,0,1
TXN_019523,Card,Android,Tier 2,5G,15,41.19,low,0,1
TXN_019524,UPI,Android,Tier 2,4G,19,825.91,med,1,1
TXN_019525,UPI,Android,Tier 2,4G,0,1555.35,med,2,1
TXN_019526,Wallet,Android,Tier 2,4G,5,645.25,med,0,1
TXN_019527,UPI,iOS,Tier 3,4G,21,4952.56,high,0,1
TXN_019528,PayLater,Android,Tier 1,4G,18,2122.86,high,0,0
TXN_019529,Wallet,iOS,Tier 2,4G,0,1483.19,med,0,1
TXN_019530,UPI,Android,Tier 3,4G,4,1368.01,med,0,1
TXN_019531,Wallet,Android,Tier 1,Wifi,11,407.89,low,0,1
TXN_019532,UPI,Android,Tier 3,4G,16,661.17,med,2,1
TXN_019533,Netbanking,Desktop,Tier 1,5G,18,13100.95,ultra_high,0,1
TXN_019534,UPI,Android,Tier 1,Wifi,7,659.9,med,0,1
TXN_019535,UPI,iOS,Tier 3,4G,9,246.38,low,3,1
TXN_019536,Card,Android,Tier 1,4G,2,5698.38,high,0,1
TXN_019537,Netbanking,Android,Tier 1,5G,8,3057.7,high,1,1
TXN_019538,UPI,Android,Tier 2,4G,6,752.82,med,2,0
TXN_019539,Card,iOS,Tier 2,4G,23,270.11,low,4,0
TXN_019540,UPI,iOS,Tier 2,Wifi,5,4831.62,high,0,1
TXN_019541,UPI,Android,Tier 1,4G,14,579.46,med,0,1
TXN_019542,UPI,iOS,Tier 1,5G,12,2066.26,high,0,1
TXN_019543,UPI,Android,Tier 1,Wifi,13,2978.0,high,0,1
TXN_019544,UPI,Desktop,Tier 2,4G,4,814.27,med,0,1
TXN_019545,UPI,iOS,Tier 2,4G,23,2755.61,high,0,1
TXN_019546,UPI,Android,Tier 2,5G,1,640.83,med,1,1
TXN_019547,UPI,iOS,Tier 2,3G,6,400.06,low,0,1
TXN_019548,UPI,Android,Tier 1,4G,0,134.65,low,0,1
TXN_019549,PayLater,Android,Tier 2,4G,15,2956.66,high,1,1
TXN_019550,UPI,Android,Tier 1,4G,6,534.79,med,0,1
TXN_019551,Wallet,Android,Tier 1,4G,14,1044.13,med,1,1
TXN_019552,Card,Android,Tier 2,4G,5,1226.13,med,0,1
TXN_019553,Card,Android,Tier 1,4G,19,1139.2,med,0,1
TXN_019554,Card,Android,Tier 2,5G,18,554.5,med,0,1
TXN_019555,Netbanking,Android,Tier 1,3G,8,518.83,med,0,1
TXN_019556,UPI,Android,Tier 2,Wifi,21,991.92,med,0,1
TXN_019557,UPI,Android,Tier 1,Wifi,5,50.17,low,0,1
TXN_019558,Card,iOS,Tier 3,4G,16,57.55,low,0,1
TXN_019559,Card,Android,Tier 1,4G,4,2069.3,high,0,1
TXN_019560,Netbanking,iOS,Tier 2,5G,14,5823.25,high,0,0
TXN_019561,UPI,Android,Tier 3,5G,6,1777.32,med,2,1
TXN_019562,Card,Android,Tier 2,5G,13,6153.63,high,0,1
TXN_019563,UPI,Android,Tier 2,4G,19,2089.27,high,3,1
TXN_019564,UPI,Android,Tier 2,4G,17,1526.06,med,1,1
TXN_019565,UPI,Android,Tier 2,4G,21,193.97,low,0,0
TXN_019566,Card,Android,Tier 3,4G,23,1317.98,med,1,1
TXN_019567,Wallet,Android,Tier 1,4G,16,362.98,low,0,1
TXN_019568,UPI,Android,Tier 3,Wifi,17,176.2,low,0,1
TXN_019569,Netbanking,iOS,Tier 2,4G,1,1913.91,med,0,0
TXN_019570,UPI,Android,Tier 3,Wifi,17,1174.17,med,0,1
TXN_019571,UPI,Android,Tier 1,Wifi,13,1246.99,med,1,1
TXN_019572,UPI,Android,Tier 3,5G,3,638.61,med,2,0
TXN_019573,UPI,Android,Tier 1,3G,6,6724.39,high,2,0
TXN_019574,UPI,Desktop,Tier 2,4G,6,2095.61,high,0,1
TXN_019575,UPI,Android,Tier 2,5G,0,395.3,low,0,1
TXN_019576,Card,Android,Tier 2,Wifi,7,827.1,med,0,1
TXN_019577,Card,Android,Tier 2,4G,19,149.41,low,0,0
TXN_019578,UPI,Android,Tier 1,5G,23,205.22,low,4,1
TXN_019579,UPI,Android,Tier 2,4G,9,492.36,low,0,1
TXN_019580,UPI,Desktop,Tier 1,4G,8,1120.7,med,0,1
TXN_019581,UPI,Android,Tier 2,Wifi,6,946.45,med,0,1
TXN_019582,UPI,Android,Tier 2,5G,2,826.64,med,0,1
TXN_019583,UPI,Android,Tier 1,4G,11,20.0,low,0,1
TXN_019584,Wallet,Android,Tier 2,Wifi,2,189.96,low,1,1
TXN_019585,Netbanking,Android,Tier 2,4G,4,433.79,low,1,1
TXN_019586,UPI,Android,Tier 1,Wifi,6,1959.51,med,0,1
TXN_019587,UPI,Android,Tier 3,3G,11,571.63,med,0,1
TXN_019588,UPI,Android,Tier 2,Wifi,22,983.23,med,3,0
TXN_019589,Netbanking,Android,Tier 1,5G,16,602.41,med,0,1
TXN_019590,UPI,Android,Tier 1,5G,13,5450.86,high,0,1
TXN_019591,UPI,Android,Tier 2,5G,2,1240.69,med,0,1
TXN_019592,Card,Android,Tier 1,4G,0,611.05,med,0,0
TXN_019593,UPI,Android,Tier 1,4G,21,5138.48,high,1,1
TXN_019594,UPI,Android,Tier 1,4G,22,468.95,low,1,1
TXN_019595,UPI,iOS,Tier 2,5G,17,637.34,med,0,1
TXN_019596,UPI,iOS,Tier 2,5G,13,151.22,low,0,1
TXN_019597,UPI,Desktop,Tier 1,5G,12,2155.76,high,0,1
TXN_019598,UPI,Desktop,Tier 2,5G,11,892.5,med,3,0
TXN_019599,UPI,iOS,Tier 3,5G,4,1725.19,med,1,1
TXN_019600,UPI,Desktop,Tier 3,5G,2,4875.51,high,2,0
TXN_019601,Netbanking,iOS,Tier 3,4G,13,7776.96,high,0,1
TXN_019602,UPI,iOS,Tier 3,4G,6,599.77,med,3,1
TXN_019603,UPI,Android,Tier 1,4G,6,1151.97,med,0,0
TXN_019604,Card,Android,Tier 1,5G,16,1155.37,med,0,1
TXN_019605,Netbanking,iOS,Tier 2,4G,5,1256.45,med,0,1
TXN_019606,Netbanking,Android,Tier 2,5G,14,845.83,med,0,1
TXN_019607,UPI,iOS,Tier 3,4G,18,3749.53,high,0,1
TXN_019608,UPI,Android,Tier 1,4G,14,554.45,med,0,1
TXN_019609,Card,Android,Tier 2,Wifi,6,8358.83,high,0,1
TXN_019610,Card,Android,Tier 2,4G,4,558.17,med,1,1
TXN_019611,UPI,Desktop,Tier 2,5G,14,369.66,low,0,1
TXN_019612,Wallet,Android,Tier 2,Wifi,19,350.55,low,0,1
TXN_019613,UPI,iOS,Tier 1,5G,12,481.05,low,0,1
TXN_019614,PayLater,iOS,Tier 3,5G,6,887.85,med,0,1
TXN_019615,Netbanking,Android,Tier 2,Wifi,12,127.97,low,2,0
TXN_019616,Card,Android,Tier 2,4G,12,103.34,low,0,1
TXN_019617,Wallet,Android,Tier 1,5G,12,335.49,low,0,1
TXN_019618,Card,Android,Tier 2,4G,22,1054.13,med,0,0
TXN_019619,UPI,Android,Tier 1,4G,7,1134.76,med,0,1
TXN_019620,UPI,Android,Tier 1,4G,4,650.35,med,1,1
TXN_019621,UPI,Android,Tier 1,5G,3,1037.25,med,2,1
TXN_019622,UPI,iOS,Tier 1,Wifi,16,597.25,med,0,1
TXN_019623,Card,Android,Tier 2,Wifi,19,441.15,low,0,0
TXN_019624,UPI,Android,Tier 1,4G,13,2083.98,high,0,1
TXN_019625,UPI,Android,Tier 3,4G,10,1126.12,med,1,1
TXN_019626,Card,iOS,Tier 1,5G,9,1411.9,med,1,1
TXN_019627,Wallet,iOS,Tier 1,Wifi,0,886.0,med,0,1
TXN_019628,UPI,Android,Tier 3,4G,6,1111.8,med,3,1
TXN_019629,UPI,Desktop,Tier 1,4G,5,1771.48,med,0,1
TXN_019630,UPI,iOS,Tier 1,5G,6,9161.5,high,0,1
TXN_019631,Card,iOS,Tier 1,4G,23,524.55,med,4,1
TXN_019632,UPI,iOS,Tier 3,5G,14,433.47,low,1,1
TXN_019633,Card,Android,Tier 3,5G,5,4926.15,high,0,1
TXN_019634,UPI,Android,Tier 1,4G,17,422.56,low,0,1
TXN_019635,UPI,Android,Tier 2,4G,1,887.9,med,2,1
TXN_019636,Wallet,Android,Tier 2,Wifi,8,440.21,low,0,0
TXN_019637,UPI,Android,Tier 3,4G,5,3001.92,high,0,1
TXN_019638,UPI,iOS,Tier 1,4G,21,615.41,med,0,1
TXN_019639,UPI,Android,Tier 3,5G,16,328.41,low,0,1
TXN_019640,UPI,Desktop,Tier 1,5G,23,474.71,low,0,1
TXN_019641,UPI,Android,Tier 1,5G,10,2104.09,high,0,1
TXN_019642,UPI,Android,Tier 1,5G,23,926.04,med,0,1
TXN_019643,UPI,Android,Tier 2,3G,3,899.95,med,0,0
TXN_019644,UPI,Android,Tier 2,4G,6,1553.11,med,0,1
TXN_019645,Card,Desktop,Tier 2,5G,14,216.59,low,0,1
TXN_019646,Netbanking,iOS,Tier 2,5G,16,1546.34,med,0,1
TXN_019647,UPI,Android,Tier 2,4G,11,4651.57,high,0,1
TXN_019648,Card,Desktop,Tier 2,4G,12,2799.66,high,0,1
TXN_019649,UPI,iOS,Tier 1,Wifi,20,449.37,low,0,1
TXN_019650,UPI,Android,Tier 2,4G,12,612.53,med,1,1
TXN_019651,UPI,Android,Tier 1,Wifi,7,174.86,low,0,1
TXN_019652,UPI,Android,Tier 2,5G,6,857.95,med,0,1
TXN_019653,UPI,Android,Tier 2,5G,3,102.28,low,0,1
TXN_019654,UPI,iOS,Tier 2,Wifi,2,220.09,low,0,1
TXN_019655,Card,Android,Tier 2,5G,16,548.25,med,1,1
TXN_019656,Wallet,Android,Tier 1,5G,15,369.37,low,0,1
TXN_019657,UPI,Android,Tier 2,5G,18,1744.78,med,1,1
TXN_019658,Card,Desktop,Tier 1,5G,1,4685.48,high,1,1
TXN_019659,Netbanking,iOS,Tier 3,5G,20,1150.1,med,1,0
TXN_019660,Card,Android,Tier 1,4G,13,3017.74,high,1,0
TXN_019661,UPI,Android,Tier 2,Wifi,15,851.99,med,2,1
TXN_019662,UPI,Android,Tier 2,4G,16,1518.69,med,0,1
TXN_019663,UPI,iOS,Tier 3,5G,3,829.24,med,0,1
TXN_019664,UPI,Android,Tier 2,4G,7,2394.6,high,0,1
TXN_019665,Card,iOS,Tier 1,5G,8,5629.58,high,2,1
TXN_019666,UPI,Desktop,Tier 2,3G,15,2449.23,high,0,1
TXN_019667,UPI,Android,Tier 1,Wifi,15,141.44,low,1,1
TXN_019668,Card,Android,Tier 2,5G,16,242.14,low,0,1
TXN_019669,Netbanking,Android,Tier 3,5G,2,1278.57,med,0,1
TXN_019670,UPI,Android,Tier 1,4G,21,1005.59,med,0,1
TXN_019671,Card,Android,Tier 2,4G,20,3113.68,high,1,1
TXN_019672,UPI,Android,Tier 3,4G,16,701.47,med,0,1
TXN_019673,UPI,Android,Tier 1,4G,17,352.33,low,1,1
TXN_019674,UPI,Android,Tier 2,Wifi,17,457.39,low,0,1
TXN_019675,Card,iOS,Tier 3,4G,22,504.21,med,0,1
TXN_019676,Wallet,Android,Tier 3,5G,5,1074.49,med,0,1
TXN_019677,UPI,Android,Tier 2,Wifi,5,1420.19,med,0,1
TXN_019678,UPI,iOS,Tier 1,5G,0,3202.16,high,0,1
TXN_019679,UPI,Android,Tier 1,4G,15,218.19,low,0,1
TXN_019680,UPI,Android,Tier 2,4G,16,433.07,low,0,1
TXN_019681,UPI,iOS,Tier 1,4G,3,3001.67,high,0,1
TXN_019682,UPI,Android,Tier 1,5G,15,1965.12,med,0,1
TXN_019683,Netbanking,Android,Tier 2,4G,21,2647.29,high,4,1
TXN_019684,Card,Android,Tier 2,5G,21,2082.28,high,0,0
TXN_019685,UPI,Android,Tier 3,Wifi,20,275.28,low,2,0
TXN_019686,UPI,Android,Tier 1,4G,19,6475.7,high,1,1
TXN_019687,UPI,Desktop,Tier 1,4G,1,302.55,low,2,1
TXN_019688,UPI,Android,Tier 3,5G,22,1286.67,med,0,1
TXN_019689,Netbanking,Android,Tier 2,4G,11,5907.77,high,1,1
TXN_019690,PayLater,Desktop,Tier 3,5G,15,143.24,low,0,1
TXN_019691,UPI,iOS,Tier 3,5G,5,1046.16,med,0,1
TXN_019692,UPI,Android,Tier 3,4G,15,215.12,low,3,1
TXN_019693,Netbanking,Android,Tier 2,Wifi,6,3037.86,high,0,1
TXN_019694,UPI,Android,Tier 1,4G,13,240.46,low,0,1
TXN_019695,Card,Desktop,Tier 2,4G,2,306.06,low,0,1
TXN_019696,UPI,Android,Tier 2,Wifi,0,1483.53,med,0,1
TXN_019697,Card,iOS,Tier 1,4G,16,2028.06,high,0,1
TXN_019698,UPI,Android,Tier 2,4G,19,1135.4,med,1,1
TXN_019699,Netbanking,iOS,Tier 1,Wifi,3,1928.57,med,0,0
TXN_019700,Netbanking,Android,Tier 2,4G,6,2423.88,high,0,1
TXN_019701,UPI,Desktop,Tier 1,4G,6,1283.95,med,0,1
TXN_019702,Card,Desktop,Tier 2,5G,3,618.56,med,0,1
TXN_019703,Netbanking,Android,Tier 3,4G,6,166.85,low,1,1
TXN_019704,UPI,iOS,Tier 1,5G,7,257.14,low,0,1
TXN_019705,UPI,iOS,Tier 2,4G,8,2706.31,high,2,0
TXN_019706,UPI,Desktop,Tier 1,5G,21,1313.46,med,0,1
TXN_019707,UPI,Android,Tier 3,4G,14,692.83,med,0,1
TXN_019708,UPI,Android,Tier 3,Wifi,3,481.64,low,1,1
TXN_019709,Card,iOS,Tier 3,4G,17,161.26,low,4,1
TXN_019710,UPI,iOS,Tier 3,5G,11,2669.86,high,0,1
TXN_019711,Netbanking,Android,Tier 2,Wifi,22,462.04,low,0,1
TXN_019712,UPI,iOS,Tier 1,4G,5,684.71,med,0,1
TXN_019713,UPI,Android,Tier 1,4G,3,2431.32,high,0,1
TXN_019714,UPI,iOS,Tier 2,4G,3,369.81,low,0,1
TXN_019715,UPI,Android,Tier 2,3G,17,1107.3,med,0,1
TXN_019716,UPI,Android,Tier 3,5G,0,699.85,med,1,1
TXN_019717,UPI,Android,Tier 1,Wifi,20,880.86,med,0,1
TXN_019718,UPI,Android,Tier 1,5G,5,274.96,low,0,1
TXN_019719,Card,Android,Tier 2,4G,8,1677.32,med,1,0
TXN_019720,Netbanking,Android,Tier 1,4G,16,1298.8,med,0,1
TXN_019721,UPI,Android,Tier 2,Wifi,20,2626.48,high,0,1
TXN_019722,Card,Android,Tier 2,4G,10,954.58,med,0,1
TXN_019723,Card,iOS,Tier 2,4G,20,192.55,low,0,1
TXN_019724,UPI,Android,Tier 1,5G,8,696.48,med,0,1
TXN_019725,PayLater,Android,Tier 3,4G,10,172.36,low,2,0
TXN_019726,Netbanking,Android,Tier 1,4G,3,6674.11,high,0,0
TXN_019727,UPI,Desktop,Tier 1,5G,12,587.19,med,1,1
TXN_019728,UPI,Android,Tier 2,4G,18,965.83,med,0,1
TXN_019729,UPI,Android,Tier 1,4G,2,1175.51,med,1,1
TXN_019730,UPI,iOS,Tier 1,5G,21,572.23,med,0,1
TXN_019731,Card,Desktop,Tier 1,5G,0,3935.17,high,1,0
TXN_019732,UPI,Android,Tier 2,4G,16,927.62,med,0,1
TXN_019733,Netbanking,Desktop,Tier 3,4G,16,347.29,low,0,1
TXN_019734,Card,Android,Tier 2,Wifi,6,691.82,med,1,1
TXN_019735,Card,Android,Tier 2,4G,13,1346.66,med,0,0
TXN_019736,Card,Android,Tier 1,4G,4,499.08,low,0,1
TXN_019737,UPI,Android,Tier 1,4G,13,631.21,med,0,1
TXN_019738,UPI,Android,Tier 1,4G,10,1515.01,med,1,1
TXN_019739,Card,Android,Tier 3,5G,2,701.65,med,0,0
TXN_019740,UPI,Android,Tier 1,Wifi,5,1185.51,med,0,1
TXN_019741,UPI,Android,Tier 3,4G,6,1129.43,med,0,1
TXN_019742,Netbanking,Android,Tier 1,5G,18,411.21,low,2,1
TXN_019743,Card,Android,Tier 2,Wifi,8,488.89,low,1,0
TXN_019744,UPI,Android,Tier 3,4G,1,122.11,low,0,1
TXN_019745,Card,Desktop,Tier 1,4G,11,3811.55,high,0,1
TXN_019746,Netbanking,Android,Tier 2,5G,6,1274.68,med,0,1
TXN_019747,UPI,Android,Tier 1,4G,9,581.3,med,0,1
TXN_019748,UPI,Android,Tier 1,5G,19,372.9,low,0,1
TXN_019749,Wallet,Android,Tier 1,5G,14,80.87,low,1,1
TXN_019750,UPI,Android,Tier 3,4G,22,157.2,low,1,1
TXN_019751,UPI,Android,Tier 1,4G,23,6551.78,high,0,1
TXN_019752,UPI,iOS,Tier 1,4G,18,222.31,low,0,1
TXN_019753,Netbanking,Android,Tier 3,4G,5,545.69,med,1,1
TXN_019754,UPI,Android,Tier 1,4G,19,2754.09,high,2,1
TXN_019755,UPI,Android,Tier 2,Wifi,12,214.95,low,0,1
TXN_019756,UPI,iOS,Tier 3,4G,19,1201.86,med,0,1
TXN_019757,PayLater,iOS,Tier 1,5G,11,446.91,low,0,1
TXN_019758,UPI,Android,Tier 1,4G,17,432.03,low,0,1
TXN_019759,Card,Android,Tier 3,Wifi,15,938.71,med,1,1
TXN_019760,Wallet,Desktop,Tier 1,Wifi,10,161.7,low,0,1
TXN_019761,UPI,Android,Tier 1,Wifi,10,508.73,med,1,1
TXN_019762,PayLater,Android,Tier 2,4G,0,842.43,med,1,1
TXN_019763,Wallet,Android,Tier 2,4G,0,95.56,low,2,0
TXN_019764,Wallet,Android,Tier 1,4G,6,5869.17,high,1,0
TXN_019765,UPI,Desktop,Tier 1,4G,6,4588.01,high,1,1
TXN_019766,Card,Desktop,Tier 1,3G,3,159.22,low,0,0
TXN_019767,Netbanking,iOS,Tier 1,5G,13,368.68,low,0,0
TXN_019768,PayLater,Android,Tier 2,5G,23,4749.16,high,0,0
TXN_019769,UPI,Android,Tier 1,Wifi,4,1295.73,med,0,1
TXN_019770,Netbanking,Android,Tier 2,5G,21,1150.48,med,0,1
TXN_019771,UPI,Desktop,Tier 2,5G,11,2618.79,high,1,0
TXN_019772,UPI,Android,Tier 1,4G,3,1682.23,med,0,1
TXN_019773,UPI,Android,Tier 1,4G,2,933.37,med,0,1
TXN_019774,Netbanking,Android,Tier 1,5G,17,387.0,low,0,1
TXN_019775,UPI,Android,Tier 1,Wifi,23,885.15,med,1,1
TXN_019776,UPI,Desktop,Tier 2,4G,4,5445.33,high,1,1
TXN_019777,PayLater,Android,Tier 2,5G,5,4892.25,high,0,0
TXN_019778,UPI,Android,Tier 1,4G,13,600.18,med,0,1
TXN_019779,Card,Android,Tier 2,4G,5,126.41,low,0,1
TXN_019780,UPI,Android,Tier 3,4G,19,678.63,med,0,1
TXN_019781,UPI,Desktop,Tier 1,5G,22,35.85,low,1,1
TXN_019782,Card,Desktop,Tier 2,4G,11,1724.54,med,0,1
TXN_019783,Wallet,Desktop,Tier 2,5G,11,479.55,low,0,1
TXN_019784,UPI,iOS,Tier 1,4G,7,275.96,low,0,1
TXN_019785,Netbanking,Android,Tier 2,5G,22,212.27,low,2,0
TXN_019786,UPI,Android,Tier 3,4G,19,457.02,low,0,1
TXN_019787,UPI,Android,Tier 1,4G,1,220.4,low,0,1
TXN_019788,UPI,Android,Tier 3,4G,4,1688.95,med,0,1
TXN_019789,UPI,Android,Tier 1,4G,17,59.11,low,0,1
TXN_019790,UPI,Android,Tier 1,4G,23,1667.49,med,0,1
TXN_019791,UPI,Android,Tier 2,Wifi,2,2252.05,high,0,1
TXN_019792,UPI,Android,Tier 1,4G,15,1985.91,med,0,1
TXN_019793,UPI,iOS,Tier 2,5G,4,299.1,low,1,1
TXN_019794,UPI,Desktop,Tier 1,5G,8,685.36,med,1,1
TXN_019795,Card,Android,Tier 2,5G,5,647.01,med,0,0
TXN_019796,Wallet,Android,Tier 2,5G,18,126.68,low,0,0
TXN_019797,Card,Desktop,Tier 2,Wifi,21,235.0,low,0,1
TXN_019798,UPI,Android,Tier 1,Wifi,15,1823.82,med,0,1
TXN_019799,Wallet,Android,Tier 1,4G,6,235.9,low,1,1
TXN_019800,Netbanking,Android,Tier 1,5G,3,5108.02,high,0,1
TXN_019801,UPI,Android,Tier 2,4G,15,1528.78,med,0,1
TXN_019802,UPI,Android,Tier 1,4G,19,249.69,low,3,1
TXN_019803,Card,iOS,Tier 2,4G,16,2802.58,high,0,1
TXN_019804,Card,Android,Tier 1,Wifi,18,819.06,med,0,1
TXN_019805,Netbanking,Android,Tier 2,5G,16,3942.05,high,1,1
TXN_019806,Card,Android,Tier 2,5G,12,1013.73,med,0,1
TXN_019807,Card,Android,Tier 2,4G,1,2146.1,high,2,0
TXN_019808,PayLater,Android,Tier 2,4G,1,1813.78,med,0,1
TXN_019809,UPI,Android,Tier 2,4G,23,619.39,med,0,1
TXN_019810,UPI,Android,Tier 3,Wifi,21,644.85,med,0,1
TXN_019811,Netbanking,Android,Tier 2,4G,22,1496.96,med,0,1
TXN_019812,UPI,Android,Tier 2,5G,3,1400.07,med,0,1
TXN_019813,Netbanking,Android,Tier 3,Wifi,15,3973.22,high,1,1
TXN_019814,PayLater,Android,Tier 3,Wifi,3,2345.02,high,0,1
TXN_019815,Card,Android,Tier 2,Wifi,19,1534.74,med,0,1
TXN_019816,Card,Android,Tier 1,4G,11,130.84,low,1,1
TXN_019817,UPI,Android,Tier 2,Wifi,21,2591.45,high,0,1
TXN_019818,UPI,Desktop,Tier 1,Wifi,19,1098.5,med,1,1
TXN_019819,UPI,Desktop,Tier 2,Wifi,13,512.22,med,1,1
TXN_019820,Card,Android,Tier 2,Wifi,0,811.96,med,0,0
TXN_019821,Netbanking,iOS,Tier 2,Wifi,16,41.33,low,0,0
TXN_019822,Card,Android,Tier 2,4G,23,5422.67,high,0,0
TXN_019823,UPI,Android,Tier 2,4G,17,1380.88,med,1,1
TXN_019824,UPI,Android,Tier 1,5G,11,7700.64,high,0,1
TXN_019825,Netbanking,Android,Tier 1,5G,9,18781.3,ultra_high,0,0
TXN_019826,UPI,Android,Tier 2,4G,23,36.49,low,3,1
TXN_019827,UPI,Android,Tier 2,5G,14,391.62,low,0,1
TXN_019828,Netbanking,iOS,Tier 2,4G,16,659.37,med,0,1
TXN_019829,Card,Android,Tier 1,4G,10,972.48,med,0,1
TXN_019830,UPI,Android,Tier 1,4G,23,289.72,low,0,1
TXN_019831,Wallet,Android,Tier 2,4G,19,3506.18,high,0,1
TXN_019832,UPI,Android,Tier 2,5G,6,4719.4,high,0,1
TXN_019833,PayLater,Desktop,Tier 1,Wifi,19,141.13,low,2,1
TXN_019834,UPI,iOS,Tier 2,5G,18,2247.6,high,0,1
TXN_019835,UPI,Desktop,Tier 1,5G,10,208.52,low,1,1
TXN_019836,Wallet,Android,Tier 1,4G,0,1365.87,med,2,0
TXN_019837,UPI,Android,Tier 1,5G,17,315.76,low,0,1
TXN_019838,Card,Android,Tier 2,Wifi,22,2920.09,high,0,1
TXN_019839,Netbanking,Android,Tier 3,5G,21,3242.08,high,0,1
TXN_019840,Netbanking,Android,Tier 1,4G,14,1006.39,med,0,1
TXN_019841,PayLater,iOS,Tier 1,Wifi,12,5732.36,high,3,0
TXN_019842,UPI,Android,Tier 2,3G,23,571.85,med,0,1
TXN_019843,Card,Android,Tier 3,4G,15,1665.01,med,0,1
TXN_019844,UPI,iOS,Tier 1,4G,18,1582.28,med,0,1
TXN_019845,UPI,iOS,Tier 1,4G,5,776.81,med,0,1
TXN_019846,Netbanking,Android,Tier 1,4G,21,2036.47,high,0,1
TXN_019847,UPI,Android,Tier 1,Wifi,15,2381.08,high,0,1
TXN_019848,Card,Android,Tier 2,Wifi,17,431.21,low,0,1
TXN_019849,UPI,Android,Tier 3,5G,0,1336.33,med,0,1
TXN_019850,Card,Android,Tier 2,5G,17,821.71,med,0,1
TXN_019851,PayLater,Android,Tier 3,5G,8,1088.38,med,4,0
TXN_019852,UPI,Android,Tier 2,4G,12,5927.34,high,0,1
TXN_019853,Card,Android,Tier 3,5G,15,260.28,low,0,1
TXN_019854,Netbanking,iOS,Tier 1,Wifi,21,3924.82,high,0,1
TXN_019855,UPI,iOS,Tier 1,Wifi,18,535.39,med,1,1
TXN_019856,UPI,Android,Tier 2,4G,22,540.9,med,0,1
TXN_019857,Card,iOS,Tier 1,4G,0,550.82,med,4,1
TXN_019858,UPI,Android,Tier 1,4G,7,808.31,med,1,1
TXN_019859,UPI,Android,Tier 2,5G,9,989.87,med,3,1
TXN_019860,Netbanking,Android,Tier 1,5G,6,390.63,low,0,1
TXN_019861,UPI,Android,Tier 2,4G,2,60.59,low,0,1
TXN_019862,Wallet,Android,Tier 1,5G,12,1503.59,med,1,1
TXN_019863,Netbanking,Desktop,Tier 3,4G,19,629.27,med,1,1
TXN_019864,Card,Android,Tier 1,4G,10,241.37,low,0,1
TXN_019865,UPI,Desktop,Tier 2,Wifi,22,718.76,med,0,1
TXN_019866,UPI,Android,Tier 1,4G,19,787.2,med,0,1
TXN_019867,UPI,Android,Tier 3,4G,4,13512.88,ultra_high,1,1
TXN_019868,Wallet,Android,Tier 2,4G,12,1820.99,med,0,1
TXN_019869,UPI,Android,Tier 1,4G,11,2935.72,high,0,1
TXN_019870,UPI,Android,Tier 1,5G,15,1115.33,med,0,1
TXN_019871,UPI,Android,Tier 1,5G,16,1078.79,med,0,1
TXN_019872,UPI,Android,Tier 2,4G,13,1328.0,med,0,1
TXN_019873,UPI,Android,Tier 2,4G,20,201.13,low,1,0
TXN_019874,Card,Android,Tier 1,4G,9,505.19,med,0,0
TXN_019875,UPI,Android,Tier 2,4G,12,418.36,low,0,1
TXN_019876,UPI,Android,Tier 3,5G,11,408.2,low,0,1
TXN_019877,UPI,iOS,Tier 1,4G,3,207.97,low,0,1
TXN_019878,Card,Desktop,Tier 2,4G,18,405.18,low,0,1
TXN_019879,Card,Android,Tier 2,4G,11,3146.8,high,0,1
TXN_019880,UPI,Android,Tier 2,4G,0,124.41,low,2,1
TXN_019881,Card,Android,Tier 1,4G,9,1826.5,med,0,1
TXN_019882,UPI,Desktop,Tier 1,5G,20,12648.94,ultra_high,0,1
TXN_019883,Wallet,Android,Tier 1,4G,1,12020.94,ultra_high,1,1
TXN_019884,UPI,Android,Tier 2,4G,4,837.65,med,0,1
TXN_019885,Card,Android,Tier 2,5G,20,1134.41,med,0,1
TXN_019886,Wallet,Android,Tier 1,5G,16,6070.73,high,0,0
TXN_019887,Netbanking,Android,Tier 1,4G,3,327.63,low,0,1
TXN_019888,UPI,iOS,Tier 1,4G,6,5938.35,high,0,1
TXN_019889,UPI,Android,Tier 3,5G,14,855.99,med,0,1
TXN_019890,Card,Desktop,Tier 1,5G,0,6843.36,high,0,0
TXN_019891,UPI,Android,Tier 2,4G,13,346.21,low,0,1
TXN_019892,Netbanking,Desktop,Tier 3,4G,14,1972.93,med,0,1
TXN_019893,Card,iOS,Tier 3,4G,1,3979.59,high,0,1
TXN_019894,Card,Android,Tier 2,5G,19,986.26,med,2,1
TXN_019895,UPI,iOS,Tier 1,5G,1,160.37,low,0,1
TXN_019896,Card,Android,Tier 3,4G,15,2835.9,high,0,1
TXN_019897,Card,Android,Tier 2,4G,1,2036.63,high,0,1
TXN_019898,Netbanking,Android,Tier 2,Wifi,15,371.98,low,0,1
TXN_019899,UPI,Android,Tier 1,4G,16,1336.92,med,0,1
TXN_019900,UPI,Android,Tier 1,4G,17,911.62,med,0,1
TXN_019901,UPI,Android,Tier 2,5G,18,341.89,low,1,1
TXN_019902,UPI,iOS,Tier 3,4G,15,279.5,low,1,1
TXN_019903,Card,Android,Tier 2,5G,3,133.24,low,0,1
TXN_019904,Wallet,Android,Tier 3,5G,16,2354.59,high,2,1
TXN_019905,UPI,Android,Tier 2,Wifi,0,452.52,low,0,1
TXN_019906,Netbanking,Android,Tier 1,5G,22,1756.98,med,1,1
TXN_019907,UPI,Android,Tier 2,4G,20,3021.11,high,0,1
TXN_019908,UPI,Android,Tier 2,5G,12,330.96,low,0,1
TXN_019909,UPI,iOS,Tier 2,Wifi,6,805.05,med,0,1
TXN_019910,UPI,Android,Tier 3,4G,8,212.81,low,2,0
TXN_019911,Wallet,Android,Tier 1,4G,13,2505.55,high,4,0
TXN_019912,UPI,iOS,Tier 1,Wifi,0,150.74,low,0,1
TXN_019913,Card,Android,Tier 3,4G,7,1234.73,med,0,1
TXN_019914,UPI,Android,Tier 1,4G,9,599.4,med,0,1
TXN_019915,Wallet,Android,Tier 2,4G,3,2470.01,high,0,1
TXN_019916,UPI,iOS,Tier 3,4G,12,826.75,med,1,1
TXN_019917,UPI,Desktop,Tier 1,Wifi,17,9700.19,high,0,1
TXN_019918,UPI,iOS,Tier 3,4G,8,794.29,med,1,1
TXN_019919,UPI,Android,Tier 1,4G,7,1082.04,med,0,1
TXN_019920,UPI,Android,Tier 3,5G,5,2442.45,high,0,1
TXN_019921,Netbanking,iOS,Tier 1,5G,20,1620.93,med,0,1
TXN_019922,Card,Android,Tier 2,Wifi,18,349.06,low,0,1
TXN_019923,Card,Android,Tier 2,4G,15,1296.72,med,3,1
TXN_019924,UPI,Android,Tier 2,4G,0,457.98,low,2,1
TXN_019925,UPI,Android,Tier 2,5G,14,7666.97,high,1,1
TXN_019926,UPI,Android,Tier 3,4G,5,68.01,low,0,1
TXN_019927,PayLater,Desktop,Tier 2,4G,9,4048.75,high,0,0
TXN_019928,Netbanking,Android,Tier 3,5G,4,835.75,med,0,1
TXN_019929,Wallet,Android,Tier 2,4G,7,190.63,low,0,1
TXN_019930,Netbanking,Android,Tier 2,5G,0,183.67,low,0,0
TXN_019931,UPI,iOS,Tier 1,5G,12,1058.74,med,1,1
TXN_019932,UPI,Android,Tier 3,4G,15,216.74,low,1,1
TXN_019933,UPI,Android,Tier 1,4G,16,1585.43,med,1,1
TXN_019934,UPI,iOS,Tier 1,4G,6,559.39,med,0,1
TXN_019935,UPI,Android,Tier 1,4G,14,1350.56,med,1,1
TXN_019936,UPI,Android,Tier 1,3G,23,150.89,low,1,1
TXN_019937,Card,Android,Tier 3,5G,13,48.55,low,0,1
TXN_019938,Wallet,iOS,Tier 1,4G,16,174.22,low,0,1
TXN_019939,Card,iOS,Tier 3,4G,22,6738.49,high,0,1
TXN_019940,Wallet,Android,Tier 2,4G,6,3766.74,high,1,0
TXN_019941,UPI,iOS,Tier 3,Wifi,23,2087.81,high,1,1
TXN_019942,UPI,iOS,Tier 2,Wifi,13,2537.83,high,0,1
TXN_019943,Card,Android,Tier 1,4G,7,1513.03,med,0,1
TXN_019944,UPI,Android,Tier 2,Wifi,12,13655.85,ultra_high,0,1
TXN_019945,UPI,Android,Tier 2,4G,0,592.48,med,0,1
TXN_019946,UPI,Desktop,Tier 1,4G,3,2098.03,high,0,1
TXN_019947,UPI,Android,Tier 1,4G,10,568.18,med,2,1
TXN_019948,UPI,Android,Tier 1,5G,8,1555.99,med,3,0
TXN_019949,UPI,Android,Tier 1,4G,18,4976.06,high,2,1
TXN_019950,UPI,Android,Tier 2,Wifi,21,448.16,low,0,1
TXN_019951,Card,iOS,Tier 1,4G,3,102.56,low,0,1
TXN_019952,UPI,Android,Tier 2,5G,0,480.34,low,0,1
TXN_019953,UPI,Desktop,Tier 3,4G,18,119.76,low,0,1
TXN_019954,UPI,Android,Tier 1,4G,18,1131.44,med,2,1
TXN_019955,UPI,Android,Tier 2,4G,18,763.67,med,2,1
TXN_019956,Card,Desktop,Tier 1,Wifi,10,138.32,low,0,1
TXN_019957,Netbanking,Android,Tier 1,5G,5,32.1,low,3,0
TXN_019958,Card,Android,Tier 2,4G,6,921.94,med,0,1
TXN_019959,UPI,Desktop,Tier 1,4G,22,50000.0,ultra_high,0,1
TXN_019960,Card,Android,Tier 1,5G,0,661.1,med,0,0
TXN_019961,Card,Android,Tier 1,4G,14,438.08,low,0,0
TXN_019962,UPI,Android,Tier 3,Wifi,3,160.06,low,0,1
TXN_019963,UPI,Android,Tier 2,Wifi,12,2117.85,high,0,1
TXN_019964,UPI,iOS,Tier 3,5G,23,297.01,low,0,1
TXN_019965,Card,Desktop,Tier 3,5G,11,199.61,low,0,1
TXN_019966,Card,Android,Tier 1,5G,0,3838.69,high,1,1
TXN_019967,UPI,iOS,Tier 1,4G,7,417.69,low,0,1
TXN_019968,Card,Desktop,Tier 1,4G,20,1049.3,med,1,0
TXN_019969,UPI,Android,Tier 2,4G,22,1952.5,med,3,0
TXN_019970,UPI,Android,Tier 2,Wifi,10,139.51,low,1,1
TXN_019971,PayLater,Android,Tier 1,5G,9,337.11,low,0,1
TXN_019972,PayLater,Desktop,Tier 1,4G,1,8600.18,high,0,0
TXN_019973,UPI,Desktop,Tier 1,5G,16,360.22,low,1,1
TXN_019974,UPI,Android,Tier 3,4G,12,448.93,low,0,1
TXN_019975,UPI,iOS,Tier 3,Wifi,21,559.41,med,1,1
TXN_019976,UPI,Android,Tier 1,4G,8,3377.17,high,1,1
TXN_019977,Netbanking,Android,Tier 1,5G,15,6769.65,high,0,1
TXN_019978,PayLater,Desktop,Tier 1,4G,16,1186.89,med,0,1
TXN_019979,Card,Android,Tier 3,5G,9,962.58,med,1,1
TXN_019980,UPI,Android,Tier 3,4G,16,542.98,med,0,1
TXN_019981,Card,Android,Tier 1,4G,19,2472.92,high,0,1
TXN_019982,UPI,Android,Tier 1,5G,9,513.23,med,0,1
TXN_019983,Wallet,Android,Tier 1,5G,21,751.55,med,0,1
TXN_019984,Wallet,Android,Tier 2,3G,13,7414.56,high,0,1
TXN_019985,Card,Desktop,Tier 2,5G,14,1108.09,med,0,1
TXN_019986,UPI,Desktop,Tier 2,5G,8,1747.01,med,2,1
TXN_019987,UPI,Android,Tier 3,Wifi,1,532.69,med,0,1
TXN_019988,UPI,Android,Tier 1,Wifi,13,580.75,med,1,1
TXN_019989,Netbanking,Android,Tier 3,5G,20,122.85,low,0,0
TXN_019990,UPI,Android,Tier 1,5G,6,2936.9,high,1,1
TXN_019991,UPI,Android,Tier 1,Wifi,3,578.3,med,1,1
TXN_019992,UPI,Android,Tier 2,5G,12,678.44,med,0,1
TXN_019993,Netbanking,Android,Tier 3,5G,21,4200.09,high,0,0
TXN_019994,UPI,Android,Tier 2,4G,21,3785.9,high,3,1
TXN_019995,Netbanking,Android,Tier 2,5G,3,437.62,low,1,0
TXN_019996,Wallet,Android,Tier 2,4G,3,560.57,med,0,1
TXN_019997,Wallet,iOS,Tier 1,4G,8,86.33,low,0,1
TXN_019998,UPI,iOS,Tier 2,Wifi,10,1737.64,med,1,1
TXN_019999,UPI,Android,Tier 3,5G,0,1789.52,med,0,1
TXN_020000,UPI,iOS,Tier 2,4G,12,390.43,low,0,1
TXN_020001,UPI,Android,Tier 2,4G,20,1364.61,med,0,1
TXN_020002,UPI,Android,Tier 2,4G,8,2367.58,high,0,1
TXN_020003,Card,iOS,Tier 3,4G,17,278.48,low,0,1
TXN_020004,UPI,Android,Tier 1,4G,6,705.38,med,0,1
TXN_020005,Netbanking,Android,Tier 3,4G,13,1166.0,med,0,0
TXN_020006,UPI,Android,Tier 3,4G,23,1669.54,med,0,1
TXN_020007,Card,Desktop,Tier 1,Wifi,16,1804.21,med,0,1
TXN_020008,Netbanking,Android,Tier 2,4G,17,623.46,med,0,0
TXN_020009,Netbanking,iOS,Tier 1,4G,0,361.31,low,0,0
TXN_020010,Wallet,Desktop,Tier 1,Wifi,8,120.81,low,0,1
TXN_020011,Card,Android,Tier 2,5G,9,634.22,med,0,1
TXN_020012,Wallet,Android,Tier 3,4G,15,1898.05,med,0,1
TXN_020013,UPI,Android,Tier 1,4G,10,8286.05,high,0,1
TXN_020014,UPI,Android,Tier 3,5G,20,2671.69,high,0,1
TXN_020015,UPI,Android,Tier 2,4G,3,1060.7,med,0,1
TXN_020016,UPI,iOS,Tier 3,5G,23,894.76,med,1,1
TXN_020017,UPI,Android,Tier 3,4G,18,450.77,low,1,1
TXN_020018,UPI,Desktop,Tier 3,3G,7,205.84,low,0,0
TXN_020019,UPI,Android,Tier 2,5G,2,2625.3,high,4,1
TXN_020020,UPI,iOS,Tier 3,4G,21,3887.46,high,1,1
TXN_020021,UPI,Android,Tier 1,4G,3,218.34,low,0,1
TXN_020022,Wallet,Android,Tier 1,5G,7,4051.1,high,0,1
TXN_020023,UPI,iOS,Tier 1,4G,22,1228.4,med,0,1
TXN_020024,Card,Android,Tier 2,4G,11,2438.72,high,0,1
TXN_020025,UPI,Android,Tier 1,4G,4,7815.68,high,0,1
TXN_020026,Wallet,Android,Tier 1,5G,2,200.0,low,0,1
TXN_020027,Wallet,Android,Tier 3,5G,4,267.81,low,2,1
TXN_020028,Card,iOS,Tier 2,4G,3,702.53,med,0,1
TXN_020029,Card,Desktop,Tier 3,5G,23,324.99,low,2,0
TXN_020030,UPI,Android,Tier 1,5G,10,395.53,low,0,1
TXN_020031,PayLater,Android,Tier 1,Wifi,20,2697.38,high,0,1
TXN_020032,Wallet,Android,Tier 1,Wifi,15,1155.18,med,0,1
TXN_020033,Wallet,Desktop,Tier 1,Wifi,20,1234.87,med,0,1
TXN_020034,Card,Desktop,Tier 1,3G,17,1032.77,med,2,0
TXN_020035,UPI,Android,Tier 1,4G,5,456.9,low,0,1
TXN_020036,Wallet,Android,Tier 1,4G,15,1219.24,med,0,1
TXN_020037,UPI,Android,Tier 2,4G,0,784.28,med,0,1
TXN_020038,Card,Android,Tier 1,5G,18,2781.67,high,1,0
TXN_020039,UPI,Android,Tier 1,4G,19,2096.68,high,0,1
TXN_020040,Wallet,iOS,Tier 2,5G,15,1606.43,med,0,1
TXN_020041,UPI,Android,Tier 2,4G,9,969.16,med,1,1
TXN_020042,UPI,Android,Tier 3,4G,13,566.07,med,3,1
TXN_020043,Card,Android,Tier 2,4G,17,227.61,low,0,1
TXN_020044,Netbanking,iOS,Tier 3,Wifi,12,32515.57,ultra_high,1,1
TXN_020045,Card,Android,Tier 3,4G,12,900.78,med,1,0
TXN_020046,UPI,Android,Tier 2,Wifi,14,2168.33,high,0,1
TXN_020047,UPI,Android,Tier 2,4G,3,2608.12,high,1,1
TXN_020048,Netbanking,iOS,Tier 1,5G,17,955.96,med,0,1
TXN_020049,PayLater,Android,Tier 2,4G,14,792.51,med,0,1
TXN_020050,Netbanking,iOS,Tier 2,4G,5,463.43,low,1,0
TXN_020051,UPI,Android,Tier 3,3G,9,137.95,low,0,1
TXN_020052,Wallet,Android,Tier 2,4G,14,8313.23,high,0,1
TXN_020053,UPI,Desktop,Tier 3,4G,0,506.36,med,0,1
TXN_020054,UPI,Android,Tier 3,5G,4,265.99,low,1,1
TXN_020055,UPI,Android,Tier 3,5G,8,5514.3,high,0,1
TXN_020056,UPI,Android,Tier 1,3G,22,702.92,med,1,1
TXN_020057,Netbanking,Desktop,Tier 1,5G,13,1099.43,med,0,0
TXN_020058,UPI,Android,Tier 3,5G,10,545.05,med,0,1
TXN_020059,UPI,Android,Tier 3,4G,5,152.69,low,1,0
TXN_020060,UPI,Android,Tier 1,5G,15,960.51,med,0,1
TXN_020061,UPI,Android,Tier 2,5G,22,887.23,med,0,1
TXN_020062,Card,Android,Tier 2,4G,8,577.07,med,1,1
TXN_020063,UPI,Android,Tier 1,5G,2,3250.51,high,0,1
TXN_020064,UPI,Android,Tier 2,4G,7,2179.37,high,2,1
TXN_020065,Card,Android,Tier 3,4G,16,5069.86,high,3,1
TXN_020066,Card,iOS,Tier 2,4G,21,281.66,low,0,1
TXN_020067,Netbanking,iOS,Tier 3,4G,8,1890.25,med,0,1
TXN_020068,UPI,Desktop,Tier 1,5G,16,10734.75,ultra_high,0,1
TXN_020069,Wallet,Android,Tier 2,4G,4,1995.32,med,0,1
TXN_020070,Wallet,Android,Tier 3,4G,23,1982.23,med,0,1
TXN_020071,Netbanking,iOS,Tier 2,4G,10,985.26,med,0,1
TXN_020072,Card,Android,Tier 1,4G,5,2270.88,high,0,1
TXN_020073,UPI,Android,Tier 2,4G,21,321.44,low,0,1
TXN_020074,PayLater,iOS,Tier 3,5G,13,431.82,low,1,1
TXN_020075,UPI,Android,Tier 1,4G,2,326.78,low,2,0
TXN_020076,UPI,Android,Tier 2,4G,23,551.11,med,0,0
TXN_020077,UPI,Android,Tier 1,5G,16,860.38,med,0,1
TXN_020078,UPI,iOS,Tier 2,5G,3,5771.85,high,0,1
TXN_020079,PayLater,Android,Tier 2,4G,7,3628.49,high,0,0
TXN_020080,Card,iOS,Tier 3,Wifi,5,264.91,low,0,1
TXN_020081,Card,Android,Tier 2,3G,10,303.3,low,0,0
TXN_020082,Card,Android,Tier 2,4G,0,457.0,low,0,1
TXN_020083,UPI,Android,Tier 3,5G,14,430.89,low,3,0
TXN_020084,UPI,Android,Tier 1,4G,15,3573.98,high,0,1
TXN_020085,Card,Android,Tier 2,4G,1,6396.63,high,0,1
TXN_020086,Card,Android,Tier 2,4G,12,211.35,low,1,1
TXN_020087,UPI,Desktop,Tier 1,Wifi,11,1249.38,med,1,1
TXN_020088,Netbanking,Android,Tier 1,5G,13,646.35,med,1,0
TXN_020089,UPI,Android,Tier 2,4G,0,80.12,low,0,1
TXN_020090,UPI,Android,Tier 1,4G,10,394.09,low,3,1
TXN_020091,UPI,iOS,Tier 1,4G,3,772.86,med,1,1
TXN_020092,UPI,Android,Tier 3,4G,12,234.71,low,3,0
TXN_020093,Netbanking,Android,Tier 2,Wifi,19,488.34,low,3,1
TXN_020094,Netbanking,iOS,Tier 3,5G,5,2139.59,high,0,0
TXN_020095,UPI,Android,Tier 1,4G,4,1044.28,med,0,1
TXN_020096,Card,Android,Tier 3,4G,3,2575.2,high,1,1
TXN_020097,Card,Android,Tier 3,Wifi,12,238.26,low,1,1
TXN_020098,UPI,Android,Tier 3,5G,17,182.27,low,3,1
TXN_020099,UPI,Android,Tier 1,4G,12,1648.28,med,3,0
TXN_020100,PayLater,Android,Tier 2,4G,7,2244.03,high,0,1
TXN_020101,Card,iOS,Tier 2,4G,18,69.5,low,0,1
TXN_020102,PayLater,Android,Tier 3,3G,14,486.83,low,0,1
TXN_020103,UPI,iOS,Tier 3,4G,0,4150.36,high,1,1
TXN_020104,Card,Android,Tier 1,4G,10,900.43,med,0,1
TXN_020105,UPI,Android,Tier 3,4G,15,224.01,low,2,1
TXN_020106,UPI,Android,Tier 3,4G,9,140.25,low,3,1
TXN_020107,UPI,Android,Tier 2,5G,6,1708.94,med,0,1
TXN_020108,UPI,Android,Tier 1,4G,7,1363.66,med,0,1
TXN_020109,UPI,Android,Tier 3,4G,22,7777.01,high,0,1
TXN_020110,UPI,Android,Tier 2,4G,19,164.94,low,0,1
TXN_020111,UPI,Desktop,Tier 3,4G,15,307.57,low,0,1
TXN_020112,Card,Android,Tier 3,4G,23,2698.74,high,0,1
TXN_020113,UPI,iOS,Tier 1,Wifi,9,396.8,low,0,1
TXN_020114,UPI,Desktop,Tier 2,4G,3,100.26,low,0,1
TXN_020115,UPI,Desktop,Tier 2,4G,11,881.59,med,0,1
TXN_020116,UPI,iOS,Tier 3,Wifi,20,315.89,low,0,1
TXN_020117,Card,Android,Tier 1,Wifi,15,2661.05,high,0,1
TXN_020118,UPI,Desktop,Tier 1,4G,23,486.84,low,0,1
TXN_020119,Netbanking,iOS,Tier 3,4G,17,1584.75,med,0,1
TXN_020120,UPI,iOS,Tier 1,5G,15,2408.47,high,0,1
TXN_020121,UPI,Android,Tier 2,4G,12,1193.75,med,1,0
TXN_020122,Wallet,Desktop,Tier 1,Wifi,15,32886.92,ultra_high,0,1
TXN_020123,Card,iOS,Tier 2,Wifi,14,1225.66,med,3,0
TXN_020124,UPI,iOS,Tier 2,5G,7,7016.31,high,1,0
TXN_020125,Netbanking,Android,Tier 2,4G,14,294.21,low,0,1
TXN_020126,UPI,Android,Tier 3,4G,20,934.28,med,0,1
TXN_020127,Netbanking,Desktop,Tier 1,3G,20,3540.76,high,0,1
TXN_020128,Card,Android,Tier 1,5G,6,811.89,med,1,1
TXN_020129,Card,Android,Tier 2,4G,19,1464.77,med,0,1
TXN_020130,PayLater,iOS,Tier 2,4G,18,4176.02,high,0,1
TXN_020131,UPI,Android,Tier 2,5G,21,1322.95,med,1,1
TXN_020132,Card,Android,Tier 1,3G,13,154.7,low,3,1
TXN_020133,UPI,Android,Tier 3,5G,5,1053.22,med,0,1
TXN_020134,UPI,Android,Tier 2,4G,12,2078.0,high,1,1
TXN_020135,UPI,Android,Tier 1,4G,11,1313.84,med,1,1
TXN_020136,UPI,Android,Tier 2,4G,21,479.88,low,0,1
TXN_020137,Card,Android,Tier 1,Wifi,6,246.08,low,0,1
TXN_020138,Card,Android,Tier 1,4G,19,392.98,low,0,1
TXN_020139,Card,Desktop,Tier 1,5G,2,2168.28,high,1,1
TXN_020140,UPI,Android,Tier 1,4G,2,1054.83,med,0,1
TXN_020141,UPI,Android,Tier 1,4G,2,899.34,med,0,1
TXN_020142,Wallet,Android,Tier 2,5G,14,1427.95,med,1,1
TXN_020143,UPI,iOS,Tier 2,Wifi,15,720.35,med,0,1
TXN_020144,Card,Desktop,Tier 2,4G,12,3053.02,high,0,0
TXN_020145,Netbanking,Android,Tier 1,4G,15,241.13,low,0,1
TXN_020146,Netbanking,Android,Tier 3,5G,1,2168.32,high,0,0
TXN_020147,UPI,Android,Tier 3,Wifi,5,4007.08,high,1,1
TXN_020148,Netbanking,iOS,Tier 3,5G,16,11078.91,ultra_high,2,0
TXN_020149,UPI,Android,Tier 1,4G,5,1636.61,med,0,1
TXN_020150,Wallet,Android,Tier 2,5G,23,166.73,low,0,1
TXN_020151,UPI,Android,Tier 1,Wifi,21,29759.69,ultra_high,0,0
TXN_020152,UPI,Desktop,Tier 3,Wifi,17,7149.37,high,0,1
TXN_020153,UPI,Android,Tier 1,5G,22,8036.33,high,1,1
TXN_020154,Netbanking,Desktop,Tier 1,3G,11,541.63,med,0,1
TXN_020155,UPI,Android,Tier 2,4G,18,1188.56,med,0,1
TXN_020156,UPI,iOS,Tier 2,4G,11,914.59,med,0,1
TXN_020157,UPI,Android,Tier 2,5G,23,618.52,med,0,1
TXN_020158,Wallet,Android,Tier 1,4G,21,298.91,low,2,1
TXN_020159,Netbanking,Android,Tier 2,3G,16,2871.29,high,1,1
TXN_020160,Card,Android,Tier 3,4G,1,4783.02,high,1,1
TXN_020161,Card,Android,Tier 3,4G,13,3991.91,high,0,1
TXN_020162,UPI,Android,Tier 2,4G,12,407.52,low,1,1
TXN_020163,UPI,Android,Tier 2,4G,23,415.05,low,0,1
TXN_020164,Wallet,Android,Tier 1,5G,5,2428.76,high,0,0
TXN_020165,UPI,Desktop,Tier 1,4G,16,2980.11,high,0,1
TXN_020166,UPI,Android,Tier 1,4G,8,1447.18,med,0,1
TXN_020167,UPI,Android,Tier 2,Wifi,7,524.02,med,0,1
TXN_020168,UPI,Android,Tier 2,4G,13,3806.27,high,2,1
TXN_020169,UPI,Android,Tier 2,Wifi,1,4606.5,high,1,1
TXN_020170,UPI,Android,Tier 1,4G,9,2259.24,high,0,1
TXN_020171,UPI,Android,Tier 2,4G,20,471.43,low,0,1
TXN_020172,UPI,Android,Tier 1,4G,2,384.28,low,0,1
TXN_020173,UPI,Android,Tier 2,5G,16,4881.02,high,1,1
TXN_020174,UPI,iOS,Tier 1,Wifi,6,608.62,med,0,1
TXN_020175,UPI,Android,Tier 2,3G,11,641.87,med,2,0
TXN_020176,Netbanking,Android,Tier 2,4G,6,1567.1,med,0,1
TXN_020177,UPI,Android,Tier 1,5G,2,566.01,med,0,1
TXN_020178,Card,iOS,Tier 1,4G,5,2857.39,high,0,1
TXN_020179,Card,Android,Tier 2,3G,2,1034.66,med,1,0
TXN_020180,Card,Desktop,Tier 1,Wifi,3,490.78,low,0,0
TXN_020181,UPI,Android,Tier 2,4G,15,1067.56,med,0,1
TXN_020182,UPI,Android,Tier 2,4G,14,348.74,low,1,1
TXN_020183,UPI,iOS,Tier 1,4G,0,466.46,low,0,1
TXN_020184,Card,iOS,Tier 2,5G,1,544.67,med,1,0
TXN_020185,UPI,Android,Tier 3,Wifi,0,3140.05,high,0,1
TXN_020186,Netbanking,Android,Tier 2,3G,17,1971.96,med,0,0
TXN_020187,Wallet,Android,Tier 3,5G,3,205.53,low,2,1
TXN_020188,UPI,Desktop,Tier 1,5G,5,682.21,med,1,1
TXN_020189,UPI,Android,Tier 2,4G,10,269.61,low,0,1
TXN_020190,Card,Android,Tier 2,5G,11,406.28,low,1,1
TXN_020191,UPI,Android,Tier 3,4G,7,570.72,med,0,1
TXN_020192,UPI,Android,Tier 1,5G,13,1455.06,med,0,1
TXN_020193,Wallet,Android,Tier 1,4G,9,1427.58,med,1,1
TXN_020194,UPI,Android,Tier 1,4G,22,191.42,low,0,1
TXN_020195,Wallet,Android,Tier 3,5G,3,205.88,low,1,1
TXN_020196,Card,Android,Tier 2,Wifi,14,554.06,med,0,1
TXN_020197,Netbanking,Android,Tier 3,5G,15,1396.9,med,0,0
TXN_020198,UPI,Android,Tier 1,5G,13,936.24,med,0,1
TXN_020199,UPI,Android,Tier 1,Wifi,14,93.32,low,0,1
TXN_020200,UPI,Android,Tier 1,4G,22,1827.14,med,0,1
TXN_020201,UPI,Android,Tier 2,4G,16,135.0,low,1,1
TXN_020202,UPI,Android,Tier 3,Wifi,11,1830.48,med,1,1
TXN_020203,UPI,iOS,Tier 1,Wifi,12,2345.6,high,0,1
TXN_020204,UPI,Android,Tier 3,4G,13,9938.29,high,0,1
TXN_020205,UPI,Android,Tier 1,4G,10,1824.89,med,1,0
TXN_020206,Netbanking,Android,Tier 2,Wifi,10,12460.36,ultra_high,0,1
TXN_020207,UPI,Android,Tier 2,5G,5,9838.27,high,0,1
TXN_020208,UPI,Android,Tier 1,4G,0,865.58,med,1,1
TXN_020209,Card,Android,Tier 1,4G,23,771.59,med,1,1
TXN_020210,PayLater,Android,Tier 1,3G,19,10915.67,ultra_high,1,0
TXN_020211,UPI,Android,Tier 1,4G,7,4260.68,high,0,1
TXN_020212,UPI,Android,Tier 3,4G,7,9009.73,high,0,1
TXN_020213,Card,iOS,Tier 3,5G,17,982.5,med,0,0
TXN_020214,Wallet,iOS,Tier 2,4G,21,276.9,low,2,0
TXN_020215,Netbanking,Desktop,Tier 2,4G,12,581.75,med,2,1
TXN_020216,Card,Android,Tier 1,4G,13,975.69,med,0,1
TXN_020217,UPI,iOS,Tier 1,4G,14,514.97,med,4,1
TXN_020218,UPI,iOS,Tier 3,Wifi,3,131.99,low,1,1
TXN_020219,UPI,Desktop,Tier 2,5G,18,880.0,med,0,1
TXN_020220,Card,Android,Tier 2,4G,12,1475.31,med,1,1
TXN_020221,Card,iOS,Tier 2,4G,8,164.08,low,0,1
TXN_020222,PayLater,Android,Tier 2,4G,15,1611.1,med,2,1
TXN_020223,UPI,Android,Tier 1,4G,8,612.87,med,0,1
TXN_020224,UPI,Android,Tier 3,5G,1,1633.61,med,1,1
TXN_020225,UPI,iOS,Tier 2,4G,20,7587.81,high,0,0
TXN_020226,Card,iOS,Tier 3,4G,9,224.63,low,1,0
TXN_020227,Netbanking,Android,Tier 2,Wifi,6,99.47,low,0,1
TXN_020228,UPI,Android,Tier 1,4G,8,1349.91,med,1,1
TXN_020229,UPI,Android,Tier 1,4G,7,606.18,med,0,1
TXN_020230,UPI,Android,Tier 2,Wifi,19,1759.06,med,0,1
TXN_020231,UPI,Android,Tier 2,Wifi,18,395.13,low,0,1
TXN_020232,Netbanking,Android,Tier 2,Wifi,0,2303.03,high,0,0
TXN_020233,UPI,iOS,Tier 2,5G,0,345.05,low,0,1
TXN_020234,Netbanking,Android,Tier 2,Wifi,19,825.64,med,0,1
TXN_020235,Card,Android,Tier 1,Wifi,7,1645.0,med,0,1
TXN_020236,Netbanking,iOS,Tier 1,4G,3,858.75,med,3,0
TXN_020237,UPI,Desktop,Tier 1,5G,21,3231.26,high,0,1
TXN_020238,Netbanking,iOS,Tier 1,4G,3,4030.34,high,2,0
TXN_020239,UPI,Android,Tier 2,5G,14,2157.95,high,1,1
TXN_020240,UPI,iOS,Tier 1,4G,1,2137.08,high,0,0
TXN_020241,UPI,Android,Tier 1,4G,16,961.82,med,0,1
TXN_020242,UPI,Desktop,Tier 1,4G,7,238.17,low,0,1
TXN_020243,UPI,Android,Tier 1,4G,15,3911.44,high,0,1
TXN_020244,UPI,iOS,Tier 3,4G,5,66.37,low,0,1
TXN_020245,PayLater,Android,Tier 1,5G,0,56.75,low,0,1
TXN_020246,UPI,Android,Tier 2,4G,4,948.09,med,0,1
TXN_020247,Netbanking,iOS,Tier 1,Wifi,18,443.16,low,1,0
TXN_020248,PayLater,iOS,Tier 3,5G,17,928.33,med,1,0
TXN_020249,UPI,Android,Tier 3,5G,2,364.8,low,0,1
TXN_020250,Card,Desktop,Tier 2,4G,1,1737.4,med,3,0
TXN_020251,UPI,Android,Tier 3,Wifi,1,510.96,med,0,1
TXN_020252,UPI,Android,Tier 1,5G,0,717.29,med,1,1
TXN_020253,UPI,Android,Tier 1,Wifi,2,560.25,med,0,1
TXN_020254,Wallet,Android,Tier 1,4G,18,6865.2,high,0,1
TXN_020255,UPI,Android,Tier 1,4G,3,145.37,low,0,1
TXN_020256,Card,iOS,Tier 1,4G,2,5286.29,high,0,1
TXN_020257,UPI,Android,Tier 1,4G,7,258.38,low,0,1
TXN_020258,Wallet,Android,Tier 2,4G,11,181.05,low,0,1
TXN_020259,UPI,iOS,Tier 2,Wifi,3,411.75,low,0,0
TXN_020260,Card,iOS,Tier 1,5G,13,500.63,med,0,1
TXN_020261,Card,Android,Tier 1,4G,9,1617.11,med,1,1
TXN_020262,Card,Android,Tier 2,5G,16,217.12,low,0,1
TXN_020263,Wallet,Android,Tier 2,4G,17,367.13,low,0,1
TXN_020264,Netbanking,Android,Tier 1,4G,6,3894.7,high,1,1
TXN_020265,UPI,Android,Tier 1,5G,12,758.72,med,0,1
TXN_020266,UPI,Android,Tier 2,5G,21,245.4,low,1,1
TXN_020267,UPI,iOS,Tier 1,5G,12,4700.1,high,3,0
TXN_020268,UPI,Android,Tier 3,4G,21,451.42,low,0,1
TXN_020269,UPI,Android,Tier 1,4G,1,214.08,low,0,1
TXN_020270,UPI,Desktop,Tier 1,Wifi,7,162.54,low,1,1
TXN_020271,UPI,Android,Tier 2,3G,20,995.81,med,2,0
TXN_020272,PayLater,Android,Tier 3,4G,21,2501.63,high,0,1
TXN_020273,UPI,Desktop,Tier 2,5G,19,184.68,low,0,1
TXN_020274,Wallet,Desktop,Tier 1,4G,10,597.04,med,1,1
TXN_020275,UPI,Android,Tier 1,4G,1,7213.87,high,0,1
TXN_020276,Card,Android,Tier 2,Wifi,11,672.19,med,0,1
TXN_020277,Netbanking,Desktop,Tier 1,5G,4,1522.11,med,0,0
TXN_020278,UPI,Android,Tier 2,Wifi,20,802.35,med,0,1
TXN_020279,UPI,Android,Tier 2,5G,15,4094.8,high,0,1
TXN_020280,UPI,Android,Tier 1,5G,0,2275.02,high,0,1
TXN_020281,UPI,Android,Tier 1,4G,11,1647.64,med,0,1
TXN_020282,Wallet,iOS,Tier 2,5G,4,350.73,low,0,1
TXN_020283,Netbanking,Android,Tier 2,3G,0,21111.5,ultra_high,0,0
TXN_020284,UPI,iOS,Tier 3,4G,2,192.48,low,0,1
TXN_020285,UPI,iOS,Tier 1,4G,3,1347.72,med,0,1
TXN_020286,UPI,iOS,Tier 2,3G,8,1245.53,med,0,1
TXN_020287,UPI,iOS,Tier 1,4G,21,1017.66,med,0,1
TXN_020288,Card,iOS,Tier 1,4G,16,4332.9,high,1,0
TXN_020289,UPI,Android,Tier 2,4G,11,344.64,low,1,1
TXN_020290,UPI,Android,Tier 3,4G,18,1209.6,med,0,1
TXN_020291,UPI,iOS,Tier 1,4G,2,446.28,low,0,1
TXN_020292,UPI,Android,Tier 3,5G,19,1825.16,med,1,1
TXN_020293,Card,Android,Tier 2,5G,9,634.18,med,1,0
TXN_020294,UPI,Android,Tier 1,5G,19,493.81,low,1,1
TXN_020295,PayLater,Android,Tier 3,5G,7,441.76,low,1,1
TXN_020296,Wallet,iOS,Tier 2,4G,2,74.27,low,0,1
TXN_020297,UPI,Android,Tier 2,Wifi,10,797.06,med,2,1
TXN_020298,UPI,Android,Tier 2,Wifi,14,266.7,low,1,1
TXN_020299,Netbanking,iOS,Tier 2,4G,19,93.75,low,0,0
TXN_020300,Wallet,Android,Tier 3,4G,11,1078.79,med,0,0
TXN_020301,Netbanking,iOS,Tier 1,4G,2,171.57,low,0,0
TXN_020302,UPI,Android,Tier 1,4G,6,6736.17,high,0,1
TXN_020303,PayLater,iOS,Tier 3,Wifi,21,267.04,low,0,1
TXN_020304,UPI,Android,Tier 3,4G,0,2903.82,high,0,1
TXN_020305,Card,Android,Tier 1,5G,9,5103.56,high,0,0
TXN_020306,Wallet,iOS,Tier 1,4G,16,1816.03,med,2,1
TXN_020307,UPI,Android,Tier 2,5G,5,186.68,low,0,1
TXN_020308,Wallet,Desktop,Tier 1,4G,18,9758.85,high,2,0
TXN_020309,UPI,Android,Tier 2,5G,11,2675.1,high,0,1
TXN_020310,PayLater,Android,Tier 1,Wifi,1,2298.13,high,1,1
TXN_020311,UPI,Android,Tier 2,4G,11,339.12,low,4,1
TXN_020312,PayLater,Android,Tier 1,4G,18,614.4,med,0,1
TXN_020313,UPI,Android,Tier 2,4G,8,152.17,low,0,1
TXN_020314,Card,Desktop,Tier 2,5G,5,184.6,low,0,1
TXN_020315,UPI,Android,Tier 2,4G,16,4908.6,high,1,1
TXN_020316,UPI,iOS,Tier 1,Wifi,1,2166.33,high,2,0
TXN_020317,UPI,Android,Tier 1,4G,6,409.07,low,1,1
TXN_020318,Card,Android,Tier 1,4G,5,796.96,med,1,1
TXN_020319,UPI,Android,Tier 2,5G,13,4611.41,high,0,1
TXN_020320,Card,Android,Tier 2,4G,16,3217.64,high,0,1
TXN_020321,UPI,Desktop,Tier 1,5G,17,263.64,low,0,1
TXN_020322,PayLater,Android,Tier 2,4G,5,397.5,low,0,1
TXN_020323,UPI,Android,Tier 2,Wifi,11,1005.67,med,0,1
TXN_020324,UPI,Android,Tier 2,4G,5,2485.78,high,1,1
TXN_020325,UPI,Android,Tier 1,5G,21,237.23,low,0,1
TXN_020326,UPI,Android,Tier 3,4G,13,194.98,low,0,1
TXN_020327,UPI,Android,Tier 3,4G,12,450.75,low,0,0
TXN_020328,UPI,Android,Tier 3,5G,8,136.83,low,0,1
TXN_020329,Wallet,Desktop,Tier 1,4G,17,1083.21,med,1,1
TXN_020330,Card,iOS,Tier 3,4G,9,129.21,low,0,1
TXN_020331,Card,Android,Tier 1,4G,9,7367.58,high,3,0
TXN_020332,UPI,Android,Tier 2,4G,13,219.34,low,2,1
TXN_020333,Card,iOS,Tier 2,Wifi,8,147.93,low,0,1
TXN_020334,UPI,Desktop,Tier 2,Wifi,8,3803.8,high,0,1
TXN_020335,Netbanking,Desktop,Tier 2,4G,8,1235.74,med,0,1
TXN_020336,UPI,iOS,Tier 1,Wifi,2,368.91,low,0,1
TXN_020337,UPI,Android,Tier 3,Wifi,8,1321.78,med,1,1
TXN_020338,UPI,Desktop,Tier 2,4G,12,5372.11,high,0,1
TXN_020339,Netbanking,iOS,Tier 3,4G,9,1402.1,med,0,1
TXN_020340,UPI,Android,Tier 1,4G,2,2958.27,high,1,1
TXN_020341,Card,Android,Tier 2,5G,19,154.56,low,0,0
TXN_020342,UPI,Android,Tier 2,4G,3,1537.67,med,1,1
TXN_020343,Card,Android,Tier 2,4G,13,659.97,med,1,0
TXN_020344,Wallet,Android,Tier 2,4G,12,1230.84,med,0,1
TXN_020345,UPI,Android,Tier 1,5G,19,716.52,med,1,1
TXN_020346,UPI,Android,Tier 1,4G,6,187.16,low,0,1
TXN_020347,Wallet,Android,Tier 2,5G,20,1175.87,med,1,1
TXN_020348,UPI,Android,Tier 2,Wifi,6,2758.3,high,0,1
TXN_020349,UPI,iOS,Tier 1,5G,5,485.38,low,1,1
TXN_020350,Card,Android,Tier 2,4G,22,3896.63,high,0,1
TXN_020351,Card,Desktop,Tier 2,4G,7,717.1,med,0,0
TXN_020352,UPI,iOS,Tier 2,4G,5,5266.86,high,0,1
TXN_020353,Netbanking,Desktop,Tier 1,Wifi,3,903.9,med,0,0
TXN_020354,UPI,iOS,Tier 2,Wifi,4,1727.12,med,0,1
TXN_020355,UPI,Android,Tier 2,5G,17,596.18,med,1,1
TXN_020356,Netbanking,Android,Tier 2,4G,1,1121.5,med,0,0
TXN_020357,UPI,Android,Tier 3,5G,21,812.25,med,4,0
TXN_020358,UPI,Desktop,Tier 2,Wifi,23,225.18,low,0,1
TXN_020359,Card,Android,Tier 1,Wifi,13,1704.78,med,1,1
TXN_020360,Wallet,Android,Tier 1,5G,23,1129.91,med,0,1
TXN_020361,Wallet,iOS,Tier 1,5G,23,5561.51,high,0,1
TXN_020362,PayLater,Desktop,Tier 1,5G,13,367.81,low,0,1
TXN_020363,Netbanking,iOS,Tier 3,Wifi,4,47.07,low,0,1
TXN_020364,UPI,Android,Tier 3,5G,10,6000.37,high,0,1
TXN_020365,UPI,Android,Tier 2,4G,19,357.21,low,0,1
TXN_020366,Netbanking,Android,Tier 1,5G,2,994.69,med,0,1
TXN_020367,UPI,Android,Tier 1,Wifi,15,116.15,low,1,0
TXN_020368,Card,iOS,Tier 3,5G,19,442.8,low,0,0
TXN_020369,Card,Android,Tier 3,5G,7,1490.15,med,4,1
TXN_020370,UPI,Android,Tier 1,5G,19,287.1,low,0,1
TXN_020371,Wallet,Desktop,Tier 2,5G,14,392.17,low,2,1
TXN_020372,UPI,Android,Tier 1,4G,13,93.53,low,0,1
TXN_020373,UPI,iOS,Tier 1,5G,13,5707.05,high,2,1
TXN_020374,PayLater,iOS,Tier 1,4G,7,234.46,low,0,1
TXN_020375,UPI,iOS,Tier 2,Wifi,23,170.33,low,1,1
TXN_020376,UPI,Android,Tier 1,3G,0,45.95,low,0,1
TXN_020377,UPI,Android,Tier 1,4G,15,295.95,low,0,1
TXN_020378,Netbanking,iOS,Tier 1,3G,11,3097.98,high,0,1
TXN_020379,Netbanking,iOS,Tier 1,4G,13,3381.16,high,0,1
TXN_020380,Netbanking,Android,Tier 2,5G,8,548.99,med,0,1
TXN_020381,Card,Android,Tier 1,4G,13,163.1,low,4,0
TXN_020382,UPI,Android,Tier 3,4G,12,560.68,med,1,1
TXN_020383,Netbanking,Desktop,Tier 1,Wifi,18,637.17,med,0,0
TXN_020384,Wallet,Android,Tier 1,Wifi,21,1800.13,med,0,1
TXN_020385,UPI,Android,Tier 1,5G,15,1022.04,med,0,0
TXN_020386,UPI,Android,Tier 1,4G,18,5264.73,high,0,1
TXN_020387,PayLater,Android,Tier 1,4G,16,252.05,low,0,1
TXN_020388,Netbanking,Desktop,Tier 1,Wifi,22,186.01,low,0,1
TXN_020389,Wallet,Android,Tier 3,4G,4,712.03,med,0,1
TXN_020390,Wallet,Android,Tier 2,4G,2,799.64,med,0,1
TXN_020391,UPI,Android,Tier 3,Wifi,22,2363.26,high,0,1
TXN_020392,Card,Android,Tier 1,Wifi,0,876.45,med,1,0
TXN_020393,UPI,Android,Tier 2,4G,21,683.01,med,0,1
TXN_020394,UPI,Android,Tier 1,Wifi,6,4498.67,high,0,1
TXN_020395,Card,Android,Tier 2,5G,6,140.04,low,0,1
TXN_020396,UPI,iOS,Tier 3,4G,20,13233.41,ultra_high,0,1
TXN_020397,Card,Android,Tier 3,5G,22,1277.1,med,0,0
TXN_020398,UPI,Desktop,Tier 1,5G,16,90.18,low,0,1
TXN_020399,UPI,Android,Tier 1,4G,6,637.72,med,0,1
TXN_020400,UPI,Android,Tier 1,5G,12,56.39,low,0,1
TXN_020401,UPI,Android,Tier 1,5G,12,346.16,low,1,1
TXN_020402,UPI,Android,Tier 1,4G,9,413.82,low,0,1
TXN_020403,UPI,Android,Tier 1,4G,19,14731.01,ultra_high,0,1
TXN_020404,PayLater,Android,Tier 1,4G,1,738.95,med,0,1
TXN_020405,UPI,Android,Tier 2,4G,5,803.03,med,0,1
TXN_020406,UPI,Android,Tier 2,4G,6,230.23,low,0,1
TXN_020407,Card,Android,Tier 2,5G,12,11477.11,ultra_high,0,1
TXN_020408,Card,Android,Tier 1,4G,22,1490.92,med,0,1
TXN_020409,UPI,Android,Tier 1,4G,7,306.08,low,0,1
TXN_020410,Netbanking,iOS,Tier 2,4G,20,347.97,low,1,0
TXN_020411,Netbanking,Android,Tier 2,5G,12,216.66,low,0,1
TXN_020412,UPI,iOS,Tier 1,5G,10,1000.67,med,0,1
TXN_020413,UPI,Android,Tier 3,4G,9,346.73,low,0,1
TXN_020414,Wallet,Desktop,Tier 1,Wifi,23,467.6,low,2,1
TXN_020415,Netbanking,Android,Tier 1,5G,3,3475.38,high,0,1
TXN_020416,Card,Desktop,Tier 2,5G,9,309.84,low,0,0
TXN_020417,UPI,Android,Tier 1,4G,16,924.47,med,0,1
TXN_020418,UPI,Android,Tier 2,4G,7,429.98,low,1,1
TXN_020419,Card,Android,Tier 1,3G,19,894.04,med,1,1
TXN_020420,UPI,Android,Tier 1,4G,4,748.65,med,1,1
TXN_020421,UPI,Desktop,Tier 3,5G,19,575.23,med,0,1
TXN_020422,Card,Android,Tier 1,5G,14,3717.31,high,0,1
TXN_020423,UPI,Android,Tier 2,Wifi,22,3066.04,high,0,1
TXN_020424,Netbanking,Android,Tier 1,4G,9,114.21,low,0,0
TXN_020425,Netbanking,Android,Tier 2,5G,18,38.8,low,0,1
TXN_020426,UPI,Android,Tier 1,5G,17,3864.76,high,0,1
TXN_020427,Netbanking,Android,Tier 2,4G,11,759.44,med,0,1
TXN_020428,UPI,Android,Tier 2,4G,1,935.49,med,2,1
TXN_020429,Netbanking,Android,Tier 1,4G,6,4678.53,high,0,1
TXN_020430,UPI,Android,Tier 1,4G,10,302.04,low,2,0
TXN_020431,UPI,Android,Tier 3,4G,14,978.89,med,0,1
TXN_020432,Card,Android,Tier 3,5G,11,908.18,med,0,1
TXN_020433,UPI,Android,Tier 2,Wifi,9,3410.24,high,1,1
TXN_020434,Wallet,Android,Tier 2,Wifi,12,937.2,med,2,1
TXN_020435,UPI,Desktop,Tier 3,4G,21,591.82,med,0,1
TXN_020436,UPI,iOS,Tier 1,4G,1,425.72,low,0,1
TXN_020437,UPI,Desktop,Tier 2,Wifi,23,1459.68,med,1,1
TXN_020438,UPI,Android,Tier 2,Wifi,14,544.97,med,0,1
TXN_020439,UPI,iOS,Tier 2,5G,21,110.32,low,0,1
TXN_020440,Card,Android,Tier 1,4G,7,999.29,med,0,1
TXN_020441,Netbanking,Android,Tier 2,Wifi,5,37.02,low,0,1
TXN_020442,Netbanking,Android,Tier 2,4G,3,3551.88,high,0,0
TXN_020443,PayLater,iOS,Tier 3,4G,7,255.11,low,0,0
TXN_020444,UPI,Desktop,Tier 2,Wifi,19,1516.44,med,1,1
TXN_020445,Card,Android,Tier 3,5G,21,2426.27,high,0,1
TXN_020446,UPI,Android,Tier 3,4G,4,2411.81,high,0,1
TXN_020447,Card,Android,Tier 2,5G,19,7704.93,high,0,1
TXN_020448,UPI,Desktop,Tier 1,5G,22,537.39,med,1,1
TXN_020449,PayLater,iOS,Tier 2,Wifi,7,1572.71,med,0,0
TXN_020450,Card,Android,Tier 3,4G,13,922.94,med,0,1
TXN_020451,PayLater,Android,Tier 1,4G,21,891.72,med,1,1
TXN_020452,Netbanking,Android,Tier 2,5G,16,1066.9,med,0,0
TXN_020453,Wallet,iOS,Tier 1,Wifi,22,308.38,low,0,1
TXN_020454,Netbanking,iOS,Tier 1,4G,19,1945.49,med,0,1
TXN_020455,UPI,Android,Tier 2,4G,1,543.07,med,0,1
TXN_020456,UPI,Android,Tier 2,4G,18,3685.53,high,0,1
TXN_020457,UPI,Desktop,Tier 2,4G,3,924.07,med,3,1
TXN_020458,UPI,Android,Tier 3,Wifi,13,1131.81,med,3,1
TXN_020459,UPI,Desktop,Tier 1,4G,6,1890.69,med,1,1
TXN_020460,UPI,Android,Tier 1,5G,15,545.6,med,0,1
TXN_020461,UPI,iOS,Tier 3,4G,9,110.28,low,0,1
TXN_020462,PayLater,iOS,Tier 2,4G,10,5071.62,high,1,0
TXN_020463,Wallet,Android,Tier 1,Wifi,21,4060.22,high,0,1
TXN_020464,UPI,Desktop,Tier 2,5G,4,712.06,med,2,0
TXN_020465,UPI,Android,Tier 3,5G,11,458.65,low,0,1
TXN_020466,UPI,iOS,Tier 2,5G,23,76.18,low,0,1
TXN_020467,UPI,Desktop,Tier 3,4G,23,1463.41,med,0,1
TXN_020468,Netbanking,Android,Tier 1,5G,23,203.14,low,4,1
TXN_020469,UPI,Android,Tier 1,4G,14,1284.56,med,1,1
TXN_020470,Card,Android,Tier 3,Wifi,23,812.34,med,0,1
TXN_020471,Netbanking,iOS,Tier 2,5G,23,669.46,med,0,1
TXN_020472,Netbanking,iOS,Tier 1,4G,9,687.51,med,0,0
TXN_020473,UPI,Android,Tier 2,Wifi,22,931.92,med,0,1
TXN_020474,Card,iOS,Tier 2,5G,1,133.37,low,1,1
TXN_020475,UPI,Android,Tier 1,4G,17,3879.11,high,0,1
TXN_020476,UPI,Android,Tier 2,4G,10,456.06,low,2,0
TXN_020477,UPI,Android,Tier 1,Wifi,4,612.0,med,0,1
TXN_020478,UPI,Android,Tier 1,Wifi,5,239.88,low,1,1
TXN_020479,UPI,Android,Tier 2,5G,12,1429.02,med,1,1
TXN_020480,UPI,Android,Tier 1,4G,16,1085.68,med,3,1
TXN_020481,Card,Android,Tier 1,4G,15,71.96,low,0,1
TXN_020482,Netbanking,iOS,Tier 3,4G,22,1966.78,med,1,1
TXN_020483,UPI,Android,Tier 2,5G,22,6014.06,high,1,1
TXN_020484,UPI,Android,Tier 2,4G,23,732.47,med,0,1
TXN_020485,Netbanking,Android,Tier 1,Wifi,0,116.86,low,0,0
TXN_020486,UPI,Desktop,Tier 1,4G,12,424.79,low,2,0
TXN_020487,Wallet,Android,Tier 2,5G,9,218.65,low,0,0
TXN_020488,Card,iOS,Tier 1,4G,12,1749.77,med,3,0
TXN_020489,UPI,Desktop,Tier 2,4G,19,627.05,med,0,1
TXN_020490,UPI,Android,Tier 2,5G,20,1089.28,med,0,1
TXN_020491,UPI,Android,Tier 2,5G,17,5228.5,high,0,1
TXN_020492,UPI,iOS,Tier 1,5G,17,1357.32,med,0,1
TXN_020493,UPI,iOS,Tier 1,4G,3,213.15,low,0,1
TXN_020494,Card,Android,Tier 3,4G,2,602.51,med,0,1
TXN_020495,UPI,Android,Tier 3,Wifi,15,792.05,med,2,1
TXN_020496,UPI,iOS,Tier 2,5G,6,240.71,low,3,1
TXN_020497,Card,Desktop,Tier 3,5G,6,2488.33,high,0,1
TXN_020498,UPI,Desktop,Tier 2,4G,1,2129.96,high,0,1
TXN_020499,UPI,Android,Tier 1,Wifi,15,220.96,low,0,1
TXN_020500,UPI,Android,Tier 1,4G,4,561.52,med,0,1
TXN_020501,UPI,Android,Tier 1,4G,20,1997.76,med,2,1
TXN_020502,Card,Android,Tier 2,4G,7,1393.04,med,1,0
TXN_020503,UPI,iOS,Tier 2,4G,7,1231.58,med,0,1
TXN_020504,Netbanking,Android,Tier 3,4G,10,296.06,low,0,1
TXN_020505,UPI,Android,Tier 3,4G,19,382.74,low,0,1
TXN_020506,UPI,Android,Tier 3,4G,9,200.41,low,0,1
TXN_020507,UPI,iOS,Tier 3,5G,0,416.3,low,0,1
TXN_020508,Card,Android,Tier 3,3G,5,283.82,low,0,0
TXN_020509,UPI,Android,Tier 1,4G,6,19306.32,ultra_high,0,1
TXN_020510,UPI,Android,Tier 1,4G,16,3831.39,high,3,1
TXN_020511,Card,Android,Tier 2,4G,23,2693.42,high,0,0
TXN_020512,UPI,Desktop,Tier 2,4G,15,4129.82,high,1,1
TXN_020513,UPI,iOS,Tier 1,4G,13,3951.84,high,0,1
TXN_020514,Card,Android,Tier 3,4G,23,324.95,low,0,0
TXN_020515,UPI,iOS,Tier 3,5G,2,2114.43,high,0,1
TXN_020516,Card,Android,Tier 2,Wifi,8,734.06,med,0,0
TXN_020517,UPI,iOS,Tier 2,3G,9,220.42,low,0,1
TXN_020518,Card,Android,Tier 3,5G,2,1645.03,med,0,1
TXN_020519,Card,iOS,Tier 1,4G,11,1323.99,med,1,1
TXN_020520,UPI,Android,Tier 1,5G,3,521.96,med,1,1
TXN_020521,Card,Android,Tier 3,5G,11,1286.22,med,0,1
TXN_020522,Wallet,Android,Tier 2,4G,21,903.26,med,0,1
TXN_020523,UPI,Android,Tier 2,Wifi,22,897.48,med,0,1
TXN_020524,UPI,iOS,Tier 3,5G,12,4968.75,high,0,1
TXN_020525,Netbanking,Android,Tier 1,5G,23,3069.63,high,1,1
TXN_020526,Card,Android,Tier 2,4G,6,45.14,low,0,1
TXN_020527,UPI,Android,Tier 2,Wifi,18,195.95,low,1,1
TXN_020528,Wallet,Android,Tier 1,Wifi,17,677.62,med,4,1
TXN_020529,UPI,iOS,Tier 1,4G,17,4708.28,high,1,1
TXN_020530,Card,Android,Tier 3,4G,8,46.49,low,0,0
TXN_020531,Netbanking,Android,Tier 1,4G,6,859.17,med,2,0
TXN_020532,PayLater,Desktop,Tier 1,4G,6,1487.59,med,3,1
TXN_020533,UPI,Android,Tier 2,5G,20,578.53,med,1,1
TXN_020534,Card,Android,Tier 1,4G,12,382.01,low,0,1
TXN_020535,UPI,iOS,Tier 3,Wifi,5,269.49,low,0,1
TXN_020536,UPI,Android,Tier 1,Wifi,6,116.41,low,1,1
TXN_020537,UPI,Android,Tier 2,4G,12,2671.23,high,0,1
TXN_020538,Card,Desktop,Tier 1,4G,19,869.88,med,0,0
TXN_020539,UPI,Android,Tier 3,4G,5,4959.48,high,3,1
TXN_020540,UPI,iOS,Tier 2,4G,16,1905.07,med,0,1
TXN_020541,Card,Android,Tier 1,4G,22,305.82,low,0,1
TXN_020542,Card,Android,Tier 3,4G,19,214.75,low,0,1
TXN_020543,Netbanking,iOS,Tier 1,Wifi,17,5460.12,high,0,0
TXN_020544,Wallet,iOS,Tier 2,Wifi,19,7880.18,high,0,0
TXN_020545,UPI,iOS,Tier 3,Wifi,7,2485.67,high,0,1
TXN_020546,PayLater,Desktop,Tier 2,5G,17,772.46,med,0,1
TXN_020547,Netbanking,Android,Tier 2,Wifi,14,403.54,low,0,1
TXN_020548,UPI,Android,Tier 1,5G,0,7582.28,high,2,0
TXN_020549,UPI,Android,Tier 1,4G,0,1136.51,med,0,1
TXN_020550,UPI,Android,Tier 1,5G,6,232.83,low,0,0
TXN_020551,UPI,Android,Tier 3,Wifi,15,552.78,med,0,1
TXN_020552,Card,iOS,Tier 3,4G,22,138.39,low,0,0
TXN_020553,Card,Android,Tier 1,4G,19,777.57,med,0,1
TXN_020554,Card,iOS,Tier 1,4G,13,1693.3,med,1,1
TXN_020555,UPI,iOS,Tier 1,4G,20,1669.0,med,1,1
TXN_020556,UPI,Android,Tier 1,4G,11,330.3,low,0,1
TXN_020557,Netbanking,Android,Tier 1,4G,4,1337.05,med,0,1
TXN_020558,UPI,Android,Tier 2,Wifi,6,2056.83,high,0,1
TXN_020559,PayLater,Android,Tier 3,Wifi,11,586.48,med,0,1
TXN_020560,UPI,iOS,Tier 2,Wifi,18,1396.9,med,1,1
TXN_020561,PayLater,Android,Tier 2,4G,4,389.89,low,1,1
TXN_020562,UPI,iOS,Tier 2,4G,6,237.6,low,0,1
TXN_020563,UPI,Android,Tier 2,4G,6,2615.19,high,0,0
TXN_020564,UPI,Android,Tier 2,Wifi,12,370.37,low,1,1
TXN_020565,Card,iOS,Tier 1,4G,19,4526.9,high,0,1
TXN_020566,Netbanking,Android,Tier 1,5G,16,1051.77,med,0,1
TXN_020567,UPI,Android,Tier 2,4G,4,805.69,med,0,1
TXN_020568,Wallet,Android,Tier 3,4G,13,2032.52,high,0,1
TXN_020569,Card,Android,Tier 2,4G,10,674.96,med,0,1
TXN_020570,Card,Android,Tier 3,5G,19,798.48,med,0,1
TXN_020571,Netbanking,Desktop,Tier 1,4G,18,1600.84,med,0,0
TXN_020572,UPI,Android,Tier 3,4G,22,373.7,low,0,1
TXN_020573,UPI,Android,Tier 3,4G,3,5709.0,high,0,1
TXN_020574,Wallet,Android,Tier 2,5G,21,3716.15,high,4,0
TXN_020575,Wallet,Android,Tier 3,4G,16,2033.26,high,4,0
TXN_020576,PayLater,Android,Tier 2,Wifi,16,170.7,low,0,1
TXN_020577,Wallet,Android,Tier 1,4G,2,2676.47,high,0,0
TXN_020578,UPI,Android,Tier 1,4G,13,2316.61,high,1,1
TXN_020579,Netbanking,Android,Tier 2,5G,20,543.1,med,1,0
TXN_020580,UPI,Android,Tier 3,4G,5,2637.02,high,0,1
TXN_020581,PayLater,iOS,Tier 1,Wifi,9,1066.19,med,2,1
TXN_020582,UPI,Android,Tier 2,Wifi,16,135.82,low,0,1
TXN_020583,Card,iOS,Tier 2,Wifi,1,469.86,low,0,1
TXN_020584,UPI,Android,Tier 1,4G,11,2599.79,high,3,1
TXN_020585,UPI,Android,Tier 1,4G,23,1205.9,med,1,1
TXN_020586,UPI,Android,Tier 1,Wifi,20,103.4,low,2,0
TXN_020587,Wallet,Android,Tier 1,4G,15,909.76,med,2,0
TXN_020588,Netbanking,Android,Tier 1,5G,15,648.79,med,0,1
TXN_020589,UPI,Desktop,Tier 1,3G,2,151.28,low,1,1
TXN_020590,Netbanking,Android,Tier 1,5G,17,523.61,med,2,1
TXN_020591,Card,Desktop,Tier 2,4G,6,2189.71,high,0,1
TXN_020592,UPI,Android,Tier 2,5G,9,196.54,low,0,1
TXN_020593,UPI,Android,Tier 2,4G,7,1152.44,med,0,1
TXN_020594,Netbanking,Android,Tier 2,4G,17,642.6,med,0,0
TXN_020595,Card,Android,Tier 3,4G,16,6572.39,high,0,1
TXN_020596,UPI,Desktop,Tier 3,4G,2,2297.15,high,0,1
TXN_020597,Card,iOS,Tier 3,5G,7,342.68,low,0,1
TXN_020598,UPI,iOS,Tier 1,5G,19,10976.33,ultra_high,0,1
TXN_020599,UPI,Android,Tier 3,5G,4,186.83,low,0,1
TXN_020600,UPI,Android,Tier 2,Wifi,19,2054.96,high,0,0
TXN_020601,UPI,Desktop,Tier 1,4G,11,551.58,med,1,1
TXN_020602,Card,Android,Tier 1,5G,5,3485.07,high,0,1
TXN_020603,Wallet,iOS,Tier 2,4G,22,419.86,low,0,1
TXN_020604,UPI,Android,Tier 1,5G,23,614.74,med,2,1
TXN_020605,UPI,Desktop,Tier 1,Wifi,9,2722.48,high,0,1
TXN_020606,Card,iOS,Tier 2,4G,9,416.38,low,0,1
TXN_020607,Wallet,Desktop,Tier 2,5G,0,826.91,med,0,1
TXN_020608,Card,Android,Tier 3,4G,8,2159.9,high,0,1
TXN_020609,Netbanking,Android,Tier 2,Wifi,17,526.67,med,0,1
TXN_020610,UPI,Android,Tier 2,5G,2,103.52,low,1,1
TXN_020611,Netbanking,Android,Tier 1,5G,0,465.92,low,1,0
TXN_020612,UPI,iOS,Tier 2,4G,9,551.51,med,0,1
TXN_020613,UPI,Android,Tier 2,5G,2,370.43,low,0,1
TXN_020614,UPI,Android,Tier 3,5G,17,1837.28,med,0,1
TXN_020615,UPI,Android,Tier 1,4G,6,249.62,low,0,1
TXN_020616,Wallet,iOS,Tier 2,4G,6,2068.0,high,0,1
TXN_020617,Wallet,Android,Tier 2,4G,21,1865.82,med,2,1
TXN_020618,UPI,Android,Tier 3,4G,9,832.17,med,0,1
TXN_020619,UPI,Android,Tier 3,4G,12,6523.2,high,1,1
TXN_020620,UPI,Android,Tier 1,4G,3,328.15,low,0,1
TXN_020621,UPI,Desktop,Tier 2,Wifi,11,684.92,med,0,1
TXN_020622,Card,Android,Tier 2,Wifi,2,179.9,low,1,0
TXN_020623,Wallet,Android,Tier 3,Wifi,22,13100.38,ultra_high,0,0
TXN_020624,PayLater,Android,Tier 2,Wifi,15,2164.14,high,0,1
TXN_020625,Card,Android,Tier 1,4G,10,425.58,low,0,1
TXN_020626,Netbanking,Android,Tier 1,4G,2,1745.67,med,0,0
TXN_020627,UPI,Android,Tier 2,Wifi,7,7037.63,high,4,0
TXN_020628,UPI,Android,Tier 2,5G,6,1314.09,med,2,1
TXN_020629,UPI,Android,Tier 1,4G,13,176.08,low,1,1
TXN_020630,Card,iOS,Tier 1,4G,1,1979.26,med,0,1
TXN_020631,Card,iOS,Tier 2,4G,9,328.0,low,0,1
TXN_020632,UPI,Desktop,Tier 3,4G,2,1714.9,med,0,1
TXN_020633,UPI,Desktop,Tier 3,4G,23,370.56,low,0,1
TXN_020634,UPI,Android,Tier 2,Wifi,10,1484.47,med,0,1
TXN_020635,PayLater,Android,Tier 3,5G,18,937.3,med,1,1
TXN_020636,UPI,iOS,Tier 1,4G,7,132.71,low,0,1
TXN_020637,Netbanking,Android,Tier 2,4G,19,704.1,med,0,1
TXN_020638,Netbanking,Android,Tier 1,Wifi,4,1250.63,med,2,1
TXN_020639,UPI,Android,Tier 2,4G,8,3641.52,high,0,1
TXN_020640,Card,Android,Tier 3,5G,12,283.98,low,0,1
TXN_020641,Wallet,Android,Tier 3,4G,10,999.62,med,0,1
TXN_020642,UPI,Android,Tier 2,4G,1,1051.62,med,0,1
TXN_020643,Wallet,Android,Tier 3,4G,11,150.03,low,1,1
TXN_020644,UPI,Android,Tier 3,Wifi,2,19956.12,ultra_high,0,0
TXN_020645,UPI,Android,Tier 1,4G,14,263.09,low,0,1
TXN_020646,Wallet,Desktop,Tier 3,4G,0,560.54,med,0,1
TXN_020647,Netbanking,Android,Tier 1,4G,23,1849.94,med,1,0
TXN_020648,PayLater,Android,Tier 3,5G,10,1745.7,med,0,1
TXN_020649,Card,Android,Tier 1,5G,9,8989.29,high,0,1
TXN_020650,Wallet,Android,Tier 1,4G,2,454.63,low,1,0
TXN_020651,Netbanking,Android,Tier 2,4G,13,2292.78,high,0,1
TXN_020652,Netbanking,Android,Tier 1,Wifi,20,559.16,med,0,1
TXN_020653,Card,iOS,Tier 1,5G,15,1864.56,med,0,1
TXN_020654,UPI,iOS,Tier 2,Wifi,8,1277.98,med,2,1
TXN_020655,Wallet,Android,Tier 3,5G,13,139.16,low,0,1
TXN_020656,UPI,Android,Tier 1,5G,20,475.15,low,1,1
TXN_020657,UPI,Android,Tier 3,4G,0,331.77,low,0,1
TXN_020658,UPI,Android,Tier 3,5G,0,1418.53,med,0,1
TXN_020659,Card,Android,Tier 2,Wifi,3,911.67,med,0,1
TXN_020660,UPI,Desktop,Tier 2,4G,22,2459.25,high,0,1
TXN_020661,UPI,Android,Tier 1,4G,22,5451.85,high,0,1
TXN_020662,Wallet,iOS,Tier 1,5G,22,231.29,low,1,1
TXN_020663,UPI,Android,Tier 1,5G,21,284.88,low,0,1
TXN_020664,Card,iOS,Tier 1,5G,0,561.09,med,0,0
TXN_020665,UPI,Android,Tier 1,4G,18,2363.42,high,0,1
TXN_020666,UPI,iOS,Tier 1,4G,20,148.61,low,1,1
TXN_020667,UPI,iOS,Tier 2,4G,11,8441.39,high,0,1
TXN_020668,Card,Android,Tier 2,Wifi,19,2977.15,high,0,1
TXN_020669,UPI,Android,Tier 3,Wifi,3,977.19,med,0,1
TXN_020670,Wallet,Desktop,Tier 1,4G,8,4144.5,high,1,1
TXN_020671,UPI,iOS,Tier 1,4G,6,702.1,med,0,1
TXN_020672,UPI,Android,Tier 2,4G,13,122.41,low,3,0
TXN_020673,UPI,Android,Tier 1,4G,22,3992.29,high,3,1
TXN_020674,UPI,Android,Tier 3,4G,2,2524.12,high,2,0
TXN_020675,Netbanking,Android,Tier 2,4G,14,1776.21,med,0,1
TXN_020676,Wallet,Android,Tier 2,Wifi,10,1642.64,med,1,1
TXN_020677,Card,Android,Tier 1,5G,9,418.09,low,0,1
TXN_020678,UPI,Android,Tier 1,4G,19,114.43,low,0,1
TXN_020679,UPI,iOS,Tier 2,5G,14,53.1,low,0,1
TXN_020680,UPI,iOS,Tier 1,5G,16,85.95,low,0,1
TXN_020681,PayLater,Android,Tier 1,4G,18,871.13,med,0,1
TXN_020682,UPI,iOS,Tier 2,5G,10,163.88,low,0,1
TXN_020683,Card,Android,Tier 1,4G,19,134.07,low,0,0
TXN_020684,UPI,Android,Tier 2,4G,15,225.7,low,0,1
TXN_020685,UPI,Desktop,Tier 1,4G,3,943.81,med,0,1
TXN_020686,UPI,Android,Tier 1,Wifi,6,2733.54,high,0,1
TXN_020687,UPI,Android,Tier 1,5G,10,14519.77,ultra_high,0,1
TXN_020688,Netbanking,Android,Tier 1,4G,19,8496.69,high,0,1
TXN_020689,UPI,Android,Tier 1,Wifi,23,586.71,med,2,1
TXN_020690,Card,iOS,Tier 1,4G,16,211.99,low,0,0
TXN_020691,UPI,Desktop,Tier 1,Wifi,18,2094.67,high,0,1
TXN_020692,PayLater,iOS,Tier 1,5G,9,725.61,med,0,1
TXN_020693,UPI,iOS,Tier 3,5G,14,831.93,med,0,1
TXN_020694,Wallet,iOS,Tier 3,Wifi,5,637.32,med,0,1
TXN_020695,Netbanking,iOS,Tier 1,5G,12,433.59,low,0,1
TXN_020696,PayLater,Android,Tier 1,Wifi,2,2146.52,high,1,1
TXN_020697,UPI,Desktop,Tier 2,Wifi,7,2761.96,high,0,1
TXN_020698,Card,Android,Tier 3,4G,6,793.79,med,0,1
TXN_020699,UPI,Desktop,Tier 3,4G,4,1378.13,med,0,1
TXN_020700,UPI,Android,Tier 1,4G,17,370.01,low,3,1
TXN_020701,UPI,Android,Tier 2,4G,20,632.18,med,0,1
TXN_020702,UPI,iOS,Tier 2,4G,15,471.7,low,0,1
TXN_020703,PayLater,Desktop,Tier 3,4G,8,1561.41,med,2,1
TXN_020704,UPI,iOS,Tier 1,4G,10,786.48,med,0,1
TXN_020705,Card,Android,Tier 2,5G,20,1243.82,med,0,1
TXN_020706,Card,Android,Tier 1,Wifi,18,392.49,low,0,1
TXN_020707,UPI,Android,Tier 1,4G,13,10499.89,ultra_high,0,1
TXN_020708,Card,Android,Tier 2,4G,6,672.85,med,1,0
TXN_020709,UPI,Android,Tier 1,4G,11,147.17,low,1,1
TXN_020710,Card,Android,Tier 2,Wifi,18,3264.49,high,0,1
TXN_020711,UPI,Android,Tier 2,4G,7,149.78,low,0,1
TXN_020712,Wallet,Desktop,Tier 3,3G,20,333.03,low,0,1
TXN_020713,Netbanking,Desktop,Tier 1,Wifi,4,1014.0,med,1,1
TXN_020714,PayLater,Android,Tier 1,Wifi,5,462.7,low,0,1
TXN_020715,UPI,Android,Tier 1,4G,10,651.07,med,1,1
TXN_020716,UPI,Android,Tier 2,4G,21,577.38,med,0,1
TXN_020717,UPI,Android,Tier 2,3G,2,597.92,med,0,1
TXN_020718,UPI,Android,Tier 1,4G,10,100.64,low,2,0
TXN_020719,UPI,Android,Tier 2,5G,22,2213.5,high,0,1
TXN_020720,Card,Android,Tier 2,4G,11,1175.45,med,0,0
TXN_020721,UPI,Android,Tier 1,4G,0,1093.39,med,1,1
TXN_020722,UPI,Android,Tier 2,Wifi,3,701.7,med,0,1
TXN_020723,Wallet,Android,Tier 2,5G,19,455.04,low,0,1
TXN_020724,Card,Android,Tier 3,5G,0,1453.89,med,1,0
TXN_020725,UPI,iOS,Tier 2,5G,5,3764.93,high,1,1
TXN_020726,UPI,Android,Tier 1,5G,1,1862.69,med,0,1
TXN_020727,UPI,Android,Tier 2,Wifi,12,8376.93,high,0,1
TXN_020728,UPI,Android,Tier 2,3G,15,571.83,med,0,1
TXN_020729,Card,Android,Tier 1,3G,10,666.81,med,0,0
TXN_020730,UPI,Android,Tier 3,Wifi,13,3895.04,high,1,1
TXN_020731,Netbanking,Android,Tier 1,4G,5,343.77,low,0,0
TXN_020732,Netbanking,Android,Tier 2,4G,15,1335.32,med,0,1
TXN_020733,Card,Android,Tier 3,4G,16,2445.67,high,2,1
TXN_020734,UPI,iOS,Tier 2,4G,9,4473.91,high,0,1
TXN_020735,UPI,Android,Tier 2,4G,20,330.7,low,0,1
TXN_020736,Netbanking,Android,Tier 1,4G,21,905.39,med,0,1
TXN_020737,UPI,Android,Tier 1,4G,12,902.59,med,1,1
TXN_020738,UPI,Android,Tier 2,4G,12,89.59,low,0,1
TXN_020739,UPI,iOS,Tier 2,5G,1,358.14,low,1,1
TXN_020740,UPI,Android,Tier 1,4G,0,1561.13,med,0,1
TXN_020741,Netbanking,Android,Tier 3,5G,22,4939.79,high,0,1
TXN_020742,UPI,Android,Tier 1,4G,0,986.04,med,0,1
TXN_020743,UPI,Android,Tier 2,5G,6,300.45,low,0,1
TXN_020744,UPI,Android,Tier 2,Wifi,12,391.24,low,0,1
TXN_020745,Card,Android,Tier 2,4G,16,131.41,low,0,1
TXN_020746,Wallet,iOS,Tier 2,3G,8,4361.61,high,4,1
TXN_020747,Netbanking,Android,Tier 1,5G,12,3544.4,high,1,0
TXN_020748,UPI,Android,Tier 3,4G,15,183.8,low,2,1
TXN_020749,UPI,Android,Tier 2,4G,4,5478.24,high,1,1
TXN_020750,UPI,iOS,Tier 2,Wifi,21,2358.05,high,0,1
TXN_020751,Card,Desktop,Tier 2,5G,6,893.37,med,0,1
TXN_020752,Card,iOS,Tier 1,4G,0,220.84,low,1,1
TXN_020753,Card,iOS,Tier 3,Wifi,7,499.38,low,0,1
TXN_020754,UPI,Desktop,Tier 2,Wifi,5,1384.05,med,0,1
TXN_020755,Card,Android,Tier 2,5G,11,311.81,low,3,0
TXN_020756,UPI,iOS,Tier 2,Wifi,1,370.83,low,0,1
TXN_020757,Netbanking,Desktop,Tier 3,5G,0,223.89,low,1,0
TXN_020758,UPI,Android,Tier 1,4G,14,758.26,med,0,1
TXN_020759,Card,Android,Tier 3,5G,16,311.16,low,0,0
TXN_020760,UPI,iOS,Tier 1,Wifi,19,817.71,med,0,1
TXN_020761,UPI,Desktop,Tier 2,4G,2,1801.8,med,0,1
TXN_020762,Card,iOS,Tier 1,4G,5,1510.18,med,3,1
TXN_020763,UPI,iOS,Tier 1,4G,15,5798.24,high,1,0
TXN_020764,Netbanking,Desktop,Tier 1,4G,9,1443.81,med,0,1
TXN_020765,Card,Android,Tier 1,4G,12,737.87,med,3,0
TXN_020766,Card,Android,Tier 1,Wifi,7,5795.23,high,0,1
TXN_020767,UPI,Android,Tier 2,Wifi,16,1017.14,med,0,1
TXN_020768,UPI,Android,Tier 1,4G,6,618.34,med,0,1
TXN_020769,Card,Android,Tier 2,5G,23,536.41,med,0,1
TXN_020770,UPI,Android,Tier 1,5G,4,5631.7,high,0,0
TXN_020771,Card,Android,Tier 1,4G,7,652.01,med,0,1
TXN_020772,UPI,Desktop,Tier 2,4G,0,795.51,med,0,1
TXN_020773,UPI,Android,Tier 1,4G,1,1820.42,med,0,1
TXN_020774,UPI,iOS,Tier 1,5G,3,525.47,med,0,1
TXN_020775,UPI,Desktop,Tier 3,4G,0,930.78,med,0,1
TXN_020776,UPI,Android,Tier 1,4G,20,462.38,low,0,1
TXN_020777,Card,Android,Tier 2,4G,9,884.15,med,0,1
TXN_020778,Netbanking,iOS,Tier 1,Wifi,2,933.57,med,0,1
TXN_020779,UPI,Android,Tier 3,5G,1,640.22,med,0,1
TXN_020780,PayLater,Android,Tier 1,4G,6,2646.23,high,0,1
TXN_020781,UPI,Android,Tier 3,Wifi,1,2494.82,high,1,1
TXN_020782,Wallet,Android,Tier 1,4G,5,9698.31,high,2,0
TXN_020783,Card,Android,Tier 1,5G,7,112.35,low,0,1
TXN_020784,Card,Android,Tier 2,4G,2,381.85,low,0,0
TXN_020785,UPI,Android,Tier 2,4G,20,1061.23,med,1,0
TXN_020786,UPI,Android,Tier 1,Wifi,18,1271.01,med,3,0
TXN_020787,UPI,Desktop,Tier 1,Wifi,8,4787.2,high,3,1
TXN_020788,Card,Android,Tier 3,4G,0,110.3,low,2,0
TXN_020789,UPI,Desktop,Tier 1,4G,7,3193.29,high,1,1
TXN_020790,Netbanking,iOS,Tier 2,4G,5,400.98,low,0,0
TXN_020791,UPI,iOS,Tier 2,5G,22,257.86,low,0,1
TXN_020792,Netbanking,Android,Tier 2,4G,1,1156.67,med,1,1
TXN_020793,UPI,Android,Tier 1,5G,22,817.24,med,0,1
TXN_020794,UPI,iOS,Tier 2,Wifi,13,23286.66,ultra_high,0,1
TXN_020795,UPI,Desktop,Tier 1,4G,0,2122.3,high,1,1
TXN_020796,UPI,Android,Tier 1,Wifi,6,2316.7,high,0,0
TXN_020797,UPI,Android,Tier 2,4G,10,656.68,med,1,1
TXN_020798,Netbanking,iOS,Tier 3,5G,15,715.91,med,0,1
TXN_020799,UPI,Android,Tier 1,Wifi,23,175.48,low,2,0
TXN_020800,UPI,Android,Tier 1,4G,1,1523.74,med,0,1
TXN_020801,Netbanking,iOS,Tier 2,4G,17,163.08,low,0,1
TXN_020802,UPI,Android,Tier 1,Wifi,18,245.87,low,0,1
TXN_020803,Wallet,Android,Tier 2,4G,9,1061.95,med,1,1
TXN_020804,PayLater,Desktop,Tier 3,5G,3,460.16,low,0,1
TXN_020805,UPI,Android,Tier 3,4G,23,349.68,low,0,1
TXN_020806,UPI,Android,Tier 1,4G,2,476.7,low,3,0
TXN_020807,UPI,Android,Tier 2,5G,12,1753.7,med,0,1
TXN_020808,Netbanking,Android,Tier 3,5G,5,1930.3,med,0,1
TXN_020809,Card,iOS,Tier 1,4G,9,218.43,low,0,1
TXN_020810,Card,Android,Tier 2,5G,7,1692.06,med,2,1
TXN_020811,Netbanking,Android,Tier 1,4G,9,2563.87,high,1,0
TXN_020812,UPI,Android,Tier 1,4G,1,11183.7,ultra_high,0,1
TXN_020813,Netbanking,Android,Tier 3,4G,19,1684.23,med,0,1
TXN_020814,Card,Android,Tier 2,5G,14,73.96,low,2,1
TXN_020815,Card,Android,Tier 1,4G,0,2040.85,high,0,1
TXN_020816,Wallet,Android,Tier 3,5G,10,3399.35,high,0,0
TXN_020817,Card,Android,Tier 2,5G,23,3478.78,high,0,0
TXN_020818,UPI,Android,Tier 3,4G,0,4861.59,high,2,1
TXN_020819,UPI,Desktop,Tier 1,5G,21,4705.5,high,1,1
TXN_020820,UPI,Android,Tier 1,Wifi,15,921.46,med,0,1
TXN_020821,UPI,Android,Tier 1,4G,11,1129.77,med,0,1
TXN_020822,PayLater,Android,Tier 2,Wifi,11,383.8,low,2,1
TXN_020823,UPI,iOS,Tier 1,4G,18,248.46,low,1,1
TXN_020824,Card,Android,Tier 1,5G,12,310.02,low,0,0
TXN_020825,UPI,Desktop,Tier 3,5G,7,2747.15,high,2,1
TXN_020826,UPI,Android,Tier 3,5G,1,323.7,low,0,1
TXN_020827,Wallet,iOS,Tier 2,Wifi,18,1186.94,med,1,1
TXN_020828,Netbanking,Android,Tier 3,4G,13,1693.93,med,0,1
TXN_020829,UPI,iOS,Tier 3,4G,22,1879.49,med,0,1
TXN_020830,UPI,iOS,Tier 2,4G,0,5007.45,high,0,1
TXN_020831,UPI,Android,Tier 2,5G,8,1586.94,med,0,1
TXN_020832,UPI,Android,Tier 3,Wifi,18,1121.68,med,0,1
TXN_020833,UPI,Android,Tier 2,4G,13,6281.25,high,0,1
TXN_020834,UPI,Android,Tier 1,4G,3,314.81,low,1,1
TXN_020835,PayLater,iOS,Tier 1,5G,1,946.8,med,0,1
TXN_020836,Card,Android,Tier 2,4G,9,700.6,med,0,1
TXN_020837,Wallet,Android,Tier 3,4G,14,1584.94,med,0,1
TXN_020838,Card,Android,Tier 2,4G,0,1528.68,med,0,1
TXN_020839,UPI,Android,Tier 3,5G,10,181.9,low,0,0
TXN_020840,Netbanking,Desktop,Tier 2,4G,15,164.6,low,0,1
TXN_020841,UPI,iOS,Tier 1,4G,12,294.83,low,0,1
TXN_020842,Netbanking,Android,Tier 2,5G,7,929.15,med,0,1
TXN_020843,UPI,iOS,Tier 1,Wifi,8,212.36,low,0,1
TXN_020844,UPI,iOS,Tier 2,4G,14,137.85,low,0,1
TXN_020845,Netbanking,Android,Tier 3,5G,4,308.02,low,0,1
TXN_020846,Card,iOS,Tier 2,5G,20,562.6,med,0,0
TXN_020847,Wallet,Android,Tier 3,Wifi,20,335.7,low,0,1
TXN_020848,Wallet,Android,Tier 1,5G,21,1646.53,med,0,1
TXN_020849,UPI,Android,Tier 2,5G,19,1735.74,med,2,1
TXN_020850,UPI,Android,Tier 1,5G,17,5704.99,high,0,1
TXN_020851,UPI,Android,Tier 2,4G,1,1529.17,med,0,1
TXN_020852,Card,Android,Tier 2,5G,21,303.66,low,0,1
TXN_020853,Netbanking,Android,Tier 2,5G,4,1232.86,med,0,0
TXN_020854,UPI,Android,Tier 1,4G,19,898.46,med,0,1
TXN_020855,Card,iOS,Tier 1,4G,15,2350.26,high,1,1
TXN_020856,Card,Android,Tier 2,4G,15,1782.73,med,1,1
TXN_020857,UPI,Android,Tier 2,4G,21,1393.59,med,0,1
TXN_020858,Netbanking,Android,Tier 2,5G,3,4214.6,high,3,1
TXN_020859,Card,Android,Tier 2,Wifi,19,4964.4,high,1,1
TXN_020860,Wallet,Android,Tier 3,4G,21,353.59,low,3,1
TXN_020861,UPI,Android,Tier 3,4G,10,243.35,low,0,1
TXN_020862,UPI,Android,Tier 1,3G,19,157.48,low,0,0
TXN_020863,UPI,Android,Tier 1,5G,15,1848.28,med,0,1
TXN_020864,UPI,Android,Tier 2,Wifi,22,256.18,low,0,1
TXN_020865,PayLater,Android,Tier 1,4G,11,528.39,med,0,1
TXN_020866,UPI,iOS,Tier 1,Wifi,5,2078.58,high,2,1
TXN_020867,Netbanking,Android,Tier 1,Wifi,15,4471.27,high,0,1
TXN_020868,UPI,iOS,Tier 1,4G,18,540.83,med,0,0
TXN_020869,UPI,Android,Tier 2,4G,10,6971.55,high,0,1
TXN_020870,UPI,Android,Tier 1,4G,11,666.63,med,0,1
TXN_020871,Card,Android,Tier 1,4G,3,6938.03,high,0,1
TXN_020872,Card,Android,Tier 3,3G,12,247.83,low,0,0
TXN_020873,UPI,Android,Tier 3,4G,1,1005.34,med,0,1
TXN_020874,Wallet,iOS,Tier 3,5G,18,633.56,med,0,1
TXN_020875,UPI,Android,Tier 1,Wifi,10,2386.84,high,1,1
TXN_020876,UPI,Android,Tier 1,4G,0,507.97,med,1,1
TXN_020877,UPI,Android,Tier 1,5G,8,2164.13,high,2,1
TXN_020878,UPI,iOS,Tier 1,4G,9,1760.03,med,0,1
TXN_020879,Wallet,Desktop,Tier 1,4G,2,6040.47,high,0,1
TXN_020880,UPI,Android,Tier 3,3G,7,206.51,low,1,1
TXN_020881,UPI,Android,Tier 3,4G,15,1717.66,med,0,1
TXN_020882,UPI,Android,Tier 3,4G,3,6400.29,high,0,1
TXN_020883,Card,iOS,Tier 2,Wifi,10,2108.27,high,0,1
TXN_020884,UPI,Desktop,Tier 2,5G,7,4360.35,high,0,0
TXN_020885,Card,iOS,Tier 2,5G,6,253.02,low,1,1
TXN_020886,UPI,Android,Tier 3,Wifi,19,153.18,low,0,1
TXN_020887,UPI,Android,Tier 2,4G,14,2213.93,high,0,1
TXN_020888,Netbanking,iOS,Tier 1,5G,22,2250.64,high,0,1
TXN_020889,UPI,Android,Tier 1,Wifi,7,209.57,low,0,1
TXN_020890,Netbanking,iOS,Tier 2,4G,9,690.45,med,1,1
TXN_020891,UPI,Android,Tier 1,5G,18,613.6,med,0,1
TXN_020892,Netbanking,Android,Tier 3,4G,4,904.58,med,3,1
TXN_020893,UPI,Android,Tier 2,4G,2,651.71,med,1,1
TXN_020894,Card,iOS,Tier 2,4G,6,959.99,med,0,1
TXN_020895,UPI,Android,Tier 1,5G,5,5396.37,high,0,1
TXN_020896,UPI,Android,Tier 2,Wifi,16,2335.68,high,0,1
TXN_020897,UPI,Android,Tier 2,5G,9,489.48,low,0,1
TXN_020898,UPI,Android,Tier 2,Wifi,20,9423.78,high,0,1
TXN_020899,UPI,Android,Tier 1,4G,19,742.76,med,0,1
TXN_020900,UPI,Android,Tier 3,4G,14,1014.71,med,1,1
TXN_020901,Card,Android,Tier 2,3G,1,906.88,med,3,0
TXN_020902,Netbanking,Desktop,Tier 2,Wifi,0,663.43,med,0,1
TXN_020903,Card,Desktop,Tier 3,4G,11,799.18,med,0,1
TXN_020904,Card,Android,Tier 3,5G,12,115.45,low,2,0
TXN_020905,UPI,iOS,Tier 1,4G,11,479.68,low,0,1
TXN_020906,UPI,Android,Tier 3,4G,11,16657.79,ultra_high,0,1
TXN_020907,UPI,Desktop,Tier 1,Wifi,6,1299.02,med,0,1
TXN_020908,Netbanking,iOS,Tier 2,5G,6,747.91,med,0,0
TXN_020909,UPI,Android,Tier 1,4G,5,3019.55,high,1,1
TXN_020910,UPI,Android,Tier 2,4G,12,525.08,med,0,1
TXN_020911,Card,Android,Tier 2,4G,20,1977.95,med,0,0
TXN_020912,UPI,iOS,Tier 2,Wifi,8,5266.87,high,0,0
TXN_020913,Wallet,Android,Tier 2,4G,15,1217.85,med,1,1
TXN_020914,Netbanking,Android,Tier 2,Wifi,1,115.63,low,0,1
TXN_020915,UPI,Android,Tier 1,Wifi,10,529.5,med,0,1
TXN_020916,UPI,Desktop,Tier 3,4G,2,1681.62,med,0,1
TXN_020917,UPI,Desktop,Tier 2,Wifi,8,1687.6,med,2,1
TXN_020918,Card,Android,Tier 2,5G,11,2182.53,high,0,1
TXN_020919,UPI,iOS,Tier 3,4G,1,142.06,low,0,1
TXN_020920,Card,iOS,Tier 1,4G,18,1477.83,med,1,0
TXN_020921,Card,iOS,Tier 2,3G,5,652.67,med,1,0
TXN_020922,UPI,Android,Tier 2,4G,22,715.32,med,0,1
TXN_020923,UPI,Android,Tier 1,5G,17,395.26,low,1,1
TXN_020924,Netbanking,Android,Tier 1,4G,12,2704.7,high,0,1
TXN_020925,UPI,Android,Tier 3,4G,13,1421.62,med,0,1
TXN_020926,Netbanking,Android,Tier 1,Wifi,7,1927.73,med,1,1
TXN_020927,UPI,Android,Tier 2,Wifi,8,3059.16,high,1,1
TXN_020928,Card,Android,Tier 2,4G,12,323.84,low,0,1
TXN_020929,Wallet,Android,Tier 2,4G,16,2825.65,high,0,0
TXN_020930,Netbanking,Android,Tier 2,5G,5,2961.21,high,0,0
TXN_020931,UPI,Android,Tier 3,4G,19,684.84,med,0,1
TXN_020932,UPI,iOS,Tier 1,Wifi,9,2968.87,high,0,1
TXN_020933,Netbanking,Desktop,Tier 2,4G,10,764.32,med,4,1
TXN_020934,UPI,Android,Tier 2,Wifi,9,120.57,low,0,1
TXN_020935,UPI,iOS,Tier 1,5G,20,1362.63,med,0,1
TXN_020936,Wallet,Android,Tier 3,4G,5,311.44,low,0,1
TXN_020937,UPI,iOS,Tier 3,4G,5,866.8,med,0,1
TXN_020938,UPI,Android,Tier 1,4G,14,5295.67,high,0,1
TXN_020939,UPI,Android,Tier 2,4G,6,784.57,med,0,1
TXN_020940,Card,Android,Tier 2,5G,11,5476.33,high,0,1
TXN_020941,Card,Android,Tier 2,4G,19,521.19,med,0,1
TXN_020942,UPI,Android,Tier 3,5G,8,1586.92,med,0,1
TXN_020943,UPI,Android,Tier 2,5G,0,1298.87,med,0,1
TXN_020944,UPI,Android,Tier 2,4G,23,749.06,med,0,1
TXN_020945,Card,iOS,Tier 1,4G,15,745.03,med,0,1
TXN_020946,UPI,Android,Tier 2,5G,17,268.51,low,0,1
TXN_020947,Wallet,Android,Tier 2,4G,22,1698.62,med,0,1
TXN_020948,UPI,Android,Tier 2,5G,6,3252.78,high,0,1
TXN_020949,PayLater,iOS,Tier 2,4G,17,53.79,low,3,0
TXN_020950,UPI,Android,Tier 1,4G,7,2511.84,high,0,1
TXN_020951,Netbanking,Android,Tier 1,4G,21,243.33,low,0,1
TXN_020952,UPI,Android,Tier 2,4G,14,3043.73,high,1,1
TXN_020953,UPI,Android,Tier 2,5G,5,267.08,low,0,1
TXN_020954,Wallet,Android,Tier 2,4G,20,1116.43,med,0,1
TXN_020955,Netbanking,Android,Tier 2,4G,11,106.69,low,0,1
TXN_020956,UPI,Android,Tier 1,5G,14,368.09,low,0,1
TXN_020957,Card,Android,Tier 1,4G,23,3878.39,high,3,0
TXN_020958,Card,Android,Tier 1,4G,14,1814.25,med,0,0
TXN_020959,Netbanking,Android,Tier 3,Wifi,9,1702.5,med,0,1
TXN_020960,UPI,Android,Tier 1,4G,8,871.03,med,0,1
TXN_020961,UPI,Desktop,Tier 2,Wifi,13,1118.81,med,0,1
TXN_020962,UPI,Android,Tier 2,4G,20,5425.58,high,0,1
TXN_020963,UPI,iOS,Tier 3,4G,13,769.77,med,0,1
TXN_020964,Wallet,Android,Tier 3,Wifi,16,914.96,med,0,1
TXN_020965,UPI,Android,Tier 3,5G,10,3389.8,high,0,1
TXN_020966,UPI,iOS,Tier 2,4G,5,860.69,med,1,0
TXN_020967,Card,Android,Tier 2,5G,11,554.66,med,0,0
TXN_020968,Card,Android,Tier 2,4G,16,659.14,med,1,1
TXN_020969,UPI,Android,Tier 3,5G,4,727.38,med,0,1
TXN_020970,UPI,Android,Tier 3,5G,5,243.74,low,0,1
TXN_020971,Wallet,iOS,Tier 2,4G,2,129.09,low,0,1
TXN_020972,UPI,Android,Tier 2,4G,0,862.3,med,0,1
TXN_020973,Card,Android,Tier 2,5G,17,1386.75,med,0,1
TXN_020974,Card,Android,Tier 2,4G,13,2486.65,high,0,1
TXN_020975,UPI,Desktop,Tier 2,4G,11,258.42,low,2,1
TXN_020976,Wallet,iOS,Tier 3,4G,11,5332.94,high,0,0
TXN_020977,Card,Android,Tier 2,5G,10,100.72,low,0,1
TXN_020978,UPI,Android,Tier 1,5G,18,2241.52,high,0,1
TXN_020979,Card,iOS,Tier 3,4G,2,935.26,med,0,1
TXN_020980,Card,iOS,Tier 1,Wifi,1,740.15,med,0,1
TXN_020981,Card,iOS,Tier 1,5G,21,250.73,low,0,1
TXN_020982,Wallet,Desktop,Tier 2,4G,6,728.44,med,0,1
TXN_020983,UPI,Android,Tier 1,3G,20,628.25,med,0,1
TXN_020984,UPI,Android,Tier 1,Wifi,22,3166.91,high,0,1
TXN_020985,UPI,iOS,Tier 1,4G,11,391.7,low,0,1
TXN_020986,UPI,Android,Tier 1,5G,18,435.42,low,1,1
TXN_020987,UPI,Android,Tier 2,5G,20,1480.56,med,0,1
TXN_020988,Wallet,Android,Tier 1,4G,12,597.98,med,0,0
TXN_020989,Card,iOS,Tier 2,4G,18,271.7,low,0,1
TXN_020990,Card,Android,Tier 1,5G,3,97.48,low,0,1
TXN_020991,Card,Android,Tier 2,4G,21,7174.39,high,1,1
TXN_020992,Netbanking,Android,Tier 1,Wifi,11,1153.09,med,0,0
TXN_020993,UPI,Android,Tier 1,4G,3,5797.66,high,0,1
TXN_020994,Wallet,Android,Tier 1,Wifi,12,1184.62,med,0,1
TXN_020995,UPI,Android,Tier 2,Wifi,19,2822.75,high,0,1
TXN_020996,Wallet,iOS,Tier 2,5G,6,7147.03,high,1,0
TXN_020997,Card,iOS,Tier 2,4G,5,2980.94,high,0,0
TXN_020998,UPI,iOS,Tier 3,5G,11,6168.57,high,0,1
TXN_020999,Card,Android,Tier 3,4G,11,5274.12,high,0,1
TXN_021000,UPI,Android,Tier 2,5G,15,315.89,low,1,1
TXN_021001,UPI,Android,Tier 1,4G,12,789.74,med,0,1
TXN_021002,Card,Android,Tier 2,Wifi,16,4222.37,high,2,0
TXN_021003,UPI,Android,Tier 1,4G,7,421.39,low,0,1
TXN_021004,UPI,iOS,Tier 2,5G,0,914.61,med,2,0
TXN_021005,Wallet,Android,Tier 1,Wifi,11,858.47,med,0,1
TXN_021006,Card,Android,Tier 3,5G,19,849.71,med,1,0
TXN_021007,Wallet,Desktop,Tier 3,4G,6,1357.99,med,1,1
TXN_021008,Card,Android,Tier 2,4G,20,877.52,med,0,1
TXN_021009,UPI,Desktop,Tier 2,5G,11,437.65,low,1,1
TXN_021010,UPI,Desktop,Tier 2,4G,18,1523.64,med,0,1
TXN_021011,Card,Android,Tier 1,4G,12,783.66,med,0,1
TXN_021012,PayLater,Android,Tier 3,4G,23,4004.72,high,0,1
TXN_021013,UPI,iOS,Tier 2,5G,9,759.72,med,1,1
TXN_021014,Wallet,Android,Tier 1,4G,1,1862.85,med,0,1
TXN_021015,Wallet,Android,Tier 2,Wifi,2,688.85,med,2,0
TXN_021016,Card,iOS,Tier 1,4G,11,92.12,low,0,1
TXN_021017,Wallet,Android,Tier 1,5G,4,1839.68,med,0,1
TXN_021018,UPI,Android,Tier 2,4G,4,7291.04,high,0,1
TXN_021019,PayLater,Android,Tier 2,Wifi,4,1081.21,med,1,1
TXN_021020,Card,iOS,Tier 2,4G,6,1911.93,med,0,1
TXN_021021,UPI,Android,Tier 2,4G,7,1103.57,med,0,1
TXN_021022,Wallet,Android,Tier 1,4G,23,894.66,med,2,1
TXN_021023,UPI,Android,Tier 2,4G,18,5468.2,high,0,1
TXN_021024,UPI,Android,Tier 1,4G,23,2237.94,high,0,0
TXN_021025,Card,iOS,Tier 3,Wifi,15,668.43,med,0,1
TXN_021026,UPI,Android,Tier 1,4G,9,326.96,low,0,1
TXN_021027,UPI,Android,Tier 1,5G,12,8449.37,high,0,1
TXN_021028,Netbanking,Android,Tier 3,5G,1,1130.05,med,0,0
TXN_021029,UPI,Android,Tier 3,Wifi,3,2694.24,high,0,1
TXN_021030,UPI,Android,Tier 3,4G,1,238.51,low,0,1
TXN_021031,UPI,Android,Tier 1,4G,20,63.24,low,1,1
TXN_021032,UPI,Android,Tier 2,4G,2,298.55,low,0,1
TXN_021033,Card,Android,Tier 2,4G,9,1918.45,med,0,1
TXN_021034,Netbanking,Android,Tier 3,4G,10,444.23,low,0,1
TXN_021035,Wallet,iOS,Tier 1,4G,2,230.49,low,0,1
TXN_021036,Card,iOS,Tier 1,4G,4,918.29,med,0,1
TXN_021037,UPI,Android,Tier 2,5G,19,843.32,med,0,1
TXN_021038,Wallet,Android,Tier 1,4G,5,2813.55,high,0,0
TXN_021039,Netbanking,iOS,Tier 2,4G,20,772.66,med,0,1
TXN_021040,Card,Desktop,Tier 3,4G,12,4506.94,high,0,1
TXN_021041,Card,Android,Tier 2,5G,4,2860.55,high,0,1
TXN_021042,Wallet,Android,Tier 2,5G,2,324.99,low,2,1
TXN_021043,Card,iOS,Tier 3,5G,19,7537.38,high,1,1
TXN_021044,UPI,Android,Tier 1,Wifi,11,5566.82,high,0,1
TXN_021045,Card,Android,Tier 1,5G,2,800.95,med,0,1
TXN_021046,UPI,Android,Tier 2,4G,18,3317.85,high,2,0
TXN_021047,UPI,Android,Tier 1,4G,14,9379.29,high,0,1
TXN_021048,UPI,Android,Tier 1,Wifi,9,2189.43,high,0,1
TXN_021049,UPI,Desktop,Tier 1,Wifi,5,976.44,med,1,1
TXN_021050,UPI,iOS,Tier 3,Wifi,15,950.27,med,1,1
TXN_021051,UPI,Android,Tier 3,5G,14,246.31,low,0,1
TXN_021052,Card,Android,Tier 2,4G,1,3326.14,high,0,1
TXN_021053,Netbanking,Android,Tier 1,Wifi,16,2033.65,high,0,1
TXN_021054,PayLater,Android,Tier 1,4G,15,566.59,med,0,1
TXN_021055,UPI,Android,Tier 1,4G,2,205.56,low,0,1
TXN_021056,Card,Desktop,Tier 1,4G,18,167.31,low,0,1
TXN_021057,Wallet,Android,Tier 1,5G,3,399.0,low,0,1
TXN_021058,UPI,Android,Tier 2,4G,19,960.66,med,1,1
TXN_021059,Card,Android,Tier 2,4G,4,2144.34,high,0,1
TXN_021060,Netbanking,Android,Tier 1,5G,12,3928.56,high,0,1
TXN_021061,UPI,Android,Tier 2,4G,19,2271.84,high,0,1
TXN_021062,Netbanking,Android,Tier 2,4G,1,4013.09,high,0,1
TXN_021063,Netbanking,Android,Tier 2,5G,11,1093.29,med,0,1
TXN_021064,UPI,Android,Tier 1,Wifi,16,860.72,med,0,1
TXN_021065,UPI,Android,Tier 3,4G,9,1085.09,med,0,1
TXN_021066,UPI,Android,Tier 2,5G,22,172.25,low,1,1
TXN_021067,UPI,Android,Tier 1,5G,8,3282.29,high,4,1
TXN_021068,UPI,iOS,Tier 2,4G,8,434.23,low,0,1
TXN_021069,UPI,Android,Tier 2,4G,16,505.08,med,0,1
TXN_021070,UPI,Android,Tier 2,4G,8,633.6,med,0,1
TXN_021071,Wallet,Android,Tier 2,5G,13,7439.19,high,0,0
TXN_021072,UPI,Android,Tier 2,5G,16,331.4,low,1,1
TXN_021073,UPI,iOS,Tier 2,4G,16,987.88,med,0,1
TXN_021074,UPI,Android,Tier 2,5G,1,848.85,med,1,1
TXN_021075,UPI,iOS,Tier 1,Wifi,14,592.42,med,0,1
TXN_021076,UPI,Android,Tier 1,4G,10,2066.76,high,0,1
TXN_021077,UPI,Android,Tier 1,3G,21,169.01,low,0,1
TXN_021078,UPI,iOS,Tier 2,Wifi,4,4246.3,high,0,1
TXN_021079,Netbanking,Android,Tier 1,Wifi,8,948.73,med,0,0
TXN_021080,PayLater,Android,Tier 2,Wifi,8,1055.9,med,0,0
TXN_021081,UPI,iOS,Tier 1,4G,13,3937.63,high,0,0
TXN_021082,UPI,Desktop,Tier 2,4G,7,3378.66,high,4,1
TXN_021083,Card,Android,Tier 2,Wifi,10,470.24,low,0,1
TXN_021084,Card,Android,Tier 1,4G,11,92.46,low,1,1
TXN_021085,UPI,Android,Tier 2,4G,6,944.73,med,0,1
TXN_021086,Wallet,Android,Tier 3,4G,2,762.06,med,0,1
TXN_021087,Card,Android,Tier 1,5G,2,445.6,low,1,1
TXN_021088,UPI,iOS,Tier 3,4G,13,1329.2,med,0,1
TXN_021089,Card,Android,Tier 2,4G,3,1584.36,med,0,1
TXN_021090,PayLater,iOS,Tier 2,Wifi,13,658.47,med,0,1
TXN_021091,Netbanking,Android,Tier 1,4G,13,1260.33,med,1,1
TXN_021092,UPI,Android,Tier 2,5G,2,3512.44,high,0,1
TXN_021093,UPI,Desktop,Tier 2,4G,12,6717.68,high,0,1
TXN_021094,UPI,Android,Tier 2,4G,7,385.86,low,0,0
TXN_021095,UPI,Android,Tier 3,4G,23,3373.96,high,0,1
TXN_021096,Card,Android,Tier 2,5G,5,615.29,med,0,1
TXN_021097,Netbanking,Android,Tier 1,5G,1,303.71,low,0,0
TXN_021098,Card,Android,Tier 1,5G,5,2019.86,high,0,1
TXN_021099,PayLater,Android,Tier 1,4G,19,317.92,low,1,0
TXN_021100,UPI,Android,Tier 3,Wifi,13,140.04,low,0,1
TXN_021101,Wallet,Android,Tier 1,4G,6,676.99,med,0,1
TXN_021102,Netbanking,iOS,Tier 1,4G,16,464.28,low,0,1
TXN_021103,UPI,Android,Tier 1,Wifi,2,1143.44,med,0,1
TXN_021104,Card,Android,Tier 3,4G,13,1072.87,med,0,1
TXN_021105,UPI,Android,Tier 2,5G,23,2322.05,high,0,1
TXN_021106,Netbanking,iOS,Tier 3,4G,0,127.46,low,0,0
TXN_021107,UPI,iOS,Tier 2,4G,11,662.79,med,0,1
TXN_021108,UPI,iOS,Tier 3,5G,2,106.44,low,1,1
TXN_021109,Card,Android,Tier 1,4G,18,1450.78,med,0,1
TXN_021110,Card,Android,Tier 1,4G,11,2638.79,high,0,1
TXN_021111,UPI,Android,Tier 1,4G,23,670.05,med,2,1
TXN_021112,UPI,iOS,Tier 2,4G,13,464.37,low,0,1
TXN_021113,UPI,iOS,Tier 2,Wifi,0,238.18,low,0,1
TXN_021114,Card,Desktop,Tier 1,Wifi,4,4154.24,high,0,0
TXN_021115,Wallet,Android,Tier 1,5G,6,2596.95,high,1,0
TXN_021116,Wallet,Android,Tier 2,4G,19,2243.9,high,0,1
TXN_021117,UPI,Android,Tier 1,4G,18,2174.02,high,0,1
TXN_021118,Netbanking,Android,Tier 2,5G,5,1242.08,med,0,1
TXN_021119,UPI,Android,Tier 1,4G,20,10816.14,ultra_high,0,1
TXN_021120,Card,iOS,Tier 2,4G,17,2347.36,high,2,0
TXN_021121,UPI,Android,Tier 2,Wifi,5,494.0,low,2,0
TXN_021122,UPI,Android,Tier 2,4G,10,129.27,low,0,1
TXN_021123,Card,Android,Tier 1,5G,2,44.52,low,0,1
TXN_021124,UPI,Android,Tier 1,4G,8,618.8,med,0,1
TXN_021125,Card,Android,Tier 3,5G,2,1860.45,med,2,1
TXN_021126,Netbanking,Android,Tier 2,4G,5,2815.68,high,0,0
TXN_021127,UPI,Android,Tier 2,Wifi,23,711.92,med,1,1
TXN_021128,UPI,Android,Tier 2,4G,8,248.65,low,0,1
TXN_021129,Netbanking,iOS,Tier 1,Wifi,7,177.51,low,1,0
TXN_021130,Netbanking,iOS,Tier 3,4G,1,882.04,med,0,0
TXN_021131,UPI,Android,Tier 2,5G,18,1074.35,med,1,1
TXN_021132,UPI,Android,Tier 2,Wifi,23,49.89,low,0,1
TXN_021133,Card,Android,Tier 3,4G,15,916.33,med,0,1
TXN_021134,Card,Desktop,Tier 1,4G,4,2689.06,high,1,1
TXN_021135,UPI,Android,Tier 2,Wifi,9,1071.38,med,1,1
TXN_021136,UPI,Android,Tier 3,4G,19,898.48,med,0,1
TXN_021137,Wallet,iOS,Tier 1,5G,21,1243.42,med,0,1
TXN_021138,Card,Android,Tier 1,4G,11,1613.81,med,0,1
TXN_021139,PayLater,iOS,Tier 2,5G,11,399.41,low,0,1
TXN_021140,Netbanking,Android,Tier 1,4G,5,5337.22,high,0,1
TXN_021141,Wallet,Android,Tier 3,5G,13,1764.69,med,0,1
TXN_021142,UPI,Android,Tier 1,4G,6,941.42,med,0,1
TXN_021143,Netbanking,iOS,Tier 2,4G,20,996.28,med,0,0
TXN_021144,UPI,iOS,Tier 1,4G,0,570.17,med,0,1
TXN_021145,Card,Android,Tier 1,5G,13,5063.56,high,0,1
TXN_021146,UPI,Android,Tier 3,4G,14,4371.08,high,0,0
TXN_021147,UPI,Android,Tier 2,4G,12,949.02,med,0,1
TXN_021148,Netbanking,Desktop,Tier 1,5G,23,1742.66,med,0,1
TXN_021149,Netbanking,Android,Tier 1,4G,0,12063.38,ultra_high,0,1
TXN_021150,UPI,iOS,Tier 2,Wifi,19,1634.5,med,1,1
TXN_021151,Card,Android,Tier 3,5G,18,176.93,low,0,0
TXN_021152,UPI,Android,Tier 2,5G,18,2088.92,high,0,0
TXN_021153,UPI,Android,Tier 2,4G,5,127.11,low,0,1
TXN_021154,Netbanking,Android,Tier 1,5G,23,290.14,low,0,1
TXN_021155,UPI,iOS,Tier 3,4G,4,810.44,med,0,1
TXN_021156,Wallet,Android,Tier 2,Wifi,21,1208.61,med,1,1
TXN_021157,UPI,Android,Tier 2,4G,21,3312.39,high,1,1
TXN_021158,Card,Android,Tier 2,4G,16,10109.45,ultra_high,0,1
TXN_021159,Card,Android,Tier 2,4G,14,1140.31,med,0,0
TXN_021160,UPI,Desktop,Tier 3,3G,6,1303.63,med,0,1
TXN_021161,UPI,Android,Tier 2,5G,16,2035.34,high,1,1
TXN_021162,Netbanking,iOS,Tier 3,4G,11,338.46,low,2,1
TXN_021163,Netbanking,Android,Tier 2,3G,6,319.15,low,1,1
TXN_021164,UPI,iOS,Tier 2,4G,12,495.62,low,0,1
TXN_021165,UPI,Desktop,Tier 3,5G,7,808.96,med,0,1
TXN_021166,UPI,Android,Tier 1,5G,3,273.84,low,1,1
TXN_021167,UPI,iOS,Tier 2,Wifi,7,584.16,med,1,1
TXN_021168,UPI,Android,Tier 2,4G,21,1634.58,med,0,1
TXN_021169,UPI,Android,Tier 3,4G,15,1798.13,med,1,0
TXN_021170,Netbanking,iOS,Tier 1,5G,15,463.25,low,0,1
TXN_021171,Card,Android,Tier 1,4G,21,330.83,low,4,0
TXN_021172,Wallet,iOS,Tier 1,4G,10,138.62,low,1,1
TXN_021173,Card,iOS,Tier 1,5G,8,1512.35,med,0,0
TXN_021174,Wallet,iOS,Tier 1,5G,21,1241.39,med,0,1
TXN_021175,Card,Android,Tier 2,4G,10,426.17,low,0,0
TXN_021176,Card,Android,Tier 3,4G,4,113.96,low,0,1
TXN_021177,PayLater,Android,Tier 2,4G,9,1634.54,med,0,0
TXN_021178,Card,iOS,Tier 1,5G,5,1433.0,med,0,1
TXN_021179,UPI,Android,Tier 3,5G,15,352.48,low,2,1
TXN_021180,Card,Android,Tier 2,Wifi,11,242.64,low,0,1
TXN_021181,Wallet,Android,Tier 1,5G,7,7541.45,high,0,0
TXN_021182,Netbanking,Android,Tier 1,5G,12,823.1,med,2,1
TXN_021183,Card,Android,Tier 3,4G,12,315.16,low,0,1
TXN_021184,Card,Android,Tier 2,4G,15,1744.52,med,0,1
TXN_021185,PayLater,Android,Tier 2,5G,10,189.73,low,0,1
TXN_021186,UPI,iOS,Tier 1,4G,23,923.04,med,0,1
TXN_021187,Card,Android,Tier 3,3G,7,1508.13,med,0,1
TXN_021188,UPI,Android,Tier 1,Wifi,22,1131.77,med,0,1
TXN_021189,Card,Android,Tier 2,5G,12,874.95,med,0,1
TXN_021190,Card,iOS,Tier 2,4G,0,536.39,med,1,1
TXN_021191,UPI,Android,Tier 1,5G,19,507.22,med,0,1
TXN_021192,UPI,Android,Tier 1,5G,19,4783.17,high,0,1
TXN_021193,Card,Android,Tier 1,5G,18,400.87,low,1,1
TXN_021194,UPI,Android,Tier 1,4G,3,635.12,med,1,1
TXN_021195,UPI,Android,Tier 1,Wifi,1,92.52,low,0,0
TXN_021196,Netbanking,Android,Tier 2,5G,18,8136.18,high,0,1
TXN_021197,UPI,iOS,Tier 2,4G,18,746.43,med,0,1
TXN_021198,UPI,Android,Tier 2,4G,9,1386.42,med,0,1
TXN_021199,Wallet,Android,Tier 2,5G,16,6770.56,high,0,1
TXN_021200,UPI,Android,Tier 3,4G,22,440.64,low,0,1
TXN_021201,UPI,Android,Tier 3,4G,19,256.24,low,2,0
TXN_021202,Card,Desktop,Tier 1,4G,7,1608.87,med,1,1
TXN_021203,Netbanking,Android,Tier 2,Wifi,8,1251.82,med,0,1
TXN_021204,Wallet,iOS,Tier 1,4G,17,8210.76,high,0,1
TXN_021205,Wallet,iOS,Tier 1,4G,1,1220.29,med,0,1
TXN_021206,Netbanking,Android,Tier 2,4G,17,2154.35,high,0,0
TXN_021207,UPI,Desktop,Tier 2,5G,7,1090.79,med,0,1
TXN_021208,UPI,Android,Tier 2,5G,1,335.49,low,0,1
TXN_021209,UPI,Android,Tier 2,Wifi,21,162.37,low,0,1
TXN_021210,UPI,Android,Tier 1,5G,15,2241.82,high,0,1
TXN_021211,Card,Android,Tier 3,5G,4,284.06,low,0,1
TXN_021212,Card,Android,Tier 1,4G,9,1791.35,med,0,1
TXN_021213,UPI,Android,Tier 1,5G,8,960.05,med,1,1
TXN_021214,Netbanking,Android,Tier 1,4G,1,812.37,med,1,0
TXN_021215,UPI,Android,Tier 3,5G,15,609.71,med,0,1
TXN_021216,UPI,Android,Tier 2,4G,15,377.3,low,0,1
TXN_021217,Card,Android,Tier 2,Wifi,16,1466.41,med,1,1
TXN_021218,UPI,Android,Tier 2,5G,1,583.6,med,0,1
TXN_021219,UPI,Android,Tier 2,5G,4,897.55,med,0,1
TXN_021220,UPI,Android,Tier 3,5G,7,5009.42,high,0,1
TXN_021221,UPI,Android,Tier 2,5G,23,1734.92,med,0,1
TXN_021222,Netbanking,Android,Tier 3,4G,1,677.87,med,2,1
TXN_021223,Wallet,Android,Tier 3,4G,11,589.19,med,0,0
TXN_021224,UPI,Android,Tier 2,4G,12,430.0,low,0,1
TXN_021225,UPI,Desktop,Tier 1,4G,15,328.01,low,0,1
TXN_021226,Card,Android,Tier 3,4G,4,1492.38,med,0,1
TXN_021227,Wallet,Android,Tier 2,4G,11,129.92,low,1,1
TXN_021228,UPI,Android,Tier 2,Wifi,14,1495.99,med,0,1
TXN_021229,UPI,Android,Tier 2,5G,1,7847.83,high,0,1
TXN_021230,Netbanking,Android,Tier 2,4G,11,3205.17,high,0,1
TXN_021231,Card,Android,Tier 1,4G,22,241.63,low,0,1
TXN_021232,UPI,Android,Tier 1,4G,9,10725.36,ultra_high,3,1
TXN_021233,Card,Android,Tier 2,4G,7,2272.79,high,0,1
TXN_021234,UPI,iOS,Tier 1,5G,20,238.28,low,0,1
TXN_021235,UPI,Android,Tier 2,4G,10,155.46,low,3,1
TXN_021236,UPI,Android,Tier 2,Wifi,11,420.59,low,0,1
TXN_021237,Wallet,iOS,Tier 1,4G,16,961.23,med,0,0
TXN_021238,UPI,Android,Tier 1,4G,6,1657.82,med,0,1
TXN_021239,UPI,iOS,Tier 3,Wifi,14,489.95,low,0,1
TXN_021240,UPI,Android,Tier 2,4G,18,537.95,med,0,1
TXN_021241,Wallet,Android,Tier 1,4G,1,1366.86,med,1,1
TXN_021242,UPI,Android,Tier 3,4G,5,396.11,low,1,1
TXN_021243,UPI,Desktop,Tier 2,5G,1,1063.38,med,0,1
TXN_021244,UPI,Android,Tier 1,4G,13,2315.21,high,1,1
TXN_021245,Netbanking,Desktop,Tier 1,Wifi,7,840.97,med,0,1
TXN_021246,UPI,Android,Tier 1,Wifi,15,4758.99,high,0,1
TXN_021247,UPI,Android,Tier 3,Wifi,18,797.22,med,0,1
TXN_021248,UPI,Desktop,Tier 2,4G,17,281.1,low,0,1
TXN_021249,Netbanking,Android,Tier 2,3G,23,9154.58,high,1,0
TXN_021250,Card,Desktop,Tier 3,5G,12,2140.37,high,0,1
TXN_021251,Card,Android,Tier 1,4G,5,1002.02,med,0,1
TXN_021252,Wallet,Desktop,Tier 1,4G,3,960.05,med,0,1
TXN_021253,Wallet,Android,Tier 1,5G,20,342.4,low,0,1
TXN_021254,UPI,Android,Tier 1,5G,9,986.39,med,0,1
TXN_021255,PayLater,iOS,Tier 2,4G,14,419.79,low,0,1
TXN_021256,UPI,Android,Tier 2,5G,22,3963.41,high,3,1
TXN_021257,UPI,Android,Tier 1,3G,11,1504.71,med,0,1
TXN_021258,Wallet,Android,Tier 1,4G,19,1151.19,med,0,0
TXN_021259,UPI,Android,Tier 1,4G,11,503.93,med,0,1
TXN_021260,UPI,Desktop,Tier 3,Wifi,6,1035.33,med,2,1
TXN_021261,UPI,Android,Tier 2,4G,5,180.17,low,0,1
TXN_021262,Card,Android,Tier 2,Wifi,4,1869.64,med,0,0
TXN_021263,UPI,Android,Tier 1,5G,18,498.63,low,0,1
TXN_021264,Card,iOS,Tier 2,4G,13,408.3,low,1,0
TXN_021265,Wallet,Android,Tier 1,4G,0,8196.55,high,1,1
TXN_021266,Card,Android,Tier 3,4G,23,2014.89,high,0,1
TXN_021267,UPI,Android,Tier 2,4G,10,222.15,low,3,1
TXN_021268,Wallet,Android,Tier 2,5G,22,3195.68,high,1,1
TXN_021269,UPI,iOS,Tier 2,4G,21,107.91,low,0,1
TXN_021270,UPI,Android,Tier 2,5G,3,319.99,low,0,1
TXN_021271,UPI,Android,Tier 1,5G,20,1449.04,med,1,1
TXN_021272,Card,Android,Tier 1,5G,13,887.63,med,0,1
TXN_021273,UPI,iOS,Tier 2,3G,20,414.71,low,0,1
TXN_021274,UPI,Android,Tier 1,5G,17,1228.91,med,0,1
TXN_021275,UPI,Android,Tier 1,Wifi,5,474.25,low,0,1
TXN_021276,UPI,Android,Tier 2,4G,4,1123.81,med,0,1
TXN_021277,Card,iOS,Tier 3,5G,16,1591.22,med,2,0
TXN_021278,Netbanking,Android,Tier 3,5G,6,4949.36,high,0,1
TXN_021279,Netbanking,Android,Tier 1,Wifi,10,1748.41,med,0,1
TXN_021280,UPI,Android,Tier 1,5G,13,738.22,med,0,1
TXN_021281,UPI,Android,Tier 2,4G,1,1488.18,med,0,1
TXN_021282,PayLater,Desktop,Tier 3,4G,21,109.76,low,0,1
TXN_021283,UPI,Android,Tier 3,4G,16,5695.4,high,0,0
TXN_021284,Wallet,Desktop,Tier 3,4G,1,1282.75,med,1,1
TXN_021285,UPI,Android,Tier 2,4G,14,41259.74,ultra_high,1,1
TXN_021286,Wallet,Android,Tier 1,Wifi,6,1281.62,med,0,1
TXN_021287,UPI,Android,Tier 1,4G,2,1318.2,med,0,1
TXN_021288,UPI,Desktop,Tier 1,4G,22,142.81,low,0,1
TXN_021289,Card,Android,Tier 2,Wifi,5,371.57,low,0,1
TXN_021290,Card,iOS,Tier 1,4G,20,898.72,med,0,1
TXN_021291,UPI,Android,Tier 2,3G,8,562.56,med,0,0
TXN_021292,Card,Android,Tier 2,4G,9,7685.4,high,0,0
TXN_021293,Card,iOS,Tier 1,4G,20,1211.02,med,2,0
TXN_021294,UPI,Desktop,Tier 3,4G,20,725.33,med,0,1
TXN_021295,UPI,Android,Tier 2,3G,7,1883.77,med,0,1
TXN_021296,UPI,Android,Tier 3,Wifi,6,599.88,med,1,1
TXN_021297,UPI,Android,Tier 3,Wifi,0,1743.45,med,0,1
TXN_021298,Card,Android,Tier 1,4G,9,200.38,low,0,0
TXN_021299,UPI,Android,Tier 1,3G,17,5414.02,high,0,1
TXN_021300,UPI,Android,Tier 1,Wifi,15,1436.96,med,0,1
TXN_021301,UPI,Android,Tier 2,4G,3,1578.61,med,0,1
TXN_021302,UPI,Android,Tier 2,5G,8,484.57,low,0,1
TXN_021303,UPI,Desktop,Tier 3,3G,22,2847.99,high,1,1
TXN_021304,UPI,Android,Tier 1,4G,17,187.6,low,0,1
TXN_021305,UPI,Android,Tier 2,4G,10,495.99,low,0,1
TXN_021306,PayLater,Desktop,Tier 3,Wifi,11,1449.43,med,2,1
TXN_021307,UPI,Android,Tier 2,4G,7,825.19,med,0,1
TXN_021308,Card,Android,Tier 1,3G,0,267.74,low,0,1
TXN_021309,UPI,Android,Tier 2,5G,7,699.67,med,1,1
TXN_021310,UPI,Android,Tier 1,4G,4,495.95,low,0,1
TXN_021311,UPI,Android,Tier 1,4G,0,404.52,low,0,1
TXN_021312,UPI,Android,Tier 1,5G,2,5549.38,high,1,1
TXN_021313,PayLater,Android,Tier 1,4G,12,389.54,low,0,0
TXN_021314,Wallet,Android,Tier 3,4G,15,243.14,low,0,1
TXN_021315,Netbanking,Desktop,Tier 1,4G,22,253.11,low,0,1
TXN_021316,Card,Android,Tier 2,5G,11,511.73,med,3,0
TXN_021317,UPI,Android,Tier 1,Wifi,6,1049.25,med,0,1
TXN_021318,UPI,Android,Tier 1,5G,7,1452.08,med,0,1
TXN_021319,Wallet,Android,Tier 1,5G,10,7613.79,high,0,1
TXN_021320,Card,Android,Tier 1,4G,12,81.45,low,4,1
TXN_021321,Card,Android,Tier 1,5G,10,204.33,low,0,1
TXN_021322,UPI,Android,Tier 2,5G,3,382.91,low,2,1
TXN_021323,UPI,Android,Tier 3,5G,5,359.5,low,0,1
TXN_021324,Wallet,Android,Tier 1,Wifi,22,163.11,low,0,0
TXN_021325,UPI,Android,Tier 1,5G,23,897.08,med,1,1
TXN_021326,UPI,iOS,Tier 1,3G,18,9018.53,high,0,1
TXN_021327,UPI,Android,Tier 3,Wifi,20,2548.47,high,0,1
TXN_021328,Netbanking,Android,Tier 2,4G,7,282.36,low,0,1
TXN_021329,UPI,Android,Tier 3,5G,5,793.08,med,0,1
TXN_021330,Netbanking,Android,Tier 1,Wifi,16,765.18,med,1,0
TXN_021331,UPI,Android,Tier 1,Wifi,17,1556.62,med,4,1
TXN_021332,Wallet,iOS,Tier 1,4G,2,830.89,med,3,1
TXN_021333,Card,Android,Tier 3,5G,11,507.97,med,1,0
TXN_021334,UPI,Desktop,Tier 1,4G,14,8162.62,high,2,1
TXN_021335,Card,Desktop,Tier 2,4G,6,618.09,med,2,0
TXN_021336,UPI,Android,Tier 2,Wifi,12,484.85,low,0,1
TXN_021337,UPI,iOS,Tier 2,Wifi,9,6137.62,high,0,1
TXN_021338,Netbanking,Android,Tier 1,5G,18,1137.6,med,0,1
TXN_021339,UPI,Android,Tier 2,4G,8,1277.79,med,0,1
TXN_021340,UPI,Android,Tier 1,Wifi,11,5997.82,high,1,1
TXN_021341,UPI,Android,Tier 3,4G,10,1141.36,med,2,1
TXN_021342,UPI,Desktop,Tier 1,4G,23,402.81,low,0,1
TXN_021343,Wallet,iOS,Tier 1,4G,7,1654.55,med,0,1
TXN_021344,UPI,iOS,Tier 1,4G,8,73.66,low,0,1
TXN_021345,PayLater,Android,Tier 3,5G,3,14662.97,ultra_high,1,1
TXN_021346,Wallet,Android,Tier 1,4G,19,193.1,low,2,1
TXN_021347,UPI,Android,Tier 2,4G,4,873.83,med,0,1
TXN_021348,UPI,Android,Tier 1,Wifi,6,1432.36,med,0,1
TXN_021349,Netbanking,Android,Tier 1,Wifi,8,51.5,low,0,1
TXN_021350,UPI,Android,Tier 2,4G,3,370.51,low,0,1
TXN_021351,UPI,Android,Tier 1,4G,22,7498.83,high,1,1
TXN_021352,UPI,Android,Tier 2,5G,11,3954.08,high,0,1
TXN_021353,Card,Android,Tier 3,4G,11,5725.38,high,3,1
TXN_021354,Netbanking,Android,Tier 3,4G,5,593.24,med,2,1
TXN_021355,UPI,iOS,Tier 1,4G,12,4119.87,high,0,1
TXN_021356,UPI,Android,Tier 2,Wifi,8,1807.68,med,0,1
TXN_021357,Wallet,Android,Tier 3,3G,8,783.45,med,0,0
TXN_021358,Netbanking,iOS,Tier 2,Wifi,20,1950.23,med,0,0
TXN_021359,Card,Desktop,Tier 1,5G,2,1189.42,med,1,0
TXN_021360,Netbanking,iOS,Tier 2,5G,12,1724.74,med,0,1
TXN_021361,UPI,Android,Tier 3,4G,5,209.05,low,0,1
TXN_021362,Netbanking,Android,Tier 2,5G,17,2551.54,high,1,1
TXN_021363,UPI,Desktop,Tier 3,5G,22,67.13,low,0,1
TXN_021364,UPI,iOS,Tier 2,5G,13,400.19,low,1,1
TXN_021365,Card,Android,Tier 1,4G,22,133.28,low,0,0
TXN_021366,UPI,Android,Tier 1,4G,1,11385.41,ultra_high,0,1
TXN_021367,PayLater,Android,Tier 1,3G,5,50000.0,ultra_high,0,0
TXN_021368,UPI,Android,Tier 1,4G,19,9622.47,high,1,1
TXN_021369,Wallet,Android,Tier 3,4G,6,3913.29,high,0,0
TXN_021370,Wallet,Android,Tier 2,4G,7,287.28,low,0,1
TXN_021371,UPI,Desktop,Tier 2,4G,9,245.85,low,0,1
TXN_021372,Netbanking,Android,Tier 2,4G,12,1134.15,med,2,0
TXN_021373,UPI,Android,Tier 1,4G,0,694.59,med,0,1
TXN_021374,Wallet,Android,Tier 1,5G,4,294.39,low,0,1
TXN_021375,UPI,Android,Tier 3,4G,1,857.41,med,1,1
TXN_021376,Card,Android,Tier 2,5G,3,84.76,low,2,0
TXN_021377,UPI,iOS,Tier 2,4G,23,393.8,low,0,1
TXN_021378,UPI,Android,Tier 3,4G,11,286.13,low,0,1
TXN_021379,UPI,Android,Tier 1,Wifi,4,1796.15,med,0,1
TXN_021380,UPI,iOS,Tier 3,5G,23,208.47,low,0,1
TXN_021381,Netbanking,Android,Tier 3,5G,14,540.24,med,0,1
TXN_021382,Card,Desktop,Tier 1,4G,9,532.51,med,0,1
TXN_021383,Card,Desktop,Tier 1,4G,16,1295.14,med,0,1
TXN_021384,UPI,Desktop,Tier 3,Wifi,13,1225.21,med,4,0
TXN_021385,UPI,Android,Tier 2,4G,6,440.03,low,0,1
TXN_021386,UPI,Android,Tier 1,Wifi,21,1739.52,med,0,1
TXN_021387,Netbanking,Desktop,Tier 2,5G,1,224.67,low,2,1
TXN_021388,PayLater,Android,Tier 2,5G,22,371.46,low,0,1
TXN_021389,UPI,Android,Tier 2,5G,2,654.6,med,1,1
TXN_021390,UPI,iOS,Tier 3,4G,3,5366.9,high,0,1
TXN_021391,UPI,Android,Tier 3,4G,15,4106.19,high,0,1
TXN_021392,Card,iOS,Tier 3,5G,15,73.64,low,0,1
TXN_021393,Card,iOS,Tier 1,Wifi,21,1744.74,med,1,1
TXN_021394,Netbanking,iOS,Tier 2,4G,2,1219.73,med,0,1
TXN_021395,UPI,Android,Tier 1,4G,16,1814.44,med,0,1
TXN_021396,Netbanking,Android,Tier 1,4G,16,280.92,low,0,1
TXN_021397,Card,Android,Tier 3,5G,21,25122.48,ultra_high,0,1
TXN_021398,UPI,Android,Tier 2,4G,19,429.25,low,0,1
TXN_021399,UPI,Android,Tier 3,Wifi,6,986.1,med,1,1
TXN_021400,UPI,Android,Tier 1,5G,7,12831.28,ultra_high,0,1
TXN_021401,UPI,Android,Tier 3,Wifi,18,764.98,med,2,0
TXN_021402,Wallet,Android,Tier 1,Wifi,6,456.9,low,0,1
TXN_021403,UPI,iOS,Tier 1,4G,0,2785.15,high,0,1
TXN_021404,Netbanking,Android,Tier 2,4G,15,623.18,med,0,1
TXN_021405,Card,Android,Tier 1,Wifi,17,1034.88,med,3,0
TXN_021406,UPI,Android,Tier 2,5G,7,179.98,low,0,1
TXN_021407,Card,iOS,Tier 3,4G,6,273.82,low,0,1
TXN_021408,UPI,Android,Tier 2,Wifi,9,1211.53,med,2,1
TXN_021409,UPI,Android,Tier 1,4G,1,485.47,low,0,1
TXN_021410,UPI,Android,Tier 1,4G,14,200.84,low,0,1
TXN_021411,UPI,Android,Tier 2,5G,13,446.66,low,2,1
TXN_021412,UPI,Desktop,Tier 2,Wifi,1,490.84,low,0,1
TXN_021413,UPI,Desktop,Tier 2,4G,6,920.92,med,2,0
TXN_021414,UPI,Android,Tier 1,4G,22,971.02,med,0,1
TXN_021415,UPI,Android,Tier 2,4G,21,1766.31,med,0,1
TXN_021416,Wallet,iOS,Tier 1,Wifi,11,228.08,low,0,0
TXN_021417,UPI,Desktop,Tier 2,5G,4,305.42,low,0,1
TXN_021418,Netbanking,Android,Tier 2,4G,5,254.42,low,0,0
TXN_021419,UPI,Android,Tier 1,5G,15,400.1,low,0,1
TXN_021420,Card,Android,Tier 3,4G,11,411.59,low,0,1
TXN_021421,UPI,Android,Tier 2,5G,8,173.85,low,0,1
TXN_021422,Wallet,Android,Tier 2,3G,19,7525.21,high,0,0
TXN_021423,UPI,iOS,Tier 2,5G,11,1090.6,med,0,1
TXN_021424,Netbanking,iOS,Tier 3,3G,9,359.82,low,0,1
TXN_021425,UPI,iOS,Tier 2,5G,16,548.11,med,0,1
TXN_021426,UPI,Android,Tier 1,4G,23,850.52,med,0,1
TXN_021427,Card,Android,Tier 1,Wifi,10,732.89,med,2,0
TXN_021428,UPI,Android,Tier 1,4G,17,418.7,low,0,1
TXN_021429,UPI,Android,Tier 1,5G,3,3283.81,high,1,1
TXN_021430,UPI,Desktop,Tier 3,5G,2,959.83,med,0,1
TXN_021431,Card,Android,Tier 2,Wifi,18,857.59,med,0,1
TXN_021432,PayLater,iOS,Tier 3,4G,5,5739.25,high,2,1
TXN_021433,UPI,Android,Tier 1,Wifi,22,14187.02,ultra_high,1,1
TXN_021434,Netbanking,Android,Tier 2,Wifi,7,988.69,med,1,0
TXN_021435,UPI,Android,Tier 3,4G,6,1354.32,med,1,1
TXN_021436,UPI,Android,Tier 1,Wifi,14,130.58,low,1,1
TXN_021437,Wallet,Android,Tier 2,4G,11,1000.97,med,1,1
TXN_021438,Wallet,Android,Tier 3,4G,14,3280.28,high,2,0
TXN_021439,Netbanking,Android,Tier 3,Wifi,8,77.99,low,0,1
TXN_021440,UPI,Desktop,Tier 3,4G,1,139.54,low,0,1
TXN_021441,UPI,iOS,Tier 3,5G,19,13188.35,ultra_high,0,1
TXN_021442,UPI,Desktop,Tier 2,5G,14,318.32,low,0,1
TXN_021443,UPI,iOS,Tier 1,4G,17,1591.68,med,0,1
TXN_021444,UPI,iOS,Tier 2,5G,12,1445.1,med,0,1
TXN_021445,Netbanking,Android,Tier 3,4G,15,1875.76,med,0,1
TXN_021446,Wallet,Android,Tier 2,4G,14,2104.26,high,0,1
TXN_021447,UPI,Android,Tier 1,Wifi,10,2447.55,high,0,1
TXN_021448,UPI,iOS,Tier 2,Wifi,2,857.01,med,0,1
TXN_021449,Netbanking,Android,Tier 2,4G,9,570.1,med,0,1
TXN_021450,UPI,Android,Tier 1,4G,16,248.62,low,0,1
TXN_021451,Card,Desktop,Tier 2,4G,7,321.77,low,0,1
TXN_021452,UPI,Android,Tier 2,Wifi,4,505.09,med,0,1
TXN_021453,UPI,Desktop,Tier 2,4G,20,403.48,low,0,1
TXN_021454,PayLater,iOS,Tier 1,4G,7,1280.24,med,0,1
TXN_021455,UPI,Android,Tier 1,Wifi,14,1127.83,med,0,1
TXN_021456,UPI,Android,Tier 2,4G,10,183.3,low,3,0
TXN_021457,UPI,iOS,Tier 2,4G,8,298.13,low,0,1
TXN_021458,Wallet,Android,Tier 1,4G,1,1294.86,med,0,1
TXN_021459,Netbanking,iOS,Tier 1,Wifi,6,98.76,low,0,1
TXN_021460,UPI,iOS,Tier 1,4G,15,1003.89,med,0,1
TXN_021461,UPI,Android,Tier 2,4G,6,455.02,low,3,1
TXN_021462,Card,Android,Tier 3,Wifi,3,881.87,med,0,1
TXN_021463,UPI,Android,Tier 2,Wifi,4,2441.52,high,0,1
TXN_021464,Card,Android,Tier 3,4G,13,508.08,med,0,0
TXN_021465,UPI,Android,Tier 2,5G,21,791.89,med,1,1
TXN_021466,UPI,iOS,Tier 2,4G,6,238.67,low,0,1
TXN_021467,Card,Android,Tier 1,5G,12,1068.32,med,1,0
TXN_021468,UPI,iOS,Tier 2,4G,17,91.48,low,1,1
TXN_021469,Netbanking,Android,Tier 2,4G,9,567.22,med,1,1
TXN_021470,UPI,Android,Tier 2,5G,1,592.63,med,0,1
TXN_021471,UPI,Android,Tier 2,5G,12,1229.21,med,0,1
TXN_021472,PayLater,iOS,Tier 1,4G,1,3571.53,high,0,1
TXN_021473,UPI,Android,Tier 1,4G,14,257.86,low,0,1
TXN_021474,Card,Android,Tier 3,3G,4,1021.26,med,1,0
TXN_021475,UPI,iOS,Tier 1,4G,21,4324.1,high,1,0
TXN_021476,Card,Android,Tier 1,5G,10,652.31,med,0,1
TXN_021477,Card,Android,Tier 3,4G,5,2261.82,high,0,1
TXN_021478,UPI,Android,Tier 2,5G,18,591.73,med,2,1
TXN_021479,Netbanking,iOS,Tier 1,4G,14,832.64,med,0,1
TXN_021480,Card,Android,Tier 1,4G,3,282.95,low,1,0
TXN_021481,UPI,Android,Tier 1,5G,6,2489.28,high,0,1
TXN_021482,Card,Android,Tier 2,4G,22,1238.23,med,0,1
TXN_021483,Card,Desktop,Tier 2,5G,21,133.24,low,0,1
TXN_021484,UPI,Android,Tier 1,4G,16,1774.12,med,0,1
TXN_021485,UPI,Android,Tier 3,4G,9,1066.16,med,0,1
TXN_021486,UPI,Android,Tier 1,5G,21,935.36,med,0,1
TXN_021487,UPI,Android,Tier 1,4G,16,44.19,low,2,0
TXN_021488,Netbanking,iOS,Tier 3,4G,10,612.54,med,1,1
TXN_021489,UPI,Android,Tier 1,4G,20,93.87,low,3,1
TXN_021490,Wallet,iOS,Tier 3,4G,21,2567.08,high,0,0
TXN_021491,UPI,iOS,Tier 2,4G,15,4564.69,high,0,1
TXN_021492,UPI,Desktop,Tier 1,4G,6,935.8,med,0,1
TXN_021493,Netbanking,Android,Tier 2,4G,7,6550.32,high,0,1
TXN_021494,UPI,Desktop,Tier 2,Wifi,15,353.43,low,1,1
TXN_021495,UPI,Android,Tier 3,4G,15,3458.67,high,0,1
TXN_021496,UPI,Android,Tier 2,Wifi,21,965.49,med,1,1
TXN_021497,UPI,Android,Tier 2,Wifi,22,456.88,low,0,1
TXN_021498,UPI,iOS,Tier 1,4G,3,7543.59,high,0,0
TXN_021499,PayLater,Android,Tier 2,4G,6,4340.7,high,0,0
TXN_021500,UPI,iOS,Tier 1,4G,16,1045.91,med,0,1
TXN_021501,Wallet,Desktop,Tier 1,5G,2,410.95,low,0,1
TXN_021502,Card,iOS,Tier 3,5G,16,576.95,med,0,1
TXN_021503,UPI,iOS,Tier 1,5G,10,209.66,low,0,1
TXN_021504,UPI,Android,Tier 1,5G,7,234.12,low,0,1
TXN_021505,Netbanking,Android,Tier 2,4G,18,344.45,low,2,0
TXN_021506,Wallet,Desktop,Tier 3,Wifi,6,5779.17,high,3,1
TXN_021507,UPI,Android,Tier 1,4G,17,616.3,med,0,1
TXN_021508,UPI,Android,Tier 1,3G,20,967.4,med,1,1
TXN_021509,UPI,Android,Tier 1,4G,14,134.35,low,1,1
TXN_021510,UPI,Android,Tier 1,4G,18,4604.19,high,1,1
TXN_021511,Card,Android,Tier 2,Wifi,2,196.38,low,0,1
TXN_021512,Netbanking,Android,Tier 2,5G,15,9056.17,high,0,1
TXN_021513,UPI,Android,Tier 2,5G,14,2521.94,high,0,1
TXN_021514,Card,Android,Tier 2,4G,4,903.79,med,0,1
TXN_021515,Card,Android,Tier 3,Wifi,13,1415.3,med,0,1
TXN_021516,UPI,Android,Tier 2,Wifi,23,753.26,med,2,1
TXN_021517,UPI,Android,Tier 3,4G,1,526.32,med,1,0
TXN_021518,Card,Android,Tier 2,4G,3,2220.08,high,0,0
TXN_021519,Netbanking,Desktop,Tier 3,5G,19,1632.55,med,0,1
TXN_021520,Card,Android,Tier 2,Wifi,12,472.73,low,0,1
TXN_021521,UPI,iOS,Tier 2,5G,15,18289.85,ultra_high,0,1
TXN_021522,UPI,Desktop,Tier 3,Wifi,11,550.45,med,0,1
TXN_021523,UPI,Android,Tier 1,4G,4,738.78,med,0,1
TXN_021524,Card,Android,Tier 2,Wifi,21,83.43,low,0,1
TXN_021525,Netbanking,Android,Tier 2,4G,20,837.78,med,0,1
TXN_021526,UPI,Android,Tier 2,4G,11,11695.69,ultra_high,2,1
TXN_021527,Netbanking,Android,Tier 2,4G,7,1749.46,med,0,0
TXN_021528,Card,Android,Tier 2,5G,4,2478.24,high,0,1
TXN_021529,Card,Android,Tier 1,4G,2,857.94,med,1,1
TXN_021530,PayLater,Android,Tier 3,Wifi,21,1313.89,med,0,1
TXN_021531,UPI,Desktop,Tier 1,Wifi,12,5180.62,high,0,1
TXN_021532,Wallet,Android,Tier 3,Wifi,3,3878.89,high,0,1
TXN_021533,UPI,Desktop,Tier 1,4G,20,584.74,med,0,1
TXN_021534,UPI,Android,Tier 1,4G,7,942.3,med,0,1
TXN_021535,Netbanking,Android,Tier 1,4G,3,2118.7,high,1,1
TXN_021536,Wallet,Android,Tier 2,5G,6,416.62,low,0,1
TXN_021537,UPI,Desktop,Tier 1,4G,2,1010.69,med,0,1
TXN_021538,Card,Android,Tier 1,5G,3,554.81,med,0,1
TXN_021539,Card,Android,Tier 1,5G,23,896.45,med,3,0
TXN_021540,Netbanking,iOS,Tier 1,5G,7,1516.84,med,1,1
TXN_021541,UPI,Android,Tier 1,4G,12,807.7,med,0,1
TXN_021542,Netbanking,Android,Tier 1,5G,12,2314.67,high,0,1
TXN_021543,UPI,Desktop,Tier 2,4G,8,2593.44,high,1,1
TXN_021544,UPI,iOS,Tier 2,4G,19,1631.79,med,0,1
TXN_021545,UPI,Android,Tier 2,Wifi,19,1460.73,med,0,1
TXN_021546,UPI,Android,Tier 3,4G,4,2120.18,high,0,1
TXN_021547,Wallet,Desktop,Tier 2,3G,13,3238.97,high,0,1
TXN_021548,UPI,Desktop,Tier 3,4G,4,126.12,low,0,1
TXN_021549,PayLater,Android,Tier 1,4G,2,355.1,low,1,1
TXN_021550,UPI,iOS,Tier 2,4G,0,461.8,low,0,1
TXN_021551,Card,Android,Tier 1,3G,9,246.39,low,0,1
TXN_021552,Netbanking,Android,Tier 2,3G,14,543.92,med,3,1
TXN_021553,Card,Android,Tier 2,4G,16,1179.99,med,1,1
TXN_021554,Card,Android,Tier 1,4G,11,704.86,med,0,0
TXN_021555,Card,Android,Tier 3,5G,13,659.28,med,0,1
TXN_021556,Netbanking,Android,Tier 2,Wifi,23,2593.63,high,0,1
TXN_021557,Netbanking,Android,Tier 1,5G,3,1517.49,med,0,1
TXN_021558,UPI,Android,Tier 2,Wifi,10,554.11,med,0,1
TXN_021559,Netbanking,Android,Tier 3,4G,14,468.87,low,0,0
TXN_021560,UPI,Desktop,Tier 1,5G,13,389.8,low,0,1
TXN_021561,UPI,iOS,Tier 1,5G,17,11651.97,ultra_high,0,1
TXN_021562,Netbanking,Android,Tier 3,4G,21,258.77,low,0,1
TXN_021563,UPI,Desktop,Tier 3,5G,8,1459.68,med,4,1
TXN_021564,Netbanking,Android,Tier 1,Wifi,14,77.28,low,0,1
TXN_021565,UPI,Android,Tier 3,Wifi,20,482.5,low,0,1
TXN_021566,UPI,Desktop,Tier 1,4G,2,108.24,low,0,0
TXN_021567,UPI,Android,Tier 3,4G,19,465.23,low,1,1
TXN_021568,UPI,Android,Tier 2,4G,12,1475.31,med,0,1
TXN_021569,Netbanking,Android,Tier 3,4G,1,310.35,low,0,0
TXN_021570,UPI,Android,Tier 3,Wifi,14,212.84,low,0,1
TXN_021571,UPI,Android,Tier 1,4G,13,2521.47,high,3,0
TXN_021572,UPI,Desktop,Tier 1,5G,6,1648.82,med,0,1
TXN_021573,UPI,Android,Tier 2,4G,3,993.85,med,4,1
TXN_021574,Netbanking,Desktop,Tier 1,5G,3,88.49,low,1,0
TXN_021575,UPI,Desktop,Tier 2,4G,23,1425.86,med,0,1
TXN_021576,Card,Android,Tier 3,4G,9,2630.68,high,0,1
TXN_021577,Wallet,Android,Tier 1,4G,20,482.37,low,0,0
TXN_021578,Card,Android,Tier 2,5G,18,113.16,low,0,1
TXN_021579,Netbanking,Android,Tier 1,5G,12,811.7,med,2,1
TXN_021580,UPI,Android,Tier 2,4G,5,2808.28,high,0,1
TXN_021581,UPI,Desktop,Tier 1,4G,7,1351.8,med,1,1
TXN_021582,Wallet,iOS,Tier 1,5G,9,542.28,med,0,1
TXN_021583,Card,Android,Tier 3,Wifi,16,1184.71,med,0,1
TXN_021584,Card,Android,Tier 3,4G,8,3216.72,high,1,1
TXN_021585,Card,Android,Tier 3,4G,13,470.52,low,2,0
TXN_021586,UPI,Android,Tier 2,4G,19,2039.83,high,0,1
TXN_021587,UPI,Desktop,Tier 2,4G,4,653.08,med,3,1
TXN_021588,Netbanking,iOS,Tier 2,4G,2,2143.91,high,0,0
TXN_021589,Card,Android,Tier 1,5G,8,828.02,med,0,1
TXN_021590,UPI,Android,Tier 1,Wifi,11,273.27,low,0,1
TXN_021591,Wallet,Android,Tier 1,4G,21,46.18,low,0,0
TXN_021592,UPI,Android,Tier 1,5G,0,458.52,low,0,1
TXN_021593,UPI,Android,Tier 1,5G,10,952.97,med,0,1
TXN_021594,Wallet,Android,Tier 1,Wifi,4,2220.25,high,0,0
TXN_021595,Netbanking,Android,Tier 2,Wifi,18,168.89,low,0,0
TXN_021596,UPI,Android,Tier 1,Wifi,3,346.13,low,0,1
TXN_021597,UPI,Android,Tier 2,5G,11,191.22,low,0,1
TXN_021598,UPI,Android,Tier 2,Wifi,15,125.08,low,2,0
TXN_021599,Card,Android,Tier 3,4G,15,3210.4,high,0,0
TXN_021600,UPI,Android,Tier 1,4G,20,1049.52,med,0,1
TXN_021601,Netbanking,Android,Tier 2,Wifi,0,7558.73,high,0,0
TXN_021602,Wallet,Android,Tier 2,5G,2,359.27,low,4,1
TXN_021603,Netbanking,iOS,Tier 3,4G,22,2042.77,high,0,1
TXN_021604,UPI,Android,Tier 1,Wifi,21,174.02,low,0,1
TXN_021605,Netbanking,Android,Tier 1,4G,19,3211.02,high,0,0
TXN_021606,UPI,Desktop,Tier 1,4G,14,240.31,low,0,1
TXN_021607,UPI,Android,Tier 1,5G,19,484.12,low,0,1
TXN_021608,UPI,Android,Tier 2,5G,16,762.58,med,0,1
TXN_021609,UPI,Android,Tier 3,5G,21,1780.48,med,0,1
TXN_021610,Wallet,Android,Tier 1,4G,3,2093.68,high,0,1
TXN_021611,UPI,Android,Tier 1,Wifi,2,1872.72,med,0,1
TXN_021612,UPI,Android,Tier 1,Wifi,10,1758.82,med,0,1
TXN_021613,PayLater,Android,Tier 1,4G,0,1836.43,med,2,1
TXN_021614,UPI,Android,Tier 3,4G,4,694.31,med,4,1
TXN_021615,Netbanking,Desktop,Tier 3,4G,3,1885.19,med,0,1
TXN_021616,UPI,Android,Tier 1,Wifi,19,526.67,med,0,1
TXN_021617,UPI,Android,Tier 1,Wifi,7,614.89,med,1,1
TXN_021618,Wallet,Android,Tier 3,5G,10,652.2,med,0,1
TXN_021619,UPI,iOS,Tier 1,Wifi,10,323.54,low,2,0
TXN_021620,Card,iOS,Tier 2,5G,17,1851.16,med,2,1
TXN_021621,UPI,iOS,Tier 3,4G,9,2187.92,high,0,1
TXN_021622,UPI,Android,Tier 2,4G,12,1088.51,med,1,1
TXN_021623,UPI,Android,Tier 1,4G,19,167.63,low,0,1
TXN_021624,UPI,Android,Tier 1,4G,15,3202.92,high,0,1
TXN_021625,UPI,Android,Tier 3,5G,16,528.11,med,0,1
TXN_021626,Netbanking,Android,Tier 1,4G,17,1707.12,med,0,1
TXN_021627,UPI,Desktop,Tier 1,4G,2,1686.16,med,1,1
TXN_021628,UPI,Android,Tier 3,4G,0,4732.23,high,2,0
TXN_021629,UPI,Android,Tier 3,5G,1,1029.24,med,0,1
TXN_021630,Wallet,Android,Tier 2,3G,22,1119.06,med,1,1
TXN_021631,Wallet,Android,Tier 1,Wifi,5,7155.98,high,0,1
TXN_021632,Card,Android,Tier 2,5G,17,442.52,low,1,0
TXN_021633,Wallet,Android,Tier 1,Wifi,16,4303.31,high,1,0
TXN_021634,UPI,Desktop,Tier 1,4G,13,1770.38,med,0,1
TXN_021635,UPI,Android,Tier 3,4G,16,4187.4,high,0,0
TXN_021636,Card,Desktop,Tier 1,4G,20,145.01,low,0,1
TXN_021637,Card,Android,Tier 1,4G,8,345.08,low,3,1
TXN_021638,UPI,Android,Tier 1,5G,21,289.39,low,0,1
TXN_021639,UPI,Android,Tier 2,4G,18,214.44,low,0,1
TXN_021640,PayLater,Android,Tier 2,5G,1,2778.63,high,0,0
TXN_021641,Netbanking,Android,Tier 3,4G,2,866.9,med,0,0
TXN_021642,UPI,Android,Tier 2,4G,15,131.48,low,0,1
TXN_021643,Card,Android,Tier 2,Wifi,15,116.52,low,0,1
TXN_021644,UPI,Desktop,Tier 2,4G,0,823.98,med,1,1
TXN_021645,UPI,Android,Tier 1,4G,18,1147.47,med,0,1
TXN_021646,UPI,iOS,Tier 1,4G,17,126.26,low,0,1
TXN_021647,UPI,Android,Tier 2,4G,23,390.24,low,2,1
TXN_021648,UPI,Android,Tier 1,5G,9,16637.9,ultra_high,0,1
TXN_021649,Netbanking,Android,Tier 1,5G,22,1290.52,med,1,1
TXN_021650,UPI,iOS,Tier 2,4G,16,286.26,low,0,1
TXN_021651,Card,Android,Tier 2,Wifi,0,1549.57,med,1,1
TXN_021652,UPI,Android,Tier 2,5G,4,713.77,med,0,1
TXN_021653,UPI,Android,Tier 2,4G,3,416.01,low,0,1
TXN_021654,Wallet,Android,Tier 2,4G,23,393.39,low,0,1
TXN_021655,Card,iOS,Tier 3,5G,23,302.1,low,0,1
TXN_021656,PayLater,Android,Tier 1,5G,18,1310.64,med,1,0
TXN_021657,PayLater,Android,Tier 2,4G,20,875.27,med,1,1
TXN_021658,UPI,iOS,Tier 1,4G,6,446.04,low,0,1
TXN_021659,UPI,Android,Tier 1,4G,7,2085.63,high,0,1
TXN_021660,Netbanking,Android,Tier 3,4G,18,1283.27,med,1,1
TXN_021661,PayLater,Android,Tier 1,4G,7,265.25,low,0,1
TXN_021662,Card,iOS,Tier 1,3G,8,669.51,med,4,0
TXN_021663,Netbanking,Desktop,Tier 2,5G,18,1297.82,med,2,0
TXN_021664,Netbanking,Android,Tier 1,Wifi,17,1849.78,med,0,1
TXN_021665,UPI,iOS,Tier 2,4G,13,271.29,low,0,1
TXN_021666,Card,Android,Tier 1,4G,17,275.28,low,2,0
TXN_021667,Netbanking,Android,Tier 1,4G,4,400.56,low,1,1
TXN_021668,Card,Android,Tier 3,5G,0,3021.01,high,0,0
TXN_021669,UPI,Android,Tier 2,4G,5,461.73,low,2,0
TXN_021670,UPI,Android,Tier 2,4G,6,213.79,low,0,1
TXN_021671,UPI,iOS,Tier 2,4G,4,2777.04,high,0,1
TXN_021672,UPI,Android,Tier 2,Wifi,7,175.5,low,2,1
TXN_021673,Wallet,Desktop,Tier 2,5G,5,533.14,med,0,1
TXN_021674,UPI,Android,Tier 1,4G,0,148.53,low,0,1
TXN_021675,UPI,Android,Tier 1,5G,11,1277.22,med,1,1
TXN_021676,UPI,Android,Tier 1,5G,4,737.72,med,0,1
TXN_021677,Card,Android,Tier 1,4G,4,1292.82,med,2,1
TXN_021678,UPI,iOS,Tier 1,4G,14,355.16,low,0,1
TXN_021679,UPI,Android,Tier 1,Wifi,16,5734.76,high,0,1
TXN_021680,UPI,Desktop,Tier 3,4G,4,613.27,med,3,1
TXN_021681,UPI,Desktop,Tier 2,Wifi,18,2024.14,high,0,1
TXN_021682,UPI,Android,Tier 1,4G,9,712.19,med,0,1
TXN_021683,UPI,Android,Tier 2,4G,2,530.13,med,2,1
TXN_021684,Wallet,Android,Tier 2,4G,10,1130.26,med,0,1
TXN_021685,UPI,Android,Tier 1,5G,7,10515.97,ultra_high,0,1
TXN_021686,UPI,Android,Tier 2,3G,12,1106.96,med,0,1
TXN_021687,Card,Android,Tier 1,4G,5,429.23,low,0,1
TXN_021688,UPI,Android,Tier 2,4G,2,2717.91,high,0,1
TXN_021689,Card,Android,Tier 1,4G,23,90.24,low,0,1
TXN_021690,UPI,Android,Tier 2,Wifi,18,19169.92,ultra_high,1,1
TXN_021691,Card,Android,Tier 2,5G,6,1631.92,med,0,1
TXN_021692,Netbanking,Android,Tier 2,4G,1,298.91,low,0,0
TXN_021693,Wallet,Desktop,Tier 2,Wifi,21,356.56,low,0,1
TXN_021694,UPI,Android,Tier 2,5G,23,1141.15,med,0,1
TXN_021695,UPI,Android,Tier 1,4G,18,103.66,low,2,0
TXN_021696,UPI,iOS,Tier 2,5G,12,3614.0,high,1,1
TXN_021697,Wallet,iOS,Tier 3,4G,10,2804.49,high,1,0
TXN_021698,Wallet,iOS,Tier 2,Wifi,8,2096.61,high,0,1
TXN_021699,UPI,Android,Tier 3,4G,18,528.14,med,0,1
TXN_021700,UPI,iOS,Tier 1,Wifi,18,29063.39,ultra_high,0,1
TXN_021701,UPI,Android,Tier 1,Wifi,20,309.7,low,0,1
TXN_021702,UPI,Desktop,Tier 2,5G,13,451.66,low,0,1
TXN_021703,UPI,Android,Tier 1,4G,11,181.68,low,0,1
TXN_021704,UPI,Desktop,Tier 1,3G,0,1017.61,med,0,1
TXN_021705,Card,Desktop,Tier 2,5G,0,434.17,low,0,1
TXN_021706,Wallet,Android,Tier 1,Wifi,16,1263.35,med,0,1
TXN_021707,PayLater,Desktop,Tier 1,4G,3,6331.3,high,1,1
TXN_021708,UPI,Android,Tier 3,3G,12,2785.58,high,0,1
TXN_021709,Card,Android,Tier 1,Wifi,22,499.35,low,1,0
TXN_021710,Netbanking,Android,Tier 1,Wifi,10,768.94,med,1,0
TXN_021711,UPI,Desktop,Tier 1,4G,17,467.87,low,0,1
TXN_021712,Card,Android,Tier 3,4G,11,2396.88,high,1,0
TXN_021713,UPI,Android,Tier 2,4G,18,234.49,low,0,1
TXN_021714,UPI,Android,Tier 1,4G,19,6254.74,high,0,1
TXN_021715,UPI,Desktop,Tier 1,4G,0,1361.81,med,0,1
TXN_021716,UPI,iOS,Tier 2,Wifi,17,104.99,low,0,1
TXN_021717,Card,Android,Tier 1,5G,1,658.16,med,0,1
TXN_021718,UPI,Android,Tier 3,4G,10,70.12,low,0,1
TXN_021719,UPI,Android,Tier 2,Wifi,14,877.7,med,1,1
TXN_021720,UPI,Android,Tier 1,5G,14,512.66,med,1,1
TXN_021721,Netbanking,Android,Tier 3,Wifi,5,103.46,low,4,0
TXN_021722,UPI,Android,Tier 1,Wifi,3,4203.39,high,0,1
TXN_021723,Card,iOS,Tier 1,5G,11,8419.08,high,2,1
TXN_021724,Card,Android,Tier 1,4G,22,689.48,med,0,1
TXN_021725,UPI,Android,Tier 2,3G,10,621.91,med,1,1
TXN_021726,UPI,Android,Tier 1,4G,7,876.67,med,0,1
TXN_021727,Card,Android,Tier 1,5G,1,742.26,med,0,1
TXN_021728,UPI,Android,Tier 1,Wifi,15,519.51,med,1,1
TXN_021729,UPI,Android,Tier 3,4G,1,5031.95,high,0,1
TXN_021730,Card,iOS,Tier 1,5G,20,1259.77,med,0,0
TXN_021731,UPI,Android,Tier 1,4G,3,820.96,med,0,1
TXN_021732,UPI,Android,Tier 2,4G,1,1990.65,med,0,1
TXN_021733,UPI,iOS,Tier 2,4G,8,1172.7,med,0,1
TXN_021734,UPI,iOS,Tier 3,Wifi,12,1034.49,med,0,1
TXN_021735,Card,iOS,Tier 1,4G,19,325.38,low,0,1
TXN_021736,Card,Desktop,Tier 3,Wifi,1,1223.15,med,0,1
TXN_021737,Card,iOS,Tier 2,5G,18,2074.44,high,0,0
TXN_021738,Card,Android,Tier 1,5G,7,400.16,low,1,0
TXN_021739,UPI,iOS,Tier 3,Wifi,10,2609.12,high,0,1
TXN_021740,UPI,Android,Tier 2,5G,7,1540.8,med,1,1
TXN_021741,UPI,Android,Tier 2,4G,15,2294.53,high,0,1
TXN_021742,UPI,Android,Tier 3,4G,22,668.82,med,3,1
TXN_021743,PayLater,Android,Tier 2,5G,19,319.87,low,0,1
TXN_021744,Netbanking,Android,Tier 1,5G,16,1419.59,med,0,1
TXN_021745,UPI,Android,Tier 3,4G,14,2050.43,high,0,1
TXN_021746,UPI,Android,Tier 1,5G,6,9085.8,high,1,1
TXN_021747,UPI,iOS,Tier 2,4G,0,202.81,low,0,1
TXN_021748,UPI,Desktop,Tier 1,Wifi,13,1068.76,med,0,1
TXN_021749,UPI,Android,Tier 1,5G,15,1957.99,med,0,1
TXN_021750,UPI,iOS,Tier 2,Wifi,20,2089.48,high,0,1
TXN_021751,Netbanking,Android,Tier 2,5G,2,230.86,low,0,0
TXN_021752,Card,Desktop,Tier 2,Wifi,17,2152.37,high,0,1
TXN_021753,UPI,Android,Tier 3,5G,18,161.16,low,0,1
TXN_021754,UPI,Android,Tier 1,5G,5,183.41,low,0,1
TXN_021755,UPI,Android,Tier 2,4G,22,4714.04,high,4,0
TXN_021756,Netbanking,Android,Tier 2,4G,8,312.67,low,1,1
TXN_021757,Netbanking,Android,Tier 2,Wifi,12,3059.28,high,0,1
TXN_021758,Wallet,Android,Tier 2,4G,11,1179.52,med,1,1
TXN_021759,UPI,Android,Tier 1,4G,14,3249.25,high,0,0
TXN_021760,Card,Android,Tier 2,Wifi,6,520.26,med,0,1
TXN_021761,UPI,Android,Tier 2,5G,11,544.84,med,1,1
TXN_021762,Card,Desktop,Tier 1,4G,16,1660.64,med,0,1
TXN_021763,UPI,Android,Tier 2,4G,12,4284.86,high,0,1
TXN_021764,UPI,Android,Tier 1,5G,22,3503.83,high,0,1
TXN_021765,Card,Android,Tier 3,5G,16,405.97,low,0,1
TXN_021766,UPI,iOS,Tier 2,Wifi,7,10044.03,ultra_high,0,1
TXN_021767,UPI,Android,Tier 1,4G,17,232.85,low,4,1
TXN_021768,UPI,iOS,Tier 1,5G,1,678.14,med,0,1
TXN_021769,UPI,Android,Tier 2,Wifi,16,3400.73,high,1,1
TXN_021770,UPI,Android,Tier 2,Wifi,11,1462.22,med,0,1
TXN_021771,UPI,Android,Tier 3,4G,12,5851.52,high,0,1
TXN_021772,UPI,Android,Tier 1,4G,14,799.49,med,0,1
TXN_021773,UPI,Android,Tier 1,5G,10,2597.03,high,0,1
TXN_021774,PayLater,Android,Tier 3,Wifi,23,253.1,low,1,0
TXN_021775,UPI,Android,Tier 1,Wifi,8,297.2,low,0,1
TXN_021776,UPI,Android,Tier 2,5G,7,480.44,low,0,1
TXN_021777,UPI,Android,Tier 1,3G,19,233.3,low,2,1
TXN_021778,Netbanking,Android,Tier 2,4G,14,246.13,low,0,1
TXN_021779,Card,Android,Tier 1,Wifi,23,711.0,med,0,0
TXN_021780,UPI,Android,Tier 2,Wifi,16,1048.11,med,1,1
TXN_021781,Card,Android,Tier 2,Wifi,13,975.85,med,1,0
TXN_021782,Card,iOS,Tier 3,3G,4,2170.04,high,0,0
TXN_021783,Card,iOS,Tier 1,4G,15,747.77,med,1,1
TXN_021784,Card,Android,Tier 1,4G,7,163.39,low,0,1
TXN_021785,Wallet,Desktop,Tier 1,4G,16,558.34,med,0,1
TXN_021786,Wallet,Android,Tier 3,Wifi,21,1959.5,med,1,1
TXN_021787,Card,Android,Tier 2,Wifi,10,1160.0,med,0,1
TXN_021788,UPI,Android,Tier 2,4G,21,182.0,low,0,1
TXN_021789,Card,Android,Tier 1,4G,17,236.97,low,0,1
TXN_021790,Netbanking,Android,Tier 2,5G,1,524.83,med,0,1
TXN_021791,UPI,Android,Tier 1,4G,0,2141.85,high,4,1
TXN_021792,PayLater,Android,Tier 1,4G,21,571.1,med,0,1
TXN_021793,UPI,Android,Tier 2,Wifi,8,1691.26,med,2,0
TXN_021794,UPI,Android,Tier 1,4G,7,2714.48,high,0,1
TXN_021795,Wallet,iOS,Tier 2,5G,20,1767.61,med,2,1
TXN_021796,UPI,Android,Tier 3,4G,23,1466.17,med,0,1
TXN_021797,UPI,Android,Tier 3,Wifi,1,97.9,low,1,1
TXN_021798,UPI,iOS,Tier 2,5G,11,255.44,low,1,1
TXN_021799,UPI,Android,Tier 1,4G,5,1357.71,med,2,1
TXN_021800,UPI,Android,Tier 2,5G,1,333.45,low,0,1
TXN_021801,UPI,Android,Tier 1,4G,23,778.76,med,0,1
TXN_021802,UPI,Android,Tier 1,3G,11,4068.79,high,0,0
TXN_021803,PayLater,Android,Tier 2,Wifi,17,247.16,low,0,0
TXN_021804,PayLater,Android,Tier 3,Wifi,4,1226.49,med,0,1
TXN_021805,UPI,iOS,Tier 1,4G,12,4386.3,high,1,1
TXN_021806,Card,Android,Tier 1,4G,22,89.03,low,0,1
TXN_021807,UPI,Android,Tier 2,5G,22,352.03,low,0,1
TXN_021808,UPI,Android,Tier 1,4G,3,334.23,low,0,1
TXN_021809,UPI,Android,Tier 2,Wifi,7,1490.0,med,2,0
TXN_021810,PayLater,Android,Tier 1,4G,22,630.03,med,1,1
TXN_021811,Wallet,Android,Tier 1,4G,9,1736.41,med,0,1
TXN_021812,UPI,Android,Tier 2,4G,20,228.04,low,1,0
TXN_021813,UPI,iOS,Tier 3,3G,13,514.59,med,0,1
TXN_021814,UPI,Android,Tier 2,Wifi,19,497.95,low,0,0
TXN_021815,UPI,Desktop,Tier 3,4G,1,868.23,med,0,1
TXN_021816,Card,Android,Tier 1,4G,1,1100.61,med,0,1
TXN_021817,UPI,Android,Tier 3,4G,3,401.27,low,1,1
TXN_021818,Netbanking,Android,Tier 1,4G,23,973.61,med,0,1
TXN_021819,UPI,iOS,Tier 3,Wifi,10,1083.47,med,1,1
TXN_021820,Wallet,Android,Tier 2,5G,21,69.61,low,2,1
TXN_021821,Card,iOS,Tier 1,Wifi,8,1167.1,med,0,0
TXN_021822,UPI,iOS,Tier 1,Wifi,17,984.86,med,0,1
TXN_021823,Netbanking,iOS,Tier 2,5G,22,13514.37,ultra_high,0,1
TXN_021824,Netbanking,Android,Tier 1,5G,16,1143.65,med,1,0
TXN_021825,UPI,iOS,Tier 3,Wifi,1,718.75,med,0,1
TXN_021826,UPI,iOS,Tier 1,5G,23,4487.8,high,4,0
TXN_021827,Wallet,Android,Tier 1,4G,6,448.49,low,0,1
TXN_021828,UPI,iOS,Tier 1,5G,11,330.01,low,1,1
TXN_021829,UPI,Desktop,Tier 1,5G,15,600.76,med,1,1
TXN_021830,UPI,Android,Tier 2,3G,9,1708.17,med,0,1
TXN_021831,Netbanking,Android,Tier 2,5G,10,9653.28,high,0,1
TXN_021832,Netbanking,Android,Tier 3,4G,8,1250.91,med,3,1
TXN_021833,Wallet,Android,Tier 1,4G,3,631.77,med,3,0
TXN_021834,UPI,Android,Tier 3,Wifi,15,478.71,low,2,0
TXN_021835,UPI,Android,Tier 1,3G,18,102.14,low,0,1
TXN_021836,Card,Android,Tier 3,5G,19,124.34,low,0,1
TXN_021837,Netbanking,Android,Tier 1,4G,4,875.16,med,0,0
TXN_021838,UPI,iOS,Tier 2,4G,11,359.27,low,0,1
TXN_021839,UPI,Android,Tier 2,4G,9,901.76,med,0,1
TXN_021840,UPI,Desktop,Tier 1,3G,13,439.48,low,1,1
TXN_021841,Card,Android,Tier 1,Wifi,19,331.31,low,0,0
TXN_021842,Wallet,iOS,Tier 2,Wifi,19,189.46,low,2,1
TXN_021843,Card,iOS,Tier 1,5G,11,375.59,low,1,0
TXN_021844,PayLater,Android,Tier 2,Wifi,22,11014.76,ultra_high,0,0
TXN_021845,UPI,Android,Tier 2,4G,3,566.47,med,4,1
TXN_021846,Wallet,Android,Tier 2,4G,19,627.7,med,0,1
TXN_021847,Netbanking,iOS,Tier 3,Wifi,8,796.53,med,0,1
TXN_021848,UPI,iOS,Tier 1,4G,13,2574.22,high,0,1
TXN_021849,PayLater,Android,Tier 1,5G,4,1301.04,med,0,0
TXN_021850,UPI,Android,Tier 1,5G,8,721.31,med,0,1
TXN_021851,Wallet,Android,Tier 2,4G,1,691.57,med,1,1
TXN_021852,Wallet,Android,Tier 3,4G,11,559.91,med,2,1
TXN_021853,Netbanking,Desktop,Tier 3,4G,11,100.37,low,3,1
TXN_021854,Card,Android,Tier 3,5G,12,440.95,low,1,1
TXN_021855,UPI,Desktop,Tier 3,4G,20,7444.98,high,0,1
TXN_021856,UPI,iOS,Tier 3,4G,10,4978.25,high,0,1
TXN_021857,UPI,Desktop,Tier 1,5G,22,254.75,low,0,1
TXN_021858,Netbanking,Android,Tier 3,4G,7,276.38,low,0,0
TXN_021859,Netbanking,Android,Tier 2,4G,20,8483.85,high,4,0
TXN_021860,Wallet,Android,Tier 1,4G,11,228.71,low,0,1
TXN_021861,UPI,iOS,Tier 1,4G,8,143.04,low,0,0
TXN_021862,Netbanking,Android,Tier 1,5G,11,340.88,low,0,1
TXN_021863,Wallet,Android,Tier 2,3G,10,717.08,med,0,1
TXN_021864,Netbanking,iOS,Tier 2,4G,18,1670.28,med,0,1
TXN_021865,UPI,Android,Tier 1,Wifi,7,254.03,low,0,1
TXN_021866,UPI,Android,Tier 2,4G,6,2339.95,high,3,0
TXN_021867,UPI,Android,Tier 1,5G,20,402.98,low,0,1
TXN_021868,Card,Android,Tier 3,Wifi,13,694.78,med,0,1
TXN_021869,Card,Android,Tier 3,5G,23,5270.25,high,0,1
TXN_021870,PayLater,Android,Tier 3,4G,23,7878.18,high,0,0
TXN_021871,UPI,iOS,Tier 1,4G,21,2005.33,high,0,1
TXN_021872,UPI,iOS,Tier 3,Wifi,1,1268.13,med,0,1
TXN_021873,Card,Android,Tier 1,4G,19,130.18,low,0,1
TXN_021874,Netbanking,iOS,Tier 2,5G,11,5985.76,high,0,1
TXN_021875,Wallet,Android,Tier 2,4G,0,997.04,med,1,1
TXN_021876,Netbanking,Android,Tier 2,4G,20,1046.99,med,0,1
TXN_021877,UPI,iOS,Tier 3,Wifi,9,814.67,med,0,1
TXN_021878,Card,Android,Tier 2,5G,0,770.9,med,0,1
TXN_021879,Netbanking,Android,Tier 3,5G,21,48.41,low,0,1
TXN_021880,UPI,Android,Tier 1,4G,9,353.8,low,0,1
TXN_021881,UPI,Android,Tier 1,4G,7,602.1,med,0,1
TXN_021882,UPI,Android,Tier 2,5G,12,337.37,low,0,1
TXN_021883,UPI,iOS,Tier 1,Wifi,13,612.55,med,0,1
TXN_021884,Card,Android,Tier 3,5G,9,239.72,low,0,1
TXN_021885,UPI,iOS,Tier 2,3G,0,735.57,med,1,1
TXN_021886,UPI,Android,Tier 2,4G,5,639.7,med,0,1
TXN_021887,UPI,Android,Tier 2,3G,11,974.43,med,0,1
TXN_021888,Card,Android,Tier 2,5G,19,8164.96,high,3,1
TXN_021889,UPI,Android,Tier 1,Wifi,14,1835.85,med,0,1
TXN_021890,Card,iOS,Tier 2,4G,12,546.43,med,0,1
TXN_021891,UPI,Android,Tier 2,5G,14,5039.47,high,1,1
TXN_021892,UPI,Android,Tier 3,Wifi,15,350.24,low,0,1
TXN_021893,UPI,Android,Tier 1,5G,23,1831.25,med,1,1
TXN_021894,UPI,Android,Tier 2,4G,11,2492.05,high,0,0
TXN_021895,UPI,Android,Tier 1,4G,19,90.46,low,0,1
TXN_021896,UPI,Android,Tier 1,5G,10,888.3,med,0,1
TXN_021897,Wallet,Android,Tier 2,Wifi,11,543.04,med,1,1
TXN_021898,Card,Android,Tier 1,4G,1,1794.89,med,0,1
TXN_021899,UPI,Desktop,Tier 2,4G,21,692.77,med,0,1
TXN_021900,UPI,Android,Tier 2,Wifi,2,487.61,low,0,1
TXN_021901,PayLater,Desktop,Tier 1,5G,16,172.6,low,2,0
TXN_021902,Card,Android,Tier 2,4G,13,2453.01,high,1,1
TXN_021903,UPI,Android,Tier 1,4G,6,445.96,low,0,1
TXN_021904,Card,Android,Tier 3,5G,19,219.9,low,1,1
TXN_021905,Netbanking,Android,Tier 1,4G,13,518.52,med,0,1
TXN_021906,Netbanking,Android,Tier 1,4G,8,935.36,med,1,1
TXN_021907,UPI,Android,Tier 2,5G,9,595.93,med,0,1
TXN_021908,UPI,Android,Tier 3,4G,10,152.27,low,2,0
TXN_021909,UPI,iOS,Tier 3,4G,10,870.99,med,0,1
TXN_021910,Wallet,Desktop,Tier 1,4G,18,169.2,low,0,1
TXN_021911,Card,iOS,Tier 1,5G,12,305.42,low,0,1
TXN_021912,UPI,Android,Tier 2,4G,9,311.04,low,0,1
TXN_021913,Wallet,Android,Tier 3,4G,15,4894.37,high,0,1
TXN_021914,Wallet,Android,Tier 1,4G,9,1255.18,med,0,1
TXN_021915,PayLater,Android,Tier 2,4G,9,879.42,med,0,1
TXN_021916,Wallet,Android,Tier 1,5G,11,1283.5,med,0,1
TXN_021917,PayLater,Android,Tier 1,Wifi,0,2194.15,high,0,1
TXN_021918,UPI,Android,Tier 2,5G,17,65.13,low,0,1
TXN_021919,Netbanking,Android,Tier 1,4G,19,659.72,med,0,0
TXN_021920,Netbanking,iOS,Tier 1,4G,10,488.09,low,0,1
TXN_021921,UPI,Android,Tier 1,4G,6,394.01,low,0,1
TXN_021922,UPI,Android,Tier 2,4G,13,314.52,low,2,1
TXN_021923,PayLater,iOS,Tier 1,4G,7,60.91,low,0,1
TXN_021924,UPI,Android,Tier 2,4G,3,464.04,low,0,1
TXN_021925,Wallet,Android,Tier 3,Wifi,2,953.73,med,0,1
TXN_021926,UPI,Android,Tier 1,Wifi,9,841.98,med,1,1
TXN_021927,UPI,Android,Tier 2,5G,8,362.03,low,0,0
TXN_021928,UPI,Android,Tier 3,4G,14,1120.31,med,1,1
TXN_021929,UPI,iOS,Tier 1,Wifi,7,1315.41,med,0,1
TXN_021930,Card,Android,Tier 1,4G,12,513.89,med,0,1
TXN_021931,Card,Android,Tier 1,4G,21,944.75,med,0,0
TXN_021932,UPI,Android,Tier 2,4G,23,1121.63,med,0,1
TXN_021933,UPI,iOS,Tier 2,4G,6,428.75,low,0,0
TXN_021934,UPI,Android,Tier 1,4G,12,1321.66,med,0,1
TXN_021935,UPI,Android,Tier 3,4G,5,186.68,low,1,0
TXN_021936,Netbanking,Android,Tier 2,4G,9,182.61,low,0,1
TXN_021937,UPI,Android,Tier 1,Wifi,18,710.18,med,0,1
TXN_021938,UPI,Android,Tier 2,4G,10,2986.68,high,0,1
TXN_021939,UPI,Android,Tier 1,4G,15,806.58,med,0,1
TXN_021940,UPI,iOS,Tier 2,4G,21,668.64,med,0,1
TXN_021941,UPI,Desktop,Tier 1,4G,19,143.09,low,0,1
TXN_021942,UPI,Android,Tier 2,5G,20,2687.46,high,0,1
TXN_021943,Netbanking,Android,Tier 1,4G,22,2187.61,high,2,1
TXN_021944,Wallet,Android,Tier 2,5G,13,150.59,low,0,1
TXN_021945,Netbanking,iOS,Tier 1,5G,22,3179.04,high,0,0
TXN_021946,UPI,Android,Tier 2,Wifi,8,369.34,low,0,1
TXN_021947,UPI,iOS,Tier 1,4G,15,937.51,med,0,1
TXN_021948,UPI,Android,Tier 1,4G,8,6097.37,high,4,1
TXN_021949,Card,Desktop,Tier 1,3G,5,183.03,low,2,0
TXN_021950,PayLater,iOS,Tier 1,5G,5,840.94,med,0,1
TXN_021951,UPI,iOS,Tier 2,3G,17,325.03,low,1,1
TXN_021952,UPI,Android,Tier 3,Wifi,23,100.61,low,0,1
TXN_021953,Card,Android,Tier 2,5G,18,431.05,low,0,1
TXN_021954,Netbanking,Android,Tier 3,4G,16,172.65,low,0,1
TXN_021955,Netbanking,Android,Tier 1,5G,3,849.94,med,1,1
TXN_021956,Card,Android,Tier 1,5G,20,3749.4,high,0,1
TXN_021957,PayLater,Android,Tier 2,5G,18,781.23,med,3,1
TXN_021958,UPI,Android,Tier 3,5G,22,191.27,low,0,1
TXN_021959,Wallet,Android,Tier 2,5G,20,198.23,low,0,0
TXN_021960,PayLater,Android,Tier 1,5G,10,1608.18,med,0,1
TXN_021961,Netbanking,Android,Tier 1,4G,20,3662.67,high,1,0
TXN_021962,UPI,Android,Tier 1,4G,21,1627.59,med,0,1
TXN_021963,UPI,Android,Tier 1,Wifi,10,43.82,low,1,1
TXN_021964,UPI,iOS,Tier 2,Wifi,10,227.95,low,1,1
TXN_021965,UPI,Android,Tier 1,5G,21,1316.34,med,0,1
TXN_021966,Wallet,Android,Tier 3,4G,18,15110.54,ultra_high,1,0
TXN_021967,UPI,Android,Tier 3,4G,7,55.26,low,0,1
TXN_021968,UPI,Android,Tier 3,4G,22,2386.28,high,1,1
TXN_021969,Netbanking,Android,Tier 3,4G,15,349.07,low,0,1
TXN_021970,UPI,Desktop,Tier 1,4G,20,530.74,med,0,1
TXN_021971,UPI,Android,Tier 3,4G,22,738.53,med,0,1
TXN_021972,UPI,Android,Tier 1,4G,7,2710.7,high,0,1
TXN_021973,Card,Android,Tier 3,5G,8,1237.42,med,3,1
TXN_021974,UPI,Android,Tier 1,Wifi,23,475.56,low,2,1
TXN_021975,Netbanking,iOS,Tier 2,4G,11,483.72,low,4,1
TXN_021976,UPI,Android,Tier 1,4G,11,954.2,med,0,1
TXN_021977,Wallet,Desktop,Tier 1,3G,1,891.68,med,1,1
TXN_021978,UPI,Android,Tier 3,Wifi,5,280.6,low,0,1
TXN_021979,UPI,iOS,Tier 3,4G,3,2574.59,high,2,0
TXN_021980,UPI,Android,Tier 2,4G,12,7343.7,high,4,0
TXN_021981,UPI,Android,Tier 2,4G,3,1531.33,med,1,1
TXN_021982,UPI,iOS,Tier 2,4G,8,1141.62,med,0,1
TXN_021983,UPI,Android,Tier 1,4G,6,3792.63,high,4,1
TXN_021984,UPI,Android,Tier 2,4G,5,1290.16,med,4,1
TXN_021985,Card,Android,Tier 2,5G,17,425.69,low,0,1
TXN_021986,UPI,Android,Tier 2,4G,14,9269.83,high,0,1
TXN_021987,UPI,Android,Tier 3,5G,15,909.38,med,0,1
TXN_021988,Netbanking,Android,Tier 2,4G,0,1068.72,med,0,1
TXN_021989,Wallet,Android,Tier 2,5G,9,2531.05,high,0,0
TXN_021990,UPI,Android,Tier 3,5G,3,1758.53,med,1,1
TXN_021991,UPI,Android,Tier 3,5G,3,312.36,low,0,1
TXN_021992,PayLater,Android,Tier 3,4G,17,1617.71,med,0,1
TXN_021993,UPI,Desktop,Tier 2,4G,12,1205.07,med,0,0
TXN_021994,PayLater,Android,Tier 1,4G,23,1853.6,med,0,1
TXN_021995,UPI,Desktop,Tier 1,5G,21,1589.72,med,0,1
TXN_021996,Wallet,Android,Tier 1,4G,0,485.6,low,0,1
TXN_021997,UPI,Android,Tier 2,5G,19,2438.26,high,2,1
TXN_021998,Wallet,Android,Tier 1,4G,9,471.46,low,0,1
TXN_021999,UPI,Android,Tier 2,4G,20,925.49,med,0,1
